id,email,created_at,updated_at,user_id,platform,locale,timezone,last_seen_at,total_sessions,completed_sessions,avg_duration,avg_satisfaction,first_session,last_session,user_type,completion_rate
1,user1@example.com,2025-05-11 15:46:46,2025-05-11T15:46:46,1,android,ja,America/Vancouver,2025-05-30 09:49:16,1.0,1.0,24.066666666666666,,2024-06-13 15:32:52,2024-06-13 15:32:52,new,100.0
2,user2@example.com,2024-03-27 11:21:41,2024-03-27T11:21:41,2,ios,zh,Asia/Tokyo,2024-05-08 13:47:55,2.0,1.0,14.766666666666666,4.4,2024-11-05 18:36:17,2024-11-27 18:22:53,new,50.0
3,user3@example.com,2024-01-20 10:14:03,2024-01-20T10:14:03,3,android,zh,Asia/Tokyo,2024-02-29 12:20:50,3.0,3.0,15.583333333333334,5.0,2024-01-11 16:30:12,2024-10-25 22:39:15,returning,100.0
4,user4@example.com,2024-08-01 14:55:05,2024-08-01T14:55:05,4,android,ko,Asia/Seoul,2025-01-18 18:27:21,5.0,5.0,16.516666666666666,4.550000000000001,2024-06-12 06:46:01,2025-05-24 16:16:46,returning,100.0
5,user5@example.com,2024-07-09 05:06:54,2024-07-09T05:06:54,5,ios,en,America/Toronto,2025-04-10 20:46:13,7.0,5.0,16.31904761904762,3.65,2024-01-21 09:16:34,2025-05-17 17:30:06,returning,71.4
6,user6@example.com,2024-06-22 08:56:59,2024-06-22T08:56:59,6,android,en,Asia/Tokyo,2024-07-28 13:43:20,2.0,2.0,12.691666666666666,3.6,2024-02-07 06:50:52,2025-03-03 10:06:56,new,100.0
7,user7@example.com,2024-04-18 09:10:31,2024-04-18T09:10:31,7,ios,zh,America/Vancouver,2024-08-15 23:24:18,2.0,1.0,12.658333333333333,2.6,2024-11-17 23:06:04,2025-01-03 14:54:42,new,50.0
8,user8@example.com,2024-03-20 14:38:54,2024-03-20T14:38:54,8,android,ja,Asia/Tokyo,2025-03-30 09:05:32,2.0,1.0,19.4,4.55,2024-03-27 04:11:35,2024-12-26 14:34:05,new,50.0
9,user9@example.com,2025-02-27 14:22:08,2025-02-27T14:22:08,9,ios,zh,America/Toronto,2025-04-05 20:11:20,1.0,0.0,12.55,,2024-09-27 06:03:00,2024-09-27 06:03:00,new,0.0
10,user10@example.com,2024-03-08 12:39:26,2024-03-08T12:39:26,10,ios,en,Asia/Seoul,2025-01-24 19:44:40,3.0,2.0,17.48888888888889,3.4000000000000004,2024-03-24 17:40:14,2024-05-15 20:31:11,returning,66.7
11,user11@example.com,2025-04-03 15:34:41,2025-04-03T15:34:41,11,android,en,Asia/Seoul,2025-05-02 15:15:48,6.0,4.0,16.936111111111114,4.2,2024-03-19 23:00:56,2025-05-29 22:31:35,returning,66.7
12,user12@example.com,2024-11-23 17:11:34,2024-11-23T17:11:34,12,ios,zh,Asia/Tokyo,2025-01-29 17:35:12,3.0,3.0,18.53333333333333,4.4,2024-03-02 04:25:33,2024-12-18 09:40:20,returning,100.0
13,user13@example.com,2024-01-25 16:28:19,2024-01-25T16:28:19,13,android,zh,Asia/Seoul,2024-06-20 05:12:25,3.0,3.0,19.572222222222223,3.2,2024-04-18 19:53:03,2025-03-13 13:52:45,returning,100.0
14,user14@example.com,2024-01-24 03:27:37,2024-01-24T03:27:37,14,android,ko,Asia/Tokyo,2024-02-27 01:06:17,,,,,,,,
15,user15@example.com,2024-03-13 18:36:21,2024-03-13T18:36:21,15,android,zh,Asia/Tokyo,2024-07-09 22:03:16,4.0,4.0,17.45,4.05,2024-05-21 16:02:00,2024-07-23 00:56:10,returning,100.0
16,user16@example.com,2024-06-18 19:42:26,2024-06-18T19:42:26,16,ios,ko,Asia/Seoul,2025-05-22 13:54:06,2.0,2.0,15.316666666666666,3.9,2024-03-22 11:29:41,2025-01-04 11:29:33,new,100.0
17,user17@example.com,2024-06-29 17:06:48,2024-06-29T17:06:48,17,android,en,Asia/Tokyo,2024-07-05 16:09:47,3.0,3.0,18.42222222222222,,2024-02-25 09:48:08,2024-12-20 04:24:33,returning,100.0
18,user18@example.com,2025-01-27 12:30:19,2025-01-27T12:30:19,18,android,ko,America/Vancouver,2025-04-28 16:29:24,4.0,4.0,15.583333333333334,3.5999999999999996,2024-01-29 10:30:13,2024-09-11 21:52:04,returning,100.0
19,user19@example.com,2025-04-12 14:26:33,2025-04-12T14:26:33,19,android,zh,America/Vancouver,2025-05-14 12:03:20,2.0,2.0,14.541666666666668,3.9,2024-08-14 13:30:38,2024-10-19 07:25:19,new,100.0
20,user20@example.com,2024-01-21 14:39:58,2024-01-21T14:39:58,20,android,ja,Asia/Tokyo,2025-03-16 19:56:08,4.0,3.0,17.175,4.65,2024-06-01 12:14:52,2024-12-22 03:36:23,returning,75.0
21,user21@example.com,2025-03-11 22:21:58,2025-03-11T22:21:58,21,ios,ko,Asia/Seoul,2025-04-03 00:26:51,4.0,3.0,14.670833333333333,4.2,2024-05-13 22:25:52,2025-04-04 11:34:24,returning,75.0
22,user22@example.com,2024-06-03 10:36:08,2024-06-03T10:36:08,22,android,en,America/Vancouver,2024-11-22 17:59:09,5.0,3.0,15.14,4.2,2024-02-05 02:40:00,2025-05-23 00:38:32,returning,60.0
23,user23@example.com,2025-05-19 18:43:26,2025-05-19T18:43:26,23,android,en,America/Vancouver,2025-05-27 15:41:08,2.0,1.0,19.558333333333334,3.8,2024-08-03 16:08:11,2025-01-11 17:55:42,new,50.0
24,user24@example.com,2025-02-27 06:26:43,2025-02-27T06:26:43,24,android,ja,Asia/Seoul,2025-04-10 02:01:05,1.0,1.0,17.3,,2024-11-24 08:33:15,2024-11-24 08:33:15,new,100.0
25,user25@example.com,2024-11-21 20:24:58,2024-11-21T20:24:58,25,ios,zh,America/Toronto,2024-12-24 20:35:50,4.0,2.0,16.970833333333335,3.7,2024-01-05 01:36:41,2025-05-27 12:43:06,returning,50.0
26,user26@example.com,2024-06-20 05:18:39,2024-06-20T05:18:39,26,ios,zh,America/Toronto,2024-12-30 11:54:20,2.0,1.0,15.625,4.2,2024-07-09 21:35:56,2025-05-21 09:45:17,new,50.0
27,user27@example.com,2024-12-14 21:51:48,2024-12-14T21:51:48,27,ios,zh,Asia/Seoul,2025-03-14 03:37:01,2.0,1.0,12.675,3.55,2024-03-30 10:41:32,2024-11-06 01:13:15,new,50.0
28,user28@example.com,2025-04-02 16:42:30,2025-04-02T16:42:30,28,ios,zh,Asia/Seoul,2025-05-25 18:22:27,2.0,2.0,19.775,2.8,2024-04-05 14:56:18,2024-09-20 23:16:51,new,100.0
29,user29@example.com,2024-08-04 01:51:02,2024-08-04T01:51:02,29,ios,zh,Asia/Seoul,2025-03-20 06:24:56,5.0,4.0,17.21666666666667,3.8499999999999996,2024-08-06 04:55:33,2025-04-14 20:40:31,returning,80.0
30,user30@example.com,2024-01-06 01:08:44,2024-01-06T01:08:44,30,android,ja,Asia/Tokyo,2024-08-27 17:06:06,2.0,1.0,22.083333333333336,,2024-02-06 02:48:45,2024-09-30 08:57:02,new,50.0
31,user31@example.com,2024-05-04 00:15:55,2024-05-04T00:15:55,31,android,zh,America/Vancouver,2024-11-04 06:06:00,2.0,2.0,12.058333333333334,,2024-05-19 02:35:08,2024-10-03 17:18:51,new,100.0
32,user32@example.com,2024-11-24 06:06:12,2024-11-24T06:06:12,32,android,ja,Asia/Seoul,2024-11-28 12:20:57,1.0,1.0,19.233333333333334,,2024-04-17 08:59:32,2024-04-17 08:59:32,new,100.0
33,user33@example.com,2024-09-21 06:43:45,2024-09-21T06:43:45,33,android,en,America/Vancouver,2025-05-14 18:50:50,3.0,3.0,14.255555555555555,3.7,2024-06-23 01:26:43,2025-04-17 19:43:22,returning,100.0
34,user34@example.com,2024-08-03 19:53:50,2024-08-03T19:53:50,34,android,ko,Asia/Seoul,2024-10-27 21:10:02,2.0,1.0,11.733333333333333,4.8,2024-02-03 14:49:32,2024-12-20 09:51:08,new,50.0
35,user35@example.com,2024-04-30 18:20:52,2024-04-30T18:20:52,35,android,ko,America/Vancouver,2024-05-31 09:14:16,2.0,2.0,13.616666666666667,3.7,2024-03-24 05:14:12,2025-01-20 22:31:36,new,100.0
36,user36@example.com,2024-06-16 05:44:21,2024-06-16T05:44:21,36,android,en,Asia/Seoul,2025-03-27 15:49:37,2.0,1.0,14.891666666666666,3.9,2024-01-15 13:48:03,2024-08-05 02:13:45,new,50.0
37,user37@example.com,2024-09-18 10:34:37,2024-09-18T10:34:37,37,ios,ja,Asia/Seoul,2025-02-26 19:20:47,1.0,1.0,5.95,,2025-01-19 09:48:20,2025-01-19 09:48:20,new,100.0
38,user38@example.com,2024-03-20 09:20:15,2024-03-20T09:20:15,38,ios,ko,Asia/Seoul,2025-05-06 17:08:34,3.0,3.0,16.17222222222222,4.699999999999999,2024-06-11 12:13:16,2024-10-22 09:00:00,returning,100.0
39,user39@example.com,2024-03-13 00:54:28,2024-03-13T00:54:28,39,android,ko,Asia/Seoul,2025-03-22 07:12:08,3.0,2.0,17.333333333333332,3.9,2024-01-23 21:09:50,2024-10-11 18:09:20,returning,66.7
40,user40@example.com,2024-10-22 02:21:29,2024-10-22T02:21:29,40,android,en,Asia/Tokyo,2024-11-20 08:11:56,5.0,3.0,15.566666666666666,4.075,2024-02-15 08:58:54,2025-04-22 14:08:12,returning,60.0
41,user41@example.com,2024-03-16 02:55:26,2024-03-16T02:55:26,41,ios,zh,Asia/Seoul,2024-05-25 06:17:29,2.0,1.0,18.674999999999997,3.1,2024-07-29 03:35:45,2024-10-30 14:14:09,new,50.0
42,user42@example.com,2024-10-05 19:51:38,2024-10-05T19:51:38,42,ios,ja,America/Vancouver,2025-03-31 10:46:24,3.0,2.0,17.67222222222222,2.9,2024-05-02 12:44:29,2024-11-26 15:34:45,returning,66.7
43,user43@example.com,2024-09-24 03:47:57,2024-09-24T03:47:57,43,android,zh,Asia/Seoul,2024-11-05 05:39:28,1.0,1.0,19.2,,2024-12-12 19:11:44,2024-12-12 19:11:44,new,100.0
44,user44@example.com,2025-04-13 22:16:08,2025-04-13T22:16:08,44,android,en,Asia/Seoul,2025-05-28 08:37:09,6.0,5.0,17.72222222222222,4.324999999999999,2024-01-25 10:11:09,2025-05-11 10:53:59,returning,83.3
45,user45@example.com,2024-07-24 11:01:34,2024-07-24T11:01:34,45,ios,zh,Asia/Seoul,2025-04-02 14:22:34,1.0,0.0,15.783333333333333,3.7,2024-07-13 19:17:28,2024-07-13 19:17:28,new,0.0
46,user46@example.com,2024-02-03 17:58:29,2024-02-03T17:58:29,46,ios,ko,America/Vancouver,2024-03-03 15:39:32,3.0,2.0,13.15,4.8,2024-02-18 18:38:53,2024-12-24 18:30:50,returning,66.7
47,user47@example.com,2024-12-22 20:18:01,2024-12-22T20:18:01,47,android,en,America/Vancouver,2025-02-06 10:32:51,3.0,3.0,20.26111111111111,4.3,2024-01-12 03:47:12,2025-05-16 16:45:24,returning,100.0
48,user48@example.com,2025-02-20 12:00:58,2025-02-20T12:00:58,48,ios,zh,Asia/Tokyo,2025-05-03 13:03:18,1.0,0.0,16.45,4.3,2024-03-01 09:26:44,2024-03-01 09:26:44,new,0.0
49,user49@example.com,2024-04-06 22:55:41,2024-04-06T22:55:41,49,android,ko,Asia/Tokyo,2024-06-22 20:49:30,3.0,2.0,11.444444444444445,3.9,2024-03-14 09:54:37,2025-02-21 16:38:29,returning,66.7
50,user50@example.com,2024-10-21 00:23:32,2024-10-21T00:23:32,50,android,ja,America/Vancouver,2025-03-13 21:58:54,2.0,1.0,17.183333333333334,3.9,2024-04-27 21:31:19,2025-01-15 07:12:16,new,50.0
51,user51@example.com,2024-03-02 04:56:31,2024-03-02T04:56:31,51,android,zh,America/Toronto,2024-12-08 21:53:59,1.0,1.0,14.366666666666667,,2025-01-05 03:27:29,2025-01-05 03:27:29,new,100.0
52,user52@example.com,2025-03-04 18:46:59,2025-03-04T18:46:59,52,android,ja,America/Vancouver,2025-04-12 10:30:56,3.0,2.0,15.427777777777777,,2024-01-16 06:15:45,2025-05-22 01:01:53,returning,66.7
53,user53@example.com,2024-08-15 17:14:21,2024-08-15T17:14:21,53,ios,en,Asia/Tokyo,2024-09-20 07:41:50,2.0,2.0,17.675,4.3,2024-03-23 17:14:39,2024-04-13 16:18:32,new,100.0
54,user54@example.com,2025-05-03 06:41:42,2025-05-03T06:41:42,54,ios,en,Asia/Seoul,2025-05-15 02:28:23,2.0,2.0,11.525,,2024-06-29 17:12:07,2025-05-30 09:50:36,new,100.0
55,user55@example.com,2025-04-25 10:02:37,2025-04-25T10:02:37,55,ios,en,America/Toronto,2025-05-23 21:13:45,5.0,4.0,14.5,4.5,2024-02-07 20:06:41,2025-04-12 16:00:15,returning,80.0
56,user56@example.com,2024-10-07 21:21:55,2024-10-07T21:21:55,56,ios,ja,America/Toronto,2025-05-27 08:19:00,3.0,3.0,15.605555555555554,3.95,2025-05-03 23:25:28,2025-05-07 07:44:38,returning,100.0
57,user57@example.com,2025-03-24 10:37:26,2025-03-24T10:37:26,57,android,ko,America/Toronto,2025-05-15 21:25:01,1.0,0.0,11.65,3.2,2024-04-22 18:34:04,2024-04-22 18:34:04,new,0.0
58,user58@example.com,2024-05-29 08:31:08,2024-05-29T08:31:08,58,ios,en,America/Vancouver,2024-07-19 13:00:50,4.0,4.0,17.575,5.0,2024-03-11 23:54:17,2025-05-22 20:38:46,returning,100.0
59,user59@example.com,2024-02-24 00:36:07,2024-02-24T00:36:07,59,android,ko,Asia/Seoul,2024-03-07 06:46:57,2.0,2.0,17.891666666666666,3.8,2024-02-03 22:59:21,2025-03-23 19:39:20,new,100.0
60,user60@example.com,2024-02-05 14:13:42,2024-02-05T14:13:42,60,android,en,America/Toronto,2024-12-28 13:30:06,2.0,1.0,15.033333333333333,3.5,2024-02-04 13:19:28,2024-04-18 04:21:05,new,50.0
61,user61@example.com,2025-05-28 14:50:30,2025-05-28T14:50:30,61,ios,en,Asia/Tokyo,2025-05-31 08:07:35,5.0,4.0,15.536666666666667,3.7,2024-02-03 04:17:35,2025-05-15 07:21:58,returning,80.0
62,user62@example.com,2024-06-26 00:19:54,2024-06-26T00:19:54,62,ios,zh,America/Toronto,2025-02-19 21:32:34,1.0,0.0,13.033333333333333,2.9,2024-09-16 07:39:53,2024-09-16 07:39:53,new,0.0
63,user63@example.com,2024-08-12 18:34:57,2024-08-12T18:34:57,63,android,zh,America/Vancouver,2024-09-05 09:30:58,6.0,5.0,16.438888888888886,4.666666666666667,2024-03-25 10:47:38,2025-05-31 18:30:22,returning,83.3
64,user64@example.com,2024-03-02 23:25:48,2024-03-02T23:25:48,64,android,zh,America/Vancouver,2025-03-18 18:42:13,1.0,1.0,18.883333333333333,,2024-12-04 18:22:58,2024-12-04 18:22:58,new,100.0
65,user65@example.com,2024-06-29 19:32:11,2024-06-29T19:32:11,65,ios,en,Asia/Seoul,2025-02-21 01:16:45,3.0,2.0,13.261111111111111,4.15,2024-05-04 12:57:03,2024-12-03 01:47:48,returning,66.7
66,user66@example.com,2024-03-19 10:48:11,2024-03-19T10:48:11,66,ios,ko,Asia/Seoul,2025-05-19 08:54:28,3.0,1.0,16.0,3.5,2024-03-19 07:13:07,2025-02-12 10:40:32,returning,33.3
67,user67@example.com,2024-10-22 06:03:59,2024-10-22T06:03:59,67,android,ja,Asia/Tokyo,2025-05-06 14:08:38,1.0,1.0,12.566666666666666,,2024-05-13 23:18:24,2024-05-13 23:18:24,new,100.0
68,user68@example.com,2024-08-03 21:48:12,2024-08-03T21:48:12,68,ios,en,America/Toronto,2025-01-17 22:20:44,2.0,2.0,15.100000000000001,2.9,2024-08-17 01:38:49,2024-12-16 12:41:06,new,100.0
69,user69@example.com,2024-12-18 04:10:50,2024-12-18T04:10:50,69,ios,zh,Asia/Seoul,2025-05-27 20:14:01,4.0,2.0,15.8125,4.366666666666666,2024-02-13 01:08:18,2025-02-18 17:36:41,returning,50.0
70,user70@example.com,2025-05-08 18:01:00,2025-05-08T18:01:00,70,android,zh,America/Vancouver,2025-05-16 08:05:21,3.0,3.0,16.844444444444445,3.55,2024-03-07 00:22:31,2024-06-11 04:59:47,returning,100.0
71,user71@example.com,2024-10-10 08:57:53,2024-10-10T08:57:53,71,android,ja,Asia/Seoul,2024-12-08 15:39:45,2.0,2.0,15.866666666666667,3.9000000000000004,2024-12-16 15:05:45,2025-03-24 08:34:33,new,100.0
72,user72@example.com,2024-05-06 08:05:31,2024-05-06T08:05:31,72,ios,en,America/Vancouver,2024-07-17 18:01:37,1.0,0.0,13.0,,2025-03-08 05:31:18,2025-03-08 05:31:18,new,0.0
73,user73@example.com,2024-10-14 12:40:24,2024-10-14T12:40:24,73,ios,ja,America/Toronto,2025-05-18 14:25:28,2.0,1.0,13.058333333333334,3.65,2024-03-15 15:19:18,2024-05-03 10:33:17,new,50.0
74,user74@example.com,2024-10-02 22:43:33,2024-10-02T22:43:33,74,android,en,Asia/Tokyo,2025-02-17 06:29:55,,,,,,,,
75,user75@example.com,2024-06-11 17:29:38,2024-06-11T17:29:38,75,ios,ja,Asia/Seoul,2024-10-26 07:04:26,2.0,2.0,16.933333333333334,5.0,2024-06-18 00:05:23,2024-10-30 19:48:24,new,100.0
76,user76@example.com,2024-07-26 08:49:38,2024-07-26T08:49:38,76,ios,ko,Asia/Tokyo,2024-10-21 10:56:27,1.0,1.0,18.45,3.8,2024-06-12 08:12:03,2024-06-12 08:12:03,new,100.0
77,user77@example.com,2025-05-18 08:15:18,2025-05-18T08:15:18,77,android,ja,America/Vancouver,2025-05-25 02:31:57,2.0,2.0,12.658333333333333,,2024-01-18 15:45:34,2024-07-28 15:31:31,new,100.0
78,user78@example.com,2024-02-25 11:02:21,2024-02-25T11:02:21,78,android,en,Asia/Seoul,2024-03-18 22:45:56,3.0,2.0,11.927777777777777,3.05,2024-02-11 12:46:32,2025-05-22 10:45:40,returning,66.7
79,user79@example.com,2025-04-18 03:01:29,2025-04-18T03:01:29,79,android,ja,Asia/Seoul,2025-05-05 03:59:47,2.0,2.0,19.058333333333334,3.8,2024-09-08 03:18:16,2025-02-12 12:37:53,new,100.0
80,user80@example.com,2025-05-08 04:51:11,2025-05-08T04:51:11,80,ios,ko,Asia/Tokyo,2025-05-09 21:23:22,1.0,1.0,14.583333333333334,,2024-09-13 06:40:56,2024-09-13 06:40:56,new,100.0
81,user81@example.com,2024-05-12 22:15:20,2024-05-12T22:15:20,81,ios,en,America/Toronto,2024-10-06 00:38:29,2.0,2.0,14.458333333333332,5.0,2024-05-01 22:17:23,2025-05-07 06:19:36,new,100.0
82,user82@example.com,2025-02-18 21:05:20,2025-02-18T21:05:20,82,android,ja,America/Toronto,2025-05-01 17:39:40,2.0,1.0,18.275,4.9,2024-04-06 20:13:59,2024-04-24 16:57:15,new,50.0
83,user83@example.com,2024-07-09 03:36:23,2024-07-09T03:36:23,83,android,en,America/Vancouver,2024-09-07 13:42:58,2.0,2.0,15.833333333333332,,2024-05-07 21:00:43,2024-07-13 03:14:00,new,100.0
84,user84@example.com,2024-05-06 22:02:35,2024-05-06T22:02:35,84,ios,en,Asia/Seoul,2025-04-16 02:16:03,2.0,2.0,12.141666666666666,4.45,2024-06-02 20:55:48,2025-02-07 13:27:55,new,100.0
85,user85@example.com,2024-12-25 01:09:17,2024-12-25T01:09:17,85,android,zh,Asia/Tokyo,2025-02-16 02:12:16,1.0,1.0,19.066666666666666,,2024-03-12 16:52:37,2024-03-12 16:52:37,new,100.0
86,user86@example.com,2024-10-21 17:33:43,2024-10-21T17:33:43,86,ios,ja,Asia/Tokyo,2024-12-03 19:07:46,2.0,2.0,20.15,4.1,2024-04-25 10:13:35,2024-05-02 11:08:34,new,100.0
87,user87@example.com,2024-07-28 16:11:31,2024-07-28T16:11:31,87,android,ja,America/Vancouver,2024-10-22 07:34:21,3.0,3.0,15.494444444444445,3.6,2024-08-03 10:54:49,2025-03-19 00:51:02,returning,100.0
88,user88@example.com,2025-05-12 02:27:36,2025-05-12T02:27:36,88,ios,en,America/Toronto,2025-05-19 10:02:58,4.0,3.0,14.55,4.0,2024-03-10 20:43:59,2024-12-02 09:50:15,returning,75.0
89,user89@example.com,2025-03-08 14:17:44,2025-03-08T14:17:44,89,ios,ja,Asia/Seoul,2025-04-09 10:52:33,1.0,1.0,21.383333333333333,4.6,2025-01-03 03:47:49,2025-01-03 03:47:49,new,100.0
90,user90@example.com,2024-06-19 13:55:24,2024-06-19T13:55:24,90,ios,zh,Asia/Tokyo,2024-08-26 19:31:03,,,,,,,,
91,user91@example.com,2024-09-08 21:04:05,2024-09-08T21:04:05,91,android,ko,Asia/Seoul,2024-10-06 20:51:37,1.0,1.0,16.616666666666667,4.4,2024-09-10 19:23:37,2024-09-10 19:23:37,new,100.0
92,user92@example.com,2024-02-13 10:45:32,2024-02-13T10:45:32,92,ios,zh,America/Vancouver,2025-02-04 13:11:57,1.0,1.0,7.816666666666666,,2025-03-25 22:33:14,2025-03-25 22:33:14,new,100.0
93,user93@example.com,2024-06-26 21:45:55,2024-06-26T21:45:55,93,android,zh,Asia/Tokyo,2025-03-29 10:46:29,7.0,7.0,14.219047619047618,4.26,2024-01-13 12:58:23,2024-12-11 02:55:49,returning,100.0
94,user94@example.com,2024-01-25 22:23:30,2024-01-25T22:23:30,94,android,en,Asia/Tokyo,2024-02-11 03:11:09,5.0,3.0,14.216666666666665,4.333333333333333,2024-02-05 09:19:52,2024-10-30 07:22:35,returning,60.0
95,user95@example.com,2024-09-02 00:28:15,2024-09-02T00:28:15,95,ios,zh,Asia/Seoul,2024-10-06 05:54:03,6.0,5.0,13.794444444444444,3.95,2024-02-03 06:50:45,2025-05-26 00:55:07,returning,83.3
96,user96@example.com,2024-11-07 14:15:13,2024-11-07T14:15:13,96,ios,ko,Asia/Tokyo,2025-04-12 02:42:59,4.0,3.0,15.316666666666666,3.5999999999999996,2024-01-03 05:47:45,2024-09-24 17:59:54,returning,75.0
97,user97@example.com,2024-07-26 23:03:06,2024-07-26T23:03:06,97,ios,zh,Asia/Seoul,2025-05-12 14:27:23,4.0,4.0,15.933333333333334,4.05,2024-05-05 10:03:55,2024-10-03 02:12:38,returning,100.0
98,user98@example.com,2024-02-21 09:50:42,2024-02-21T09:50:42,98,ios,ja,America/Toronto,2024-04-20 17:39:35,3.0,1.0,14.722222222222223,4.1,2024-11-04 18:19:20,2025-01-15 10:44:50,returning,33.3
99,user99@example.com,2024-06-12 21:00:18,2024-06-12T21:00:18,99,ios,ko,Asia/Seoul,2024-10-27 05:29:30,1.0,1.0,17.583333333333332,,2025-05-29 06:18:44,2025-05-29 06:18:44,new,100.0
100,user100@example.com,2025-03-16 13:00:08,2025-03-16T13:00:08,100,ios,en,America/Toronto,2025-04-10 09:27:05,7.0,6.0,18.764285714285712,4.16,2024-01-20 03:37:41,2025-05-31 11:52:22,returning,85.7
101,user101@example.com,2024-09-01 10:01:15,2024-09-01T10:01:15,101,ios,ko,America/Vancouver,2024-11-09 05:08:32,2.0,1.0,18.441666666666666,,2024-05-17 04:54:12,2024-06-01 17:45:11,new,50.0
102,user102@example.com,2024-06-14 03:38:45,2024-06-14T03:38:45,102,android,zh,Asia/Seoul,2025-05-15 19:00:37,2.0,2.0,15.991666666666667,3.2,2024-09-05 19:01:15,2024-09-28 07:56:19,new,100.0
103,user103@example.com,2025-05-24 02:15:44,2025-05-24T02:15:44,103,ios,zh,America/Vancouver,2025-05-29 18:50:43,9.0,8.0,14.850000000000001,4.14,2024-01-11 12:37:43,2025-03-03 20:22:12,returning,88.9
104,user104@example.com,2025-01-22 18:20:42,2025-01-22T18:20:42,104,android,ja,America/Vancouver,2025-04-01 02:30:52,5.0,3.0,15.073333333333334,4.2,2024-02-06 13:03:47,2025-05-11 16:40:41,returning,60.0
105,user105@example.com,2024-11-03 07:06:47,2024-11-03T07:06:47,105,ios,ja,Asia/Tokyo,2025-04-27 19:15:20,,,,,,,,
106,user106@example.com,2025-05-14 07:37:38,2025-05-14T07:37:38,106,ios,ja,Asia/Seoul,2025-05-16 04:19:34,5.0,5.0,16.48,3.6399999999999997,2024-06-15 15:11:55,2025-05-27 23:08:52,returning,100.0
107,user107@example.com,2024-12-22 09:37:06,2024-12-22T09:37:06,107,android,zh,America/Vancouver,2025-03-19 17:31:45,4.0,4.0,15.212499999999999,4.033333333333333,2024-01-21 20:18:21,2025-05-24 22:44:12,returning,100.0
108,user108@example.com,2024-04-20 23:19:10,2024-04-20T23:19:10,108,android,zh,America/Toronto,2024-06-08 00:43:43,,,,,,,,
109,user109@example.com,2024-07-24 17:43:27,2024-07-24T17:43:27,109,ios,ja,America/Vancouver,2025-02-05 16:27:42,2.0,2.0,18.958333333333332,5.0,2024-05-04 11:00:07,2024-12-04 21:03:21,new,100.0
110,user110@example.com,2024-04-18 10:53:52,2024-04-18T10:53:52,110,ios,ko,Asia/Tokyo,2025-03-25 18:18:49,5.0,5.0,18.753333333333334,4.766666666666667,2024-01-01 00:10:36,2025-01-07 13:56:00,returning,100.0
111,user111@example.com,2024-07-10 13:28:11,2024-07-10T13:28:11,111,ios,ja,Asia/Seoul,2024-10-28 10:13:44,5.0,5.0,15.569999999999999,3.6,2024-06-28 06:49:48,2025-05-06 10:21:15,returning,100.0
112,user112@example.com,2025-03-12 00:39:37,2025-03-12T00:39:37,112,android,ja,America/Vancouver,2025-05-27 15:41:32,5.0,4.0,15.693333333333333,4.066666666666666,2024-02-26 20:47:23,2025-04-13 12:16:46,returning,80.0
113,user113@example.com,2025-02-22 15:15:53,2025-02-22T15:15:53,113,ios,ja,America/Vancouver,2025-05-08 16:47:04,,,,,,,,
114,user114@example.com,2024-07-23 01:51:30,2024-07-23T01:51:30,114,android,ko,Asia/Seoul,2024-08-23 17:30:42,3.0,2.0,16.849999999999998,2.5999999999999996,2024-08-17 06:12:33,2024-11-14 07:37:24,returning,66.7
115,user115@example.com,2025-03-30 01:28:21,2025-03-30T01:28:21,115,android,ja,Asia/Tokyo,2025-04-11 13:57:05,1.0,1.0,5.783333333333333,,2025-02-11 23:33:31,2025-02-11 23:33:31,new,100.0
116,user116@example.com,2024-11-28 18:35:07,2024-11-28T18:35:07,116,android,zh,Asia/Seoul,2025-05-05 16:18:03,2.0,2.0,12.708333333333332,4.0,2024-03-30 23:01:33,2024-08-08 16:18:52,new,100.0
117,user117@example.com,2025-03-29 05:50:31,2025-03-29T05:50:31,117,ios,zh,Asia/Seoul,2025-03-31 00:19:19,5.0,4.0,18.846666666666668,4.4,2024-01-26 22:26:21,2025-04-24 01:57:16,returning,80.0
118,user118@example.com,2024-11-06 05:21:54,2024-11-06T05:21:54,118,android,ko,America/Toronto,2025-03-18 22:32:28,6.0,4.0,18.622222222222224,4.7,2024-04-08 07:37:36,2025-04-12 06:55:02,returning,66.7
119,user119@example.com,2024-10-08 04:06:10,2024-10-08T04:06:10,119,ios,ko,America/Toronto,2024-12-07 08:17:47,1.0,0.0,10.15,3.7,2024-10-23 21:18:24,2024-10-23 21:18:24,new,0.0
120,user120@example.com,2024-06-19 08:26:06,2024-06-19T08:26:06,120,android,en,America/Vancouver,2025-03-03 10:03:45,4.0,2.0,12.966666666666667,,2024-05-18 18:46:58,2025-04-20 06:27:13,returning,50.0
121,user121@example.com,2024-04-17 10:41:26,2024-04-17T10:41:26,121,ios,zh,America/Toronto,2024-08-21 11:11:52,3.0,3.0,15.844444444444443,,2024-01-31 23:08:09,2024-05-06 09:48:31,returning,100.0
122,user122@example.com,2025-01-30 18:15:30,2025-01-30T18:15:30,122,ios,zh,America/Vancouver,2025-04-20 12:59:53,8.0,7.0,16.39375,4.233333333333333,2024-02-04 07:23:55,2025-05-22 01:01:02,returning,87.5
123,user123@example.com,2025-01-18 07:48:07,2025-01-18T07:48:07,123,ios,zh,Asia/Seoul,2025-04-15 11:57:28,5.0,5.0,16.763333333333332,5.0,2024-02-21 22:44:56,2025-04-04 04:13:40,returning,100.0
124,user124@example.com,2024-03-11 14:40:27,2024-03-11T14:40:27,124,ios,ja,Asia/Tokyo,2024-08-09 07:23:52,3.0,2.0,15.616666666666665,4.0,2024-08-28 20:42:26,2025-01-12 17:06:06,returning,66.7
125,user125@example.com,2024-02-06 14:18:46,2024-02-06T14:18:46,125,android,zh,Asia/Seoul,2024-11-29 04:55:51,5.0,4.0,14.133333333333335,4.0,2024-01-02 15:22:54,2025-04-22 04:36:44,returning,80.0
126,user126@example.com,2024-03-26 04:00:28,2024-03-26T04:00:28,126,android,ko,America/Toronto,2024-07-11 15:56:36,1.0,1.0,10.5,,2024-11-20 08:09:54,2024-11-20 08:09:54,new,100.0
127,user127@example.com,2024-04-28 17:10:07,2024-04-28T17:10:07,127,ios,zh,Asia/Seoul,2024-07-17 09:34:47,7.0,4.0,17.61190476190476,4.199999999999999,2024-01-17 12:33:25,2025-05-25 16:02:33,returning,57.1
128,user128@example.com,2025-05-02 08:26:31,2025-05-02T08:26:31,128,ios,ja,America/Vancouver,2025-05-10 03:13:09,3.0,2.0,11.033333333333333,4.75,2024-06-05 03:38:35,2025-04-10 08:11:06,returning,66.7
129,user129@example.com,2024-05-04 06:16:50,2024-05-04T06:16:50,129,android,ko,Asia/Tokyo,2024-07-14 11:56:43,6.0,3.0,17.48888888888889,3.5799999999999996,2024-02-06 11:53:37,2024-12-23 11:08:11,returning,50.0
130,user130@example.com,2024-11-23 21:37:55,2024-11-23T21:37:55,130,android,ja,America/Vancouver,2025-02-12 11:11:30,6.0,5.0,13.052777777777777,4.3999999999999995,2024-01-03 05:09:24,2025-05-31 22:48:44,returning,83.3
131,user131@example.com,2025-04-08 05:52:12,2025-04-08T05:52:12,131,android,ja,America/Toronto,2025-05-15 17:42:08,9.0,7.0,15.549999999999999,3.6333333333333333,2024-01-31 16:41:30,2025-03-11 05:36:26,returning,77.8
132,user132@example.com,2024-02-19 08:14:32,2024-02-19T08:14:32,132,android,ko,America/Vancouver,2024-10-23 20:57:31,4.0,2.0,13.925,3.5,2024-03-09 05:06:02,2024-12-30 21:56:36,returning,50.0
133,user133@example.com,2024-10-25 20:34:57,2024-10-25T20:34:57,133,android,ko,America/Toronto,2024-11-09 17:35:38,3.0,2.0,15.805555555555555,3.9,2024-08-17 12:50:57,2025-04-15 11:58:47,returning,66.7
134,user134@example.com,2024-10-23 09:53:56,2024-10-23T09:53:56,134,android,ko,Asia/Tokyo,2025-04-15 15:10:03,2.0,1.0,19.516666666666666,4.2,2024-03-17 13:13:28,2025-05-23 06:03:51,new,50.0
135,user135@example.com,2025-04-07 20:09:55,2025-04-07T20:09:55,135,ios,en,Asia/Seoul,2025-04-28 18:40:38,5.0,4.0,13.169999999999998,4.5,2024-02-29 10:34:05,2024-11-19 18:51:13,returning,80.0
136,user136@example.com,2024-12-29 13:04:56,2024-12-29T13:04:56,136,android,en,Asia/Seoul,2025-02-13 16:33:57,3.0,3.0,17.505555555555556,4.7,2024-01-11 11:36:01,2024-12-15 10:15:47,returning,100.0
137,user137@example.com,2025-02-14 23:24:22,2025-02-14T23:24:22,137,ios,en,America/Toronto,2025-05-07 11:56:05,2.0,2.0,13.308333333333334,3.9,2024-05-31 03:38:34,2025-05-26 09:33:19,new,100.0
138,user138@example.com,2024-07-14 06:41:55,2024-07-14T06:41:55,138,ios,en,Asia/Tokyo,2025-03-03 00:42:34,,,,,,,,
139,user139@example.com,2025-03-05 16:52:41,2025-03-05T16:52:41,139,ios,ko,America/Toronto,2025-04-02 23:35:27,2.0,2.0,14.225000000000001,5.0,2024-06-02 02:48:12,2025-05-03 00:42:42,new,100.0
140,user140@example.com,2024-01-09 22:01:18,2024-01-09T22:01:18,140,ios,ja,America/Toronto,2025-03-28 03:57:51,4.0,2.0,17.2125,4.1000000000000005,2024-06-30 13:22:06,2024-11-29 23:59:51,returning,50.0
141,user141@example.com,2024-03-29 23:23:57,2024-03-29T23:23:57,141,ios,en,Asia/Seoul,2024-05-21 13:01:59,1.0,1.0,11.333333333333334,3.6,2024-11-16 00:08:03,2024-11-16 00:08:03,new,100.0
142,user142@example.com,2025-02-21 01:51:08,2025-02-21T01:51:08,142,ios,zh,Asia/Tokyo,2025-03-01 12:44:14,3.0,2.0,17.93888888888889,3.8,2024-09-20 18:21:14,2025-02-03 22:16:20,returning,66.7
143,user143@example.com,2024-07-26 05:58:55,2024-07-26T05:58:55,143,android,ja,America/Vancouver,2024-12-11 22:20:17,3.0,3.0,16.73888888888889,4.0,2024-06-10 09:22:14,2025-01-06 23:29:57,returning,100.0
144,user144@example.com,2025-05-12 20:23:38,2025-05-12T20:23:38,144,android,ko,America/Vancouver,2025-05-31 13:49:33,2.0,2.0,17.0,4.0,2024-05-24 05:29:30,2024-07-07 07:50:20,new,100.0
145,user145@example.com,2024-09-21 05:19:49,2024-09-21T05:19:49,145,ios,en,Asia/Seoul,2025-04-21 06:32:50,4.0,4.0,18.754166666666666,3.9,2024-01-12 23:34:23,2025-03-22 05:52:40,returning,100.0
146,user146@example.com,2024-03-27 15:28:59,2024-03-27T15:28:59,146,ios,zh,Asia/Tokyo,2024-08-16 05:23:28,5.0,4.0,17.386666666666667,4.3999999999999995,2024-01-24 14:05:35,2025-03-02 09:46:51,returning,80.0
147,user147@example.com,2024-08-15 23:14:20,2024-08-15T23:14:20,147,ios,zh,America/Vancouver,2024-12-07 22:19:18,1.0,0.0,12.816666666666666,,2024-06-18 23:48:16,2024-06-18 23:48:16,new,0.0
148,user148@example.com,2024-12-03 16:36:42,2024-12-03T16:36:42,148,ios,ko,America/Vancouver,2025-02-02 23:23:41,4.0,4.0,16.433333333333334,,2024-03-27 03:16:30,2025-05-11 20:16:41,returning,100.0
149,user149@example.com,2024-05-02 20:16:27,2024-05-02T20:16:27,149,android,zh,Asia/Seoul,2024-05-31 06:56:05,3.0,2.0,17.833333333333332,3.1,2024-05-18 07:17:35,2025-04-04 23:47:33,returning,66.7
150,user150@example.com,2024-12-18 10:01:22,2024-12-18T10:01:22,150,android,ja,America/Vancouver,2025-04-24 17:57:08,1.0,1.0,12.3,4.6,2024-11-12 03:03:38,2024-11-12 03:03:38,new,100.0
151,user151@example.com,2024-01-03 12:29:49,2024-01-03T12:29:49,151,android,en,Asia/Seoul,2024-12-07 21:51:39,5.0,4.0,15.476666666666665,3.94,2024-03-28 07:26:58,2025-03-03 05:39:57,returning,80.0
152,user152@example.com,2024-07-23 13:55:39,2024-07-23T13:55:39,152,android,zh,Asia/Seoul,2024-10-04 03:11:24,6.0,5.0,12.697222222222223,4.35,2024-09-24 21:46:43,2025-05-26 02:17:19,returning,83.3
153,user153@example.com,2025-01-23 19:36:05,2025-01-23T19:36:05,153,android,ja,Asia/Seoul,2025-02-08 20:35:56,5.0,5.0,13.496666666666666,4.0200000000000005,2024-02-06 16:40:44,2025-05-31 05:09:02,returning,100.0
154,user154@example.com,2024-05-18 18:18:44,2024-05-18T18:18:44,154,ios,zh,America/Toronto,2024-12-16 14:30:07,1.0,0.0,11.316666666666666,3.2,2024-05-10 06:19:16,2024-05-10 06:19:16,new,0.0
155,user155@example.com,2025-01-29 07:52:20,2025-01-29T07:52:20,155,android,en,America/Vancouver,2025-04-03 00:05:23,2.0,2.0,15.225000000000001,3.6,2025-03-22 02:24:13,2025-04-10 17:34:05,new,100.0
156,user156@example.com,2024-03-23 15:38:29,2024-03-23T15:38:29,156,android,zh,Asia/Tokyo,2024-07-31 02:07:30,,,,,,,,
157,user157@example.com,2025-04-30 16:26:25,2025-04-30T16:26:25,157,android,zh,America/Vancouver,2025-05-17 19:12:05,3.0,3.0,19.044444444444444,4.366666666666666,2024-02-10 19:54:24,2025-05-26 02:14:12,returning,100.0
158,user158@example.com,2024-08-19 19:24:50,2024-08-19T19:24:50,158,android,en,America/Vancouver,2025-05-07 11:18:04,5.0,4.0,17.873333333333335,4.833333333333333,2024-01-04 20:10:38,2025-05-27 06:42:14,returning,80.0
159,user159@example.com,2025-05-11 06:52:54,2025-05-11T06:52:54,159,android,ko,America/Vancouver,2025-05-14 18:03:24,1.0,1.0,11.0,,2024-04-20 15:22:53,2024-04-20 15:22:53,new,100.0
160,user160@example.com,2025-01-29 07:31:19,2025-01-29T07:31:19,160,ios,ko,America/Vancouver,2025-03-16 03:20:24,2.0,2.0,14.741666666666667,,2024-02-10 10:05:34,2025-03-14 18:21:29,new,100.0
161,user161@example.com,2025-04-18 00:01:39,2025-04-18T00:01:39,161,android,zh,America/Vancouver,2025-05-17 09:00:50,4.0,4.0,13.741666666666667,4.75,2024-02-02 20:53:13,2025-03-25 00:57:53,returning,100.0
162,user162@example.com,2024-06-03 11:58:18,2024-06-03T11:58:18,162,android,ja,Asia/Seoul,2024-11-22 21:47:08,2.0,2.0,18.558333333333334,3.8,2024-03-29 13:29:15,2024-09-04 10:24:35,new,100.0
163,user163@example.com,2024-04-28 17:07:49,2024-04-28T17:07:49,163,ios,ja,Asia/Tokyo,2024-12-28 21:41:58,1.0,1.0,11.083333333333334,3.6,2024-01-20 21:58:06,2024-01-20 21:58:06,new,100.0
164,user164@example.com,2024-10-17 10:15:33,2024-10-17T10:15:33,164,ios,en,America/Vancouver,2024-12-28 16:21:09,3.0,2.0,13.933333333333332,4.05,2024-03-05 08:57:53,2025-02-02 07:12:15,returning,66.7
165,user165@example.com,2024-05-05 11:29:32,2024-05-05T11:29:32,165,android,en,Asia/Seoul,2024-11-23 15:38:42,3.0,2.0,12.783333333333333,3.75,2024-07-23 16:51:04,2025-02-23 20:19:07,returning,66.7
166,user166@example.com,2025-02-22 22:45:13,2025-02-22T22:45:13,166,ios,ja,Asia/Tokyo,2025-04-02 19:39:08,2.0,1.0,16.325,3.9,2024-09-02 22:20:00,2025-03-19 13:01:35,new,50.0
167,user167@example.com,2025-02-15 22:30:32,2025-02-15T22:30:32,167,ios,en,Asia/Tokyo,2025-03-21 11:08:45,4.0,4.0,14.495833333333334,4.0,2024-09-27 17:58:39,2025-05-26 14:51:07,returning,100.0
168,user168@example.com,2024-01-01 10:39:39,2024-01-01T10:39:39,168,ios,ja,Asia/Seoul,2024-02-20 21:12:46,6.0,5.0,16.472222222222225,4.4,2024-05-08 15:04:51,2025-02-11 01:39:39,returning,83.3
169,user169@example.com,2025-04-10 05:08:10,2025-04-10T05:08:10,169,android,ja,America/Toronto,2025-04-27 02:47:51,2.0,1.0,18.458333333333332,,2024-06-28 16:11:44,2025-04-15 01:51:25,new,50.0
170,user170@example.com,2024-09-08 18:42:24,2024-09-08T18:42:24,170,ios,en,America/Toronto,2024-11-01 17:07:58,1.0,1.0,8.666666666666666,3.2,2024-08-20 08:30:41,2024-08-20 08:30:41,new,100.0
171,user171@example.com,2025-01-14 12:16:14,2025-01-14T12:16:14,171,android,en,Asia/Seoul,2025-05-02 02:11:51,,,,,,,,
172,user172@example.com,2024-01-16 03:04:22,2024-01-16T03:04:22,172,android,ko,America/Vancouver,2024-03-07 04:42:22,2.0,2.0,8.008333333333333,4.1,2024-09-23 03:06:49,2025-01-03 03:16:23,new,100.0
173,user173@example.com,2024-03-27 21:21:55,2024-03-27T21:21:55,173,android,zh,Asia/Tokyo,2025-02-08 21:45:33,3.0,2.0,18.433333333333334,5.0,2024-06-15 00:36:56,2025-02-11 18:00:02,returning,66.7
174,user174@example.com,2024-10-08 22:27:06,2024-10-08T22:27:06,174,ios,ja,America/Vancouver,2025-04-01 16:31:04,3.0,3.0,11.955555555555556,4.35,2024-06-07 12:34:31,2024-11-12 20:00:09,returning,100.0
175,user175@example.com,2024-08-26 20:28:43,2024-08-26T20:28:43,175,android,ko,America/Toronto,2024-10-15 23:09:10,3.0,2.0,14.672222222222222,2.8,2024-10-13 12:24:46,2025-03-28 22:52:08,returning,66.7
176,user176@example.com,2024-07-04 23:42:52,2024-07-04T23:42:52,176,ios,en,America/Toronto,2024-10-31 02:21:38,3.0,3.0,15.705555555555556,4.0,2024-01-13 01:59:04,2024-08-30 02:13:37,returning,100.0
177,user177@example.com,2024-02-14 23:48:12,2024-02-14T23:48:12,177,ios,ja,America/Toronto,2024-11-09 18:08:27,5.0,3.0,15.303333333333333,3.4,2024-01-28 12:45:43,2025-02-23 12:06:00,returning,60.0
178,user178@example.com,2024-07-06 02:10:18,2024-07-06T02:10:18,178,android,en,Asia/Seoul,2024-09-20 07:50:17,1.0,1.0,19.266666666666666,2.1,2024-12-11 09:40:34,2024-12-11 09:40:34,new,100.0
179,user179@example.com,2025-03-16 16:17:59,2025-03-16T16:17:59,179,ios,ja,America/Vancouver,2025-05-04 11:22:48,1.0,0.0,20.25,,2024-07-01 09:02:30,2024-07-01 09:02:30,new,0.0
180,user180@example.com,2024-03-02 04:08:16,2024-03-02T04:08:16,180,ios,ko,Asia/Seoul,2025-05-13 22:44:22,3.0,3.0,16.644444444444446,4.3,2024-04-08 23:29:03,2025-02-02 23:46:22,returning,100.0
181,user181@example.com,2024-03-07 12:41:45,2024-03-07T12:41:45,181,ios,en,America/Vancouver,2025-05-29 12:29:27,2.0,1.0,13.183333333333334,3.9,2024-04-16 14:24:17,2024-10-25 09:19:47,new,50.0
182,user182@example.com,2025-01-12 11:31:07,2025-01-12T11:31:07,182,ios,zh,America/Vancouver,2025-04-19 04:32:39,2.0,1.0,15.6,3.55,2025-04-04 17:33:33,2025-05-17 10:01:37,new,50.0
183,user183@example.com,2024-02-23 18:12:53,2024-02-23T18:12:53,183,android,ja,Asia/Tokyo,2024-08-31 23:04:11,4.0,3.0,15.966666666666667,4.3,2024-04-20 18:20:04,2025-05-25 06:11:53,returning,75.0
184,user184@example.com,2025-02-17 18:21:45,2025-02-17T18:21:45,184,android,zh,America/Vancouver,2025-03-01 09:34:38,3.0,2.0,18.17222222222222,3.55,2024-01-14 06:54:41,2025-04-16 16:06:46,returning,66.7
185,user185@example.com,2024-04-07 16:20:45,2024-04-07T16:20:45,185,android,zh,Asia/Tokyo,2025-04-03 10:10:30,4.0,3.0,17.245833333333334,3.6500000000000004,2024-03-21 05:25:03,2025-03-18 05:26:51,returning,75.0
186,user186@example.com,2024-04-09 17:23:25,2024-04-09T17:23:25,186,android,ko,Asia/Seoul,2024-12-13 17:52:45,2.0,2.0,12.783333333333331,4.7,2024-01-30 19:12:07,2024-04-05 13:43:50,new,100.0
187,user187@example.com,2025-05-27 10:38:48,2025-05-27T10:38:48,187,android,ko,Asia/Seoul,2025-05-30 13:38:45,6.0,4.0,15.952777777777778,4.366666666666666,2024-02-05 11:32:59,2025-05-11 20:00:53,returning,66.7
188,user188@example.com,2025-01-04 03:54:20,2025-01-04T03:54:20,188,android,ko,Asia/Tokyo,2025-01-27 22:53:56,3.0,3.0,19.594444444444445,2.9,2024-07-05 16:49:49,2025-03-28 17:22:16,returning,100.0
189,user189@example.com,2025-03-03 01:04:54,2025-03-03T01:04:54,189,android,ko,America/Toronto,2025-03-12 10:40:09,2.0,2.0,15.691666666666666,4.1,2024-10-08 07:58:05,2024-12-06 06:56:07,new,100.0
190,user190@example.com,2024-05-08 06:11:22,2024-05-08T06:11:22,190,android,zh,Asia/Tokyo,2024-11-17 02:16:58,5.0,4.0,15.040000000000001,4.0,2024-03-23 14:08:49,2025-05-16 12:27:45,returning,80.0
191,user191@example.com,2024-07-24 21:00:49,2024-07-24T21:00:49,191,android,ja,America/Toronto,2025-05-17 05:49:13,3.0,1.0,12.516666666666666,,2024-03-26 14:59:23,2025-04-26 11:26:57,returning,33.3
192,user192@example.com,2025-02-13 20:33:08,2025-02-13T20:33:08,192,android,zh,Asia/Tokyo,2025-04-14 18:27:18,4.0,4.0,19.766666666666666,4.3,2024-06-04 06:28:03,2025-03-02 21:09:25,returning,100.0
193,user193@example.com,2025-04-16 03:43:48,2025-04-16T03:43:48,193,ios,en,Asia/Tokyo,2025-05-10 16:36:55,1.0,1.0,17.883333333333333,,2024-12-17 03:49:53,2024-12-17 03:49:53,new,100.0
194,user194@example.com,2024-11-24 15:51:46,2024-11-24T15:51:46,194,ios,ko,Asia/Seoul,2024-12-04 02:37:34,4.0,4.0,17.475,4.1,2024-01-31 15:26:58,2025-03-05 13:16:25,returning,100.0
195,user195@example.com,2024-06-13 12:12:16,2024-06-13T12:12:16,195,android,zh,Asia/Tokyo,2024-10-02 11:34:20,3.0,3.0,12.338888888888889,,2024-06-07 19:29:39,2025-04-17 20:21:58,returning,100.0
196,user196@example.com,2025-02-22 21:12:27,2025-02-22T21:12:27,196,ios,en,Asia/Tokyo,2025-03-20 21:23:22,4.0,4.0,15.979166666666668,4.333333333333333,2024-01-21 19:52:24,2025-04-20 15:21:22,returning,100.0
197,user197@example.com,2024-06-05 05:43:39,2024-06-05T05:43:39,197,android,zh,Asia/Seoul,2024-06-22 19:25:01,4.0,3.0,14.633333333333333,4.65,2024-03-11 15:09:33,2025-02-23 05:09:45,returning,75.0
198,user198@example.com,2024-08-30 02:48:46,2024-08-30T02:48:46,198,ios,ko,Asia/Seoul,2025-04-01 23:13:27,4.0,3.0,15.841666666666667,4.25,2024-02-28 03:51:24,2025-03-18 22:07:32,returning,75.0
199,user199@example.com,2024-11-05 21:45:19,2024-11-05T21:45:19,199,ios,zh,Asia/Tokyo,2025-02-22 12:56:27,4.0,3.0,15.979166666666666,4.133333333333334,2024-02-03 11:43:59,2024-11-02 02:49:19,returning,75.0
200,user200@example.com,2025-05-19 18:36:18,2025-05-19T18:36:18,200,ios,en,Asia/Tokyo,2025-05-28 20:00:31,2.0,1.0,12.475,,2024-02-06 05:27:27,2024-10-08 03:30:57,new,50.0
201,user201@example.com,2024-10-17 01:03:45,2024-10-17T01:03:45,201,android,ko,America/Toronto,2025-05-02 18:25:41,5.0,3.0,13.286666666666667,3.2600000000000002,2024-01-21 08:44:12,2024-12-17 19:50:41,returning,60.0
202,user202@example.com,2024-12-06 06:46:38,2024-12-06T06:46:38,202,ios,en,America/Vancouver,2025-01-01 21:24:46,2.0,1.0,18.208333333333332,,2025-02-25 06:29:16,2025-05-01 05:23:12,new,50.0
203,user203@example.com,2025-02-06 00:18:46,2025-02-06T00:18:46,203,android,zh,America/Toronto,2025-05-17 02:44:37,3.0,2.0,17.683333333333334,4.25,2024-04-29 18:01:28,2024-08-01 03:28:29,returning,66.7
204,user204@example.com,2024-12-16 16:18:42,2024-12-16T16:18:42,204,android,ja,America/Toronto,2025-03-02 23:36:45,6.0,6.0,15.166666666666666,4.166666666666667,2024-01-18 23:19:45,2025-05-22 21:02:55,returning,100.0
205,user205@example.com,2024-04-03 23:40:54,2024-04-03T23:40:54,205,android,zh,Asia/Seoul,2025-04-07 20:19:16,1.0,0.0,9.833333333333334,,2025-05-16 02:25:42,2025-05-16 02:25:42,new,0.0
206,user206@example.com,2024-07-11 13:17:44,2024-07-11T13:17:44,206,android,ja,America/Vancouver,2024-12-20 07:43:56,4.0,4.0,15.7875,4.233333333333333,2024-01-23 19:24:16,2025-04-29 08:54:16,returning,100.0
207,user207@example.com,2024-06-23 12:39:43,2024-06-23T12:39:43,207,ios,zh,Asia/Seoul,2025-03-05 03:12:45,1.0,1.0,17.283333333333335,,2024-03-04 16:46:29,2024-03-04 16:46:29,new,100.0
208,user208@example.com,2024-02-19 17:31:45,2024-02-19T17:31:45,208,ios,zh,America/Toronto,2025-04-01 21:55:41,3.0,3.0,13.383333333333335,3.6999999999999997,2024-03-02 11:28:42,2025-01-28 23:57:29,returning,100.0
209,user209@example.com,2024-09-19 14:22:18,2024-09-19T14:22:18,209,ios,ko,America/Vancouver,2025-04-29 23:06:48,1.0,1.0,14.533333333333333,,2024-12-18 12:21:56,2024-12-18 12:21:56,new,100.0
210,user210@example.com,2024-01-17 08:06:25,2024-01-17T08:06:25,210,ios,en,Asia/Tokyo,2024-09-16 23:45:31,6.0,5.0,17.08888888888889,4.4,2024-06-02 05:21:09,2025-05-21 03:21:22,returning,83.3
211,user211@example.com,2025-04-01 22:52:09,2025-04-01T22:52:09,211,ios,zh,America/Toronto,2025-05-11 19:07:04,7.0,6.0,16.659523809523808,3.6,2024-03-01 02:02:17,2025-05-09 16:39:42,returning,85.7
212,user212@example.com,2025-03-06 05:50:44,2025-03-06T05:50:44,212,android,en,America/Toronto,2025-04-25 14:27:54,3.0,2.0,17.983333333333334,,2024-11-16 00:49:14,2025-03-29 19:45:59,returning,66.7
213,user213@example.com,2024-06-27 17:38:58,2024-06-27T17:38:58,213,android,zh,Asia/Tokyo,2024-10-27 14:02:08,1.0,0.0,16.983333333333334,3.3,2024-12-23 13:26:53,2024-12-23 13:26:53,new,0.0
214,user214@example.com,2025-04-02 01:19:07,2025-04-02T01:19:07,214,android,ja,Asia/Seoul,2025-04-27 17:19:37,4.0,2.0,14.395833333333334,3.6,2024-01-18 04:27:31,2025-05-31 15:10:44,returning,50.0
215,user215@example.com,2024-06-20 01:08:58,2024-06-20T01:08:58,215,ios,ko,Asia/Seoul,2025-01-22 18:53:38,,,,,,,,
216,user216@example.com,2024-01-06 14:02:49,2024-01-06T14:02:49,216,ios,ja,Asia/Seoul,2024-06-15 13:59:06,2.0,2.0,14.358333333333334,3.4,2024-06-27 03:06:15,2025-03-19 18:03:05,new,100.0
217,user217@example.com,2024-02-25 03:24:25,2024-02-25T03:24:25,217,android,zh,Asia/Seoul,2025-05-05 11:39:10,,,,,,,,
218,user218@example.com,2025-05-05 04:36:42,2025-05-05T04:36:42,218,android,en,Asia/Tokyo,2025-05-24 08:16:31,3.0,3.0,13.555555555555555,3.8666666666666667,2024-10-26 02:02:34,2025-04-04 22:55:15,returning,100.0
219,user219@example.com,2024-02-15 17:29:11,2024-02-15T17:29:11,219,ios,ja,America/Vancouver,2024-09-26 03:18:16,3.0,2.0,18.655555555555555,3.5,2024-08-21 06:22:32,2025-02-11 00:24:06,returning,66.7
220,user220@example.com,2024-06-26 19:47:03,2024-06-26T19:47:03,220,android,zh,Asia/Seoul,2025-04-13 01:29:01,4.0,4.0,14.516666666666666,4.45,2024-05-08 01:51:17,2025-04-02 20:43:16,returning,100.0
221,user221@example.com,2024-02-22 08:25:59,2024-02-22T08:25:59,221,ios,ko,Asia/Seoul,2025-05-03 21:12:29,3.0,3.0,15.383333333333333,,2024-08-03 00:55:44,2025-03-27 19:55:35,returning,100.0
222,user222@example.com,2024-01-25 09:34:47,2024-01-25T09:34:47,222,ios,en,America/Toronto,2024-07-31 17:19:30,3.0,3.0,17.55,4.5,2024-02-10 17:05:28,2024-06-06 21:06:18,returning,100.0
223,user223@example.com,2024-09-13 15:38:00,2024-09-13T15:38:00,223,ios,ko,America/Vancouver,2024-10-22 13:32:45,2.0,2.0,10.608333333333334,,2024-07-06 23:06:15,2024-07-10 15:25:12,new,100.0
224,user224@example.com,2024-02-25 00:52:36,2024-02-25T00:52:36,224,android,zh,America/Vancouver,2024-06-10 19:26:52,5.0,3.0,11.453333333333333,3.6,2024-01-24 11:08:48,2025-05-20 19:57:22,returning,60.0
225,user225@example.com,2025-02-03 08:33:53,2025-02-03T08:33:53,225,ios,zh,Asia/Tokyo,2025-05-07 01:38:09,9.0,8.0,15.353703703703705,4.65,2024-04-08 19:01:58,2025-03-12 04:11:32,returning,88.9
226,user226@example.com,2024-07-03 20:43:40,2024-07-03T20:43:40,226,android,ja,Asia/Seoul,2025-03-11 16:55:57,4.0,4.0,14.9625,4.8,2024-02-22 07:08:44,2024-11-08 05:59:01,returning,100.0
227,user227@example.com,2024-08-04 07:11:32,2024-08-04T07:11:32,227,ios,ko,America/Vancouver,2024-10-11 06:54:51,2.0,2.0,18.333333333333336,4.25,2024-05-14 19:04:40,2025-01-26 20:12:43,new,100.0
228,user228@example.com,2025-01-12 00:46:55,2025-01-12T00:46:55,228,ios,en,Asia/Tokyo,2025-04-18 05:26:17,3.0,2.0,15.050000000000002,2.5,2024-01-26 03:39:45,2024-07-31 12:55:14,returning,66.7
229,user229@example.com,2024-06-15 09:39:48,2024-06-15T09:39:48,229,android,en,America/Vancouver,2024-10-09 06:52:49,3.0,3.0,14.588888888888889,3.6,2024-05-22 13:56:24,2025-03-26 03:51:03,returning,100.0
230,user230@example.com,2025-02-22 20:02:56,2025-02-22T20:02:56,230,android,ja,Asia/Tokyo,2025-05-29 17:50:51,1.0,1.0,16.85,5.0,2025-05-27 06:59:56,2025-05-27 06:59:56,new,100.0
231,user231@example.com,2024-04-12 18:28:17,2024-04-12T18:28:17,231,android,ja,America/Toronto,2024-07-09 06:21:33,3.0,2.0,13.083333333333334,3.3,2024-09-10 16:37:28,2025-04-13 14:37:35,returning,66.7
232,user232@example.com,2025-03-19 13:00:53,2025-03-19T13:00:53,232,ios,zh,Asia/Seoul,2025-05-28 07:28:11,3.0,2.0,14.911111111111111,,2024-06-06 01:12:32,2025-02-20 15:43:52,returning,66.7
233,user233@example.com,2025-03-23 13:21:49,2025-03-23T13:21:49,233,ios,ja,Asia/Seoul,2025-05-17 16:23:23,1.0,0.0,15.65,,2025-03-09 03:59:38,2025-03-09 03:59:38,new,0.0
234,user234@example.com,2025-01-02 03:13:35,2025-01-02T03:13:35,234,ios,zh,Asia/Tokyo,2025-04-12 04:36:29,3.0,2.0,16.77777777777778,3.6,2024-06-30 17:11:29,2025-03-04 17:34:19,returning,66.7
235,user235@example.com,2024-07-07 17:47:48,2024-07-07T17:47:48,235,ios,zh,America/Vancouver,2024-09-17 12:04:56,3.0,3.0,11.02222222222222,3.8,2024-08-31 18:13:59,2025-05-22 08:33:07,returning,100.0
236,user236@example.com,2025-01-02 08:51:16,2025-01-02T08:51:16,236,android,ja,America/Toronto,2025-01-03 16:41:06,2.0,2.0,15.541666666666668,3.4,2024-01-31 08:22:04,2024-05-05 17:33:24,new,100.0
237,user237@example.com,2024-11-12 04:08:51,2024-11-12T04:08:51,237,android,ko,Asia/Tokyo,2025-02-23 20:42:53,,,,,,,,
238,user238@example.com,2024-05-27 21:29:53,2024-05-27T21:29:53,238,android,en,Asia/Seoul,2025-02-05 18:16:07,3.0,3.0,17.866666666666664,4.3,2024-10-04 23:20:48,2025-01-20 05:23:11,returning,100.0
239,user239@example.com,2024-03-14 06:21:37,2024-03-14T06:21:37,239,ios,en,America/Vancouver,2025-03-10 17:57:06,2.0,2.0,16.508333333333333,4.0,2024-01-09 13:55:57,2025-05-16 13:42:03,new,100.0
240,user240@example.com,2024-03-16 06:55:16,2024-03-16T06:55:16,240,ios,zh,Asia/Seoul,2024-06-15 11:42:33,3.0,3.0,12.505555555555555,3.2,2025-01-01 23:38:10,2025-01-23 16:55:47,returning,100.0
241,user241@example.com,2025-05-26 20:19:43,2025-05-26T20:19:43,241,android,ko,America/Toronto,2025-05-27 15:46:51,5.0,4.0,17.023333333333333,3.5999999999999996,2024-01-14 07:47:09,2025-05-20 00:16:30,returning,80.0
242,user242@example.com,2024-11-30 19:22:35,2024-11-30T19:22:35,242,ios,zh,Asia/Seoul,2025-02-19 13:21:26,1.0,0.0,19.216666666666665,2.1,2025-03-13 23:02:28,2025-03-13 23:02:28,new,0.0
243,user243@example.com,2024-10-02 04:35:07,2024-10-02T04:35:07,243,android,ko,America/Toronto,2025-05-21 13:58:42,1.0,0.0,17.783333333333335,,2025-03-23 04:55:14,2025-03-23 04:55:14,new,0.0
244,user244@example.com,2024-11-25 00:04:40,2024-11-25T00:04:40,244,android,ja,America/Vancouver,2025-05-22 02:44:52,1.0,1.0,9.55,5.0,2024-03-08 18:06:24,2024-03-08 18:06:24,new,100.0
245,user245@example.com,2024-11-15 07:30:06,2024-11-15T07:30:06,245,ios,ko,America/Toronto,2025-01-18 05:05:56,2.0,2.0,19.108333333333334,,2024-04-05 05:46:28,2024-06-24 21:36:49,new,100.0
246,user246@example.com,2024-12-28 17:58:14,2024-12-28T17:58:14,246,android,en,America/Toronto,2025-05-16 23:03:01,1.0,1.0,20.416666666666668,3.7,2024-11-20 21:05:56,2024-11-20 21:05:56,new,100.0
247,user247@example.com,2024-02-12 01:49:26,2024-02-12T01:49:26,247,ios,zh,America/Vancouver,2025-01-29 06:24:52,3.0,3.0,13.549999999999999,5.0,2024-03-17 19:39:22,2025-02-02 01:32:58,returning,100.0
248,user248@example.com,2025-05-22 13:17:35,2025-05-22T13:17:35,248,android,zh,America/Vancouver,2025-05-29 08:03:16,1.0,1.0,11.066666666666666,3.3,2024-03-27 02:50:59,2024-03-27 02:50:59,new,100.0
249,user249@example.com,2025-05-16 21:39:49,2025-05-16T21:39:49,249,android,en,Asia/Tokyo,2025-05-23 01:53:44,2.0,1.0,15.008333333333333,,2024-07-25 10:01:00,2024-10-31 22:15:37,new,50.0
250,user250@example.com,2024-03-17 10:38:31,2024-03-17T10:38:31,250,ios,en,America/Vancouver,2025-02-09 12:56:01,2.0,2.0,15.266666666666667,,2024-04-11 11:21:28,2025-05-02 09:11:02,new,100.0
251,user251@example.com,2024-02-17 01:54:07,2024-02-17T01:54:07,251,ios,en,America/Vancouver,2025-02-17 17:56:49,2.0,2.0,16.083333333333336,5.0,2024-05-05 16:53:39,2024-06-07 10:02:04,new,100.0
252,user252@example.com,2024-11-08 17:24:16,2024-11-08T17:24:16,252,android,zh,America/Toronto,2024-12-31 07:41:34,4.0,3.0,17.104166666666664,3.6,2024-03-07 04:52:27,2024-08-15 22:19:44,returning,75.0
253,user253@example.com,2024-09-20 13:03:32,2024-09-20T13:03:32,253,android,zh,Asia/Tokyo,2025-02-14 03:34:47,2.0,2.0,13.975,3.8499999999999996,2024-01-21 03:58:11,2024-08-11 11:35:18,new,100.0
254,user254@example.com,2024-03-25 20:55:20,2024-03-25T20:55:20,254,ios,ko,Asia/Seoul,2024-06-26 00:24:17,3.0,2.0,15.177777777777777,2.65,2024-02-12 06:42:07,2025-05-20 11:55:32,returning,66.7
255,user255@example.com,2024-07-12 03:17:24,2024-07-12T03:17:24,255,android,ko,America/Toronto,2024-07-13 11:39:48,2.0,0.0,15.425,3.1,2024-07-25 19:26:54,2024-11-07 19:23:38,new,0.0
256,user256@example.com,2024-05-28 19:29:52,2024-05-28T19:29:52,256,android,zh,Asia/Tokyo,2024-12-21 09:28:42,3.0,2.0,14.700000000000001,,2024-01-30 23:40:18,2025-03-16 02:55:13,returning,66.7
257,user257@example.com,2024-05-27 17:45:03,2024-05-27T17:45:03,257,ios,ko,Asia/Tokyo,2024-10-09 04:11:36,2.0,2.0,12.791666666666668,3.7,2024-05-28 01:49:57,2024-07-14 11:26:05,new,100.0
258,user258@example.com,2025-02-20 13:05:27,2025-02-20T13:05:27,258,android,ko,America/Vancouver,2025-02-26 19:14:03,2.0,2.0,19.4,3.7,2024-07-14 00:50:05,2025-02-19 21:57:20,new,100.0
259,user259@example.com,2024-12-14 10:45:45,2024-12-14T10:45:45,259,ios,ko,America/Toronto,2024-12-27 12:21:39,2.0,1.0,15.783333333333333,4.2,2024-01-02 12:26:35,2025-04-09 06:39:12,new,50.0
260,user260@example.com,2024-04-18 21:11:14,2024-04-18T21:11:14,260,ios,zh,America/Vancouver,2024-10-25 23:21:44,2.0,2.0,13.666666666666668,2.8,2024-04-04 19:14:49,2024-10-04 16:32:57,new,100.0
261,user261@example.com,2024-11-23 16:26:37,2024-11-23T16:26:37,261,android,zh,America/Toronto,2025-03-08 11:54:23,2.0,1.0,11.45,5.0,2024-04-06 15:31:47,2024-07-22 05:33:39,new,50.0
262,user262@example.com,2024-05-22 12:27:53,2024-05-22T12:27:53,262,ios,ko,Asia/Seoul,2024-08-21 11:00:29,3.0,3.0,18.633333333333333,3.8499999999999996,2024-03-30 00:29:55,2024-09-23 19:43:35,returning,100.0
263,user263@example.com,2024-08-04 08:27:28,2024-08-04T08:27:28,263,android,ko,Asia/Seoul,2024-09-28 23:44:30,1.0,0.0,18.983333333333334,,2025-02-26 20:51:27,2025-02-26 20:51:27,new,0.0
264,user264@example.com,2024-12-25 08:00:44,2024-12-25T08:00:44,264,ios,zh,Asia/Seoul,2025-02-16 18:19:20,3.0,2.0,9.522222222222222,4.75,2024-06-11 11:49:40,2024-08-21 21:32:42,returning,66.7
265,user265@example.com,2024-07-13 00:43:46,2024-07-13T00:43:46,265,ios,zh,Asia/Tokyo,2024-07-31 05:43:15,2.0,2.0,14.466666666666667,3.4,2024-09-09 23:07:15,2025-03-08 15:38:57,new,100.0
266,user266@example.com,2024-02-28 13:16:34,2024-02-28T13:16:34,266,android,ja,Asia/Tokyo,2025-01-10 15:46:43,2.0,2.0,14.883333333333333,,2024-01-25 20:20:54,2025-03-29 23:44:36,new,100.0
267,user267@example.com,2024-12-10 04:33:20,2024-12-10T04:33:20,267,android,zh,America/Toronto,2025-05-05 16:23:21,5.0,5.0,18.5,5.0,2024-03-02 02:48:19,2025-05-17 17:09:12,returning,100.0
268,user268@example.com,2025-03-03 10:48:26,2025-03-03T10:48:26,268,android,ko,America/Toronto,2025-04-01 15:34:25,3.0,3.0,15.28888888888889,5.0,2024-05-20 04:01:36,2024-09-13 00:21:36,returning,100.0
269,user269@example.com,2024-03-17 01:09:03,2024-03-17T01:09:03,269,android,en,Asia/Tokyo,2025-02-03 13:25:12,1.0,0.0,19.716666666666665,,2024-11-25 00:18:09,2024-11-25 00:18:09,new,0.0
270,user270@example.com,2024-02-09 07:02:05,2024-02-09T07:02:05,270,ios,zh,America/Toronto,2024-08-25 08:29:53,4.0,4.0,15.329166666666666,4.45,2024-01-27 11:12:59,2025-04-24 04:35:20,returning,100.0
271,user271@example.com,2025-05-21 12:51:42,2025-05-21T12:51:42,271,android,en,Asia/Tokyo,2025-05-31 19:36:25,2.0,2.0,14.516666666666667,,2024-11-18 17:41:04,2025-03-11 22:43:30,new,100.0
272,user272@example.com,2025-02-23 21:17:22,2025-02-23T21:17:22,272,ios,ko,America/Vancouver,2025-04-17 00:24:40,1.0,1.0,11.3,,2024-08-02 13:37:11,2024-08-02 13:37:11,new,100.0
273,user273@example.com,2024-01-12 11:06:22,2024-01-12T11:06:22,273,ios,en,America/Toronto,2025-04-12 20:27:35,2.0,2.0,11.866666666666667,3.9,2024-02-20 07:12:45,2025-01-16 02:55:40,new,100.0
274,user274@example.com,2024-03-13 10:32:38,2024-03-13T10:32:38,274,android,ko,Asia/Seoul,2024-11-03 22:22:41,1.0,1.0,11.716666666666667,4.3,2024-08-12 10:54:13,2024-08-12 10:54:13,new,100.0
275,user275@example.com,2024-07-02 14:25:59,2024-07-02T14:25:59,275,ios,ko,America/Vancouver,2025-04-18 15:51:07,4.0,3.0,11.504166666666666,4.1,2024-02-17 05:27:17,2024-11-24 04:38:54,returning,75.0
276,user276@example.com,2024-05-09 04:15:49,2024-05-09T04:15:49,276,ios,ko,Asia/Tokyo,2025-04-29 13:51:37,4.0,2.0,17.325,4.566666666666666,2024-02-23 09:32:50,2025-05-17 18:38:12,returning,50.0
277,user277@example.com,2024-11-11 16:06:25,2024-11-11T16:06:25,277,android,ja,Asia/Tokyo,2025-05-11 17:52:34,,,,,,,,
278,user278@example.com,2025-01-12 05:00:24,2025-01-12T05:00:24,278,android,ja,Asia/Seoul,2025-03-23 01:04:19,4.0,3.0,14.475,3.9,2024-02-03 14:32:02,2025-05-16 04:53:03,returning,75.0
279,user279@example.com,2025-01-08 21:10:16,2025-01-08T21:10:16,279,android,zh,America/Vancouver,2025-05-29 03:51:44,3.0,3.0,13.827777777777778,,2024-06-13 07:01:04,2024-11-09 13:47:17,returning,100.0
280,user280@example.com,2024-06-15 00:32:18,2024-06-15T00:32:18,280,android,ko,Asia/Seoul,2024-10-14 13:10:58,3.0,2.0,16.144444444444442,3.7,2024-05-01 23:19:28,2025-03-03 17:54:21,returning,66.7
281,user281@example.com,2024-11-07 11:55:58,2024-11-07T11:55:58,281,ios,ko,America/Toronto,2024-11-13 19:06:47,2.0,1.0,16.633333333333333,,2024-03-12 10:26:31,2025-04-17 05:55:34,new,50.0
282,user282@example.com,2024-02-15 13:02:35,2024-02-15T13:02:35,282,android,ja,America/Toronto,2024-07-16 22:19:22,4.0,4.0,18.120833333333334,3.8,2024-03-06 17:57:07,2025-05-09 09:57:43,returning,100.0
283,user283@example.com,2024-05-07 21:03:30,2024-05-07T21:03:30,283,ios,zh,America/Toronto,2025-05-30 16:42:45,6.0,6.0,16.586111111111112,3.3666666666666667,2024-03-25 19:20:51,2024-12-16 21:01:07,returning,100.0
284,user284@example.com,2024-10-21 08:34:15,2024-10-21T08:34:15,284,android,zh,Asia/Tokyo,2025-04-18 07:48:30,1.0,1.0,9.6,3.4,2024-08-02 11:42:13,2024-08-02 11:42:13,new,100.0
285,user285@example.com,2024-01-02 16:10:44,2024-01-02T16:10:44,285,android,ko,America/Toronto,2025-03-02 04:32:27,2.0,2.0,20.266666666666666,4.4,2024-07-15 20:11:36,2024-10-23 12:56:17,new,100.0
286,user286@example.com,2024-10-30 05:59:20,2024-10-30T05:59:20,286,ios,en,America/Vancouver,2024-11-28 02:47:54,2.0,2.0,13.183333333333334,4.4,2024-01-16 13:20:39,2025-05-06 18:15:37,new,100.0
287,user287@example.com,2024-07-24 23:44:35,2024-07-24T23:44:35,287,ios,zh,America/Toronto,2025-03-26 22:18:30,5.0,4.0,14.013333333333332,4.166666666666667,2024-02-20 17:11:15,2025-04-10 19:31:21,returning,80.0
288,user288@example.com,2024-12-19 09:58:14,2024-12-19T09:58:14,288,ios,ko,America/Vancouver,2025-01-30 21:16:41,2.0,2.0,14.291666666666668,,2024-07-15 13:47:09,2024-08-23 17:35:31,new,100.0
289,user289@example.com,2024-08-09 13:25:51,2024-08-09T13:25:51,289,android,ja,America/Vancouver,2025-04-06 12:04:21,3.0,3.0,17.322222222222223,5.0,2024-03-10 22:36:32,2025-04-07 18:23:34,returning,100.0
290,user290@example.com,2024-11-24 13:25:51,2024-11-24T13:25:51,290,android,en,America/Vancouver,2025-03-07 21:43:14,7.0,5.0,13.657142857142857,4.5,2024-05-28 13:23:51,2025-05-01 11:48:37,returning,71.4
291,user291@example.com,2025-03-07 16:16:20,2025-03-07T16:16:20,291,ios,en,Asia/Seoul,2025-04-28 16:37:56,1.0,0.0,16.333333333333332,,2024-10-01 20:25:09,2024-10-01 20:25:09,new,0.0
292,user292@example.com,2025-05-29 02:10:31,2025-05-29T02:10:31,292,ios,zh,America/Toronto,2025-05-29 09:58:04,5.0,2.0,16.453333333333333,3.5,2024-03-13 07:04:01,2024-11-23 01:02:54,returning,40.0
293,user293@example.com,2025-01-13 00:12:45,2025-01-13T00:12:45,293,ios,ko,America/Toronto,2025-05-13 08:36:02,2.0,2.0,17.883333333333333,3.8,2024-05-22 17:43:32,2025-04-27 04:21:53,new,100.0
294,user294@example.com,2024-04-30 05:37:19,2024-04-30T05:37:19,294,android,ja,Asia/Seoul,2025-03-04 12:18:27,5.0,2.0,16.73,3.5666666666666664,2024-05-14 19:46:10,2024-10-12 06:54:54,returning,40.0
295,user295@example.com,2024-05-27 11:57:10,2024-05-27T11:57:10,295,android,zh,Asia/Tokyo,2025-01-01 22:09:17,3.0,3.0,17.294444444444444,4.466666666666667,2025-02-12 10:08:17,2025-05-23 20:24:04,returning,100.0
296,user296@example.com,2024-08-18 11:02:05,2024-08-18T11:02:05,296,ios,ja,America/Vancouver,2025-04-29 08:17:35,2.0,1.0,17.674999999999997,4.4,2024-09-05 00:38:37,2025-01-20 12:14:17,new,50.0
297,user297@example.com,2024-06-18 02:14:19,2024-06-18T02:14:19,297,ios,zh,Asia/Tokyo,2024-11-11 13:42:49,4.0,4.0,15.475,4.4,2024-04-19 06:47:53,2025-04-20 03:21:46,returning,100.0
298,user298@example.com,2024-02-15 10:12:27,2024-02-15T10:12:27,298,ios,en,America/Toronto,2024-04-19 15:35:18,5.0,3.0,16.81666666666667,,2024-04-17 03:56:32,2025-05-27 15:45:03,returning,60.0
299,user299@example.com,2025-03-25 20:42:11,2025-03-25T20:42:11,299,android,ja,America/Vancouver,2025-05-16 03:24:11,5.0,3.0,13.690000000000001,,2024-03-07 14:34:15,2025-05-31 10:02:49,returning,60.0
300,user300@example.com,2025-02-25 03:15:04,2025-02-25T03:15:04,300,ios,ko,Asia/Tokyo,2025-03-23 10:56:54,2.0,2.0,16.516666666666666,3.6,2024-10-02 12:18:29,2024-12-07 06:00:51,new,100.0
301,user301@example.com,2024-02-17 08:19:53,2024-02-17T08:19:53,301,ios,ja,America/Vancouver,2024-07-05 15:44:29,5.0,4.0,16.73333333333333,5.0,2024-04-22 00:32:35,2025-03-08 10:36:59,returning,80.0
302,user302@example.com,2024-08-31 14:01:02,2024-08-31T14:01:02,302,ios,ko,America/Toronto,2025-02-02 06:24:18,6.0,3.0,15.613888888888889,3.9000000000000004,2024-02-01 11:25:47,2024-11-28 13:53:26,returning,50.0
303,user303@example.com,2024-02-14 09:38:16,2024-02-14T09:38:16,303,android,ko,America/Toronto,2025-04-29 13:36:55,1.0,1.0,23.916666666666668,4.5,2024-05-05 16:13:24,2024-05-05 16:13:24,new,100.0
304,user304@example.com,2024-02-08 22:43:15,2024-02-08T22:43:15,304,android,zh,America/Toronto,2024-04-09 20:43:08,4.0,4.0,18.258333333333333,5.0,2024-07-29 13:48:45,2025-05-15 23:19:04,returning,100.0
305,user305@example.com,2025-03-29 17:51:34,2025-03-29T17:51:34,305,android,en,America/Vancouver,2025-05-11 04:20:56,2.0,1.0,18.233333333333334,4.1,2024-03-10 03:34:53,2024-11-22 01:38:01,new,50.0
306,user306@example.com,2025-01-05 07:58:55,2025-01-05T07:58:55,306,ios,ja,Asia/Tokyo,2025-03-09 17:00:26,2.0,1.0,15.433333333333334,,2024-09-09 14:42:27,2024-09-22 03:43:55,new,50.0
307,user307@example.com,2025-01-25 13:48:37,2025-01-25T13:48:37,307,android,zh,Asia/Tokyo,2025-03-10 21:00:44,2.0,2.0,10.191666666666666,,2024-02-28 12:05:18,2024-03-06 21:57:04,new,100.0
308,user308@example.com,2025-02-16 12:54:31,2025-02-16T12:54:31,308,android,zh,America/Toronto,2025-05-01 08:10:33,1.0,0.0,12.15,,2025-02-14 22:53:15,2025-02-14 22:53:15,new,0.0
309,user309@example.com,2024-05-02 06:45:31,2024-05-02T06:45:31,309,android,ko,America/Vancouver,2024-07-05 00:03:28,5.0,3.0,17.423333333333336,3.8499999999999996,2024-03-11 00:49:57,2025-03-16 01:39:12,returning,60.0
310,user310@example.com,2024-02-14 04:18:43,2024-02-14T04:18:43,310,ios,zh,America/Toronto,2024-12-12 19:23:31,2.0,2.0,11.925,4.2,2024-10-23 07:42:08,2024-12-18 08:00:10,new,100.0
311,user311@example.com,2025-01-29 10:36:33,2025-01-29T10:36:33,311,android,en,America/Vancouver,2025-01-30 10:49:14,2.0,2.0,13.358333333333334,4.0,2024-04-27 18:53:41,2025-03-21 07:45:28,new,100.0
312,user312@example.com,2024-03-03 05:23:09,2024-03-03T05:23:09,312,android,ja,Asia/Seoul,2024-05-21 15:07:03,,,,,,,,
313,user313@example.com,2024-05-24 08:01:42,2024-05-24T08:01:42,313,ios,ko,Asia/Tokyo,2024-11-14 15:33:16,5.0,5.0,14.406666666666666,4.2,2024-04-20 06:20:57,2025-04-25 16:16:53,returning,100.0
314,user314@example.com,2024-02-23 05:19:48,2024-02-23T05:19:48,314,android,en,America/Vancouver,2024-05-02 19:56:46,2.0,2.0,20.233333333333334,4.7,2024-08-08 00:27:08,2025-01-20 13:47:12,new,100.0
315,user315@example.com,2025-04-07 04:15:30,2025-04-07T04:15:30,315,ios,ja,Asia/Tokyo,2025-04-08 09:00:50,2.0,2.0,14.883333333333333,,2024-03-20 22:30:50,2025-03-25 13:44:08,new,100.0
316,user316@example.com,2024-02-22 18:52:56,2024-02-22T18:52:56,316,android,zh,America/Vancouver,2025-05-02 09:23:57,3.0,3.0,15.27222222222222,4.9,2024-03-26 16:25:55,2024-11-03 20:24:00,returning,100.0
317,user317@example.com,2024-07-01 16:31:06,2024-07-01T16:31:06,317,ios,zh,America/Toronto,2024-08-24 14:36:05,2.0,1.0,12.366666666666667,,2025-01-30 18:39:42,2025-03-25 02:46:20,new,50.0
318,user318@example.com,2024-11-09 14:55:18,2024-11-09T14:55:18,318,android,ja,Asia/Tokyo,2025-01-05 07:07:58,1.0,1.0,14.133333333333333,4.1,2024-05-03 07:53:49,2024-05-03 07:53:49,new,100.0
319,user319@example.com,2024-04-03 02:50:54,2024-04-03T02:50:54,319,ios,zh,Asia/Seoul,2025-02-24 04:45:53,1.0,0.0,12.683333333333334,4.4,2024-03-11 11:24:48,2024-03-11 11:24:48,new,0.0
320,user320@example.com,2025-03-18 11:31:09,2025-03-18T11:31:09,320,android,en,Asia/Seoul,2025-04-11 22:01:19,2.0,1.0,12.166666666666666,,2024-03-13 21:27:02,2024-04-23 02:38:27,new,50.0
321,user321@example.com,2024-07-10 05:47:12,2024-07-10T05:47:12,321,android,ko,Asia/Tokyo,2024-08-20 18:50:29,2.0,2.0,20.141666666666666,2.4,2024-10-07 01:55:33,2025-04-30 10:10:15,new,100.0
322,user322@example.com,2025-03-25 15:50:00,2025-03-25T15:50:00,322,android,en,Asia/Tokyo,2025-04-26 21:57:19,1.0,1.0,10.133333333333333,3.4,2024-05-25 09:30:24,2024-05-25 09:30:24,new,100.0
323,user323@example.com,2025-04-06 18:38:25,2025-04-06T18:38:25,323,android,zh,Asia/Seoul,2025-05-18 14:02:55,3.0,3.0,15.844444444444443,3.8,2024-11-03 05:21:25,2025-04-18 00:22:00,returning,100.0
324,user324@example.com,2024-01-31 20:50:17,2024-01-31T20:50:17,324,android,ja,America/Toronto,2025-02-06 22:13:36,4.0,4.0,17.004166666666666,3.4,2024-03-04 13:01:42,2024-12-27 15:45:41,returning,100.0
325,user325@example.com,2025-04-26 02:06:29,2025-04-26T02:06:29,325,ios,zh,Asia/Seoul,2025-05-10 05:40:11,3.0,2.0,13.077777777777778,4.0,2024-03-18 17:11:30,2024-09-23 14:29:48,returning,66.7
326,user326@example.com,2024-03-04 16:16:53,2024-03-04T16:16:53,326,ios,ja,Asia/Tokyo,2024-10-08 09:27:17,3.0,2.0,13.861111111111112,3.5,2024-06-13 21:45:14,2024-07-03 10:58:42,returning,66.7
327,user327@example.com,2024-11-21 14:55:07,2024-11-21T14:55:07,327,android,en,America/Toronto,2025-03-16 14:53:47,1.0,1.0,14.416666666666666,4.2,2024-12-19 04:04:28,2024-12-19 04:04:28,new,100.0
328,user328@example.com,2025-05-25 14:19:26,2025-05-25T14:19:26,328,ios,en,Asia/Tokyo,2025-05-28 03:23:18,5.0,5.0,13.276666666666667,3.75,2024-01-30 15:43:31,2025-02-07 16:52:04,returning,100.0
329,user329@example.com,2025-03-29 08:26:24,2025-03-29T08:26:24,329,android,en,Asia/Tokyo,2025-05-16 19:54:02,4.0,3.0,12.504166666666666,4.033333333333333,2024-01-07 04:19:47,2024-07-23 19:54:15,returning,75.0
330,user330@example.com,2025-03-15 00:35:36,2025-03-15T00:35:36,330,android,ko,Asia/Seoul,2025-05-17 23:23:21,4.0,2.0,17.97083333333333,4.033333333333334,2024-03-01 04:47:15,2025-03-07 16:04:06,returning,50.0
331,user331@example.com,2025-02-10 01:22:34,2025-02-10T01:22:34,331,android,zh,America/Vancouver,2025-05-08 06:10:43,3.0,3.0,13.405555555555557,,2024-04-19 22:04:45,2025-02-24 18:04:09,returning,100.0
332,user332@example.com,2024-09-02 17:33:40,2024-09-02T17:33:40,332,android,zh,America/Vancouver,2025-01-20 08:37:07,3.0,2.0,14.788888888888891,3.8666666666666667,2024-04-12 10:10:28,2025-01-06 00:43:38,returning,66.7
333,user333@example.com,2024-07-21 13:01:29,2024-07-21T13:01:29,333,ios,en,America/Toronto,2025-04-02 22:18:58,2.0,2.0,17.35,4.3,2024-06-13 04:09:49,2024-12-10 09:47:40,new,100.0
334,user334@example.com,2024-06-07 15:40:02,2024-06-07T15:40:02,334,ios,en,Asia/Tokyo,2025-03-26 23:10:45,3.0,2.0,16.099999999999998,4.5,2024-04-29 09:00:44,2025-01-10 19:31:23,returning,66.7
335,user335@example.com,2024-09-01 00:48:42,2024-09-01T00:48:42,335,android,en,America/Vancouver,2024-10-09 07:53:29,8.0,7.0,13.835416666666667,3.7999999999999994,2024-03-19 13:03:50,2025-05-20 23:08:12,returning,87.5
336,user336@example.com,2024-07-04 09:25:43,2024-07-04T09:25:43,336,ios,ko,Asia/Tokyo,2024-11-26 16:28:32,2.0,2.0,17.458333333333336,3.8499999999999996,2024-06-13 19:16:25,2024-11-20 11:49:54,new,100.0
337,user337@example.com,2024-07-25 07:24:48,2024-07-25T07:24:48,337,android,ko,Asia/Seoul,2024-08-03 20:21:13,1.0,1.0,20.433333333333334,4.8,2025-02-07 19:37:30,2025-02-07 19:37:30,new,100.0
338,user338@example.com,2024-11-03 09:58:58,2024-11-03T09:58:58,338,ios,ja,Asia/Tokyo,2024-12-06 18:12:27,1.0,1.0,17.116666666666667,3.6,2024-07-09 02:04:07,2024-07-09 02:04:07,new,100.0
339,user339@example.com,2024-04-11 15:44:52,2024-04-11T15:44:52,339,ios,ja,Asia/Seoul,2025-01-03 02:58:27,2.0,1.0,17.5,4.0,2024-10-04 23:50:11,2025-03-28 17:21:47,new,50.0
340,user340@example.com,2025-05-16 09:00:24,2025-05-16T09:00:24,340,ios,zh,Asia/Seoul,2025-05-27 22:23:29,1.0,1.0,18.2,,2024-12-07 10:18:21,2024-12-07 10:18:21,new,100.0
341,user341@example.com,2024-08-21 00:21:03,2024-08-21T00:21:03,341,android,zh,Asia/Seoul,2024-09-16 02:27:39,,,,,,,,
342,user342@example.com,2024-12-21 03:17:01,2024-12-21T03:17:01,342,ios,en,America/Vancouver,2025-02-25 18:08:33,1.0,1.0,14.233333333333333,4.9,2024-05-09 02:38:33,2024-05-09 02:38:33,new,100.0
343,user343@example.com,2024-09-02 13:58:12,2024-09-02T13:58:12,343,ios,ko,America/Toronto,2025-04-04 22:08:48,4.0,3.0,13.575,4.133333333333334,2024-01-11 14:40:13,2024-10-16 22:54:32,returning,75.0
344,user344@example.com,2024-02-26 08:18:06,2024-02-26T08:18:06,344,android,zh,Asia/Tokyo,2024-08-24 10:24:08,,,,,,,,
345,user345@example.com,2024-01-08 05:39:09,2024-01-08T05:39:09,345,ios,ko,Asia/Tokyo,2024-11-10 11:50:33,2.0,2.0,12.458333333333332,4.05,2024-05-09 10:09:23,2025-04-14 14:35:02,new,100.0
346,user346@example.com,2024-12-21 23:03:40,2024-12-21T23:03:40,346,ios,zh,Asia/Tokyo,2025-03-07 11:10:01,6.0,4.0,17.33888888888889,3.625,2024-06-05 16:12:25,2025-05-23 12:03:06,returning,66.7
347,user347@example.com,2025-04-27 11:14:51,2025-04-27T11:14:51,347,ios,ko,Asia/Seoul,2025-05-31 15:11:13,3.0,3.0,20.599999999999998,5.0,2024-01-18 19:14:06,2024-05-24 23:34:32,returning,100.0
348,user348@example.com,2025-03-13 06:57:43,2025-03-13T06:57:43,348,ios,ko,Asia/Seoul,2025-04-13 22:33:42,1.0,1.0,20.5,4.1,2025-03-08 17:37:33,2025-03-08 17:37:33,new,100.0
349,user349@example.com,2024-03-18 15:47:08,2024-03-18T15:47:08,349,android,en,Asia/Seoul,2025-04-02 20:25:41,3.0,2.0,15.827777777777778,4.5,2024-03-21 10:40:23,2025-03-07 12:07:44,returning,66.7
350,user350@example.com,2024-02-26 21:40:43,2024-02-26T21:40:43,350,android,zh,Asia/Tokyo,2025-05-27 20:14:22,,,,,,,,
351,user351@example.com,2025-02-21 14:13:54,2025-02-21T14:13:54,351,android,ja,Asia/Tokyo,2025-03-27 02:16:05,2.0,1.0,12.2,2.1,2024-12-09 11:00:33,2024-12-15 19:37:12,new,50.0
352,user352@example.com,2024-06-14 13:29:03,2024-06-14T13:29:03,352,ios,ko,Asia/Seoul,2024-07-30 08:02:03,2.0,2.0,13.658333333333331,3.35,2024-02-23 08:26:13,2024-11-04 02:32:43,new,100.0
353,user353@example.com,2025-01-27 22:22:27,2025-01-27T22:22:27,353,android,en,America/Toronto,2025-04-10 10:06:23,4.0,3.0,17.295833333333334,3.75,2024-02-23 12:12:09,2025-02-18 11:49:32,returning,75.0
354,user354@example.com,2024-07-24 23:41:38,2024-07-24T23:41:38,354,android,zh,America/Toronto,2025-03-05 05:16:28,,,,,,,,
355,user355@example.com,2024-04-12 21:10:09,2024-04-12T21:10:09,355,android,ko,Asia/Tokyo,2024-08-25 10:29:59,,,,,,,,
356,user356@example.com,2024-09-28 01:59:46,2024-09-28T01:59:46,356,android,ja,America/Toronto,2024-12-09 17:52:52,4.0,4.0,15.658333333333333,,2024-02-09 13:08:58,2025-05-30 07:43:45,returning,100.0
357,user357@example.com,2024-02-23 10:21:46,2024-02-23T10:21:46,357,android,en,Asia/Seoul,2024-03-01 21:00:39,1.0,1.0,20.15,,2024-03-15 20:18:08,2024-03-15 20:18:08,new,100.0
358,user358@example.com,2024-07-08 17:47:29,2024-07-08T17:47:29,358,ios,ko,Asia/Tokyo,2025-02-11 20:06:56,3.0,3.0,14.677777777777777,2.9,2024-02-02 19:49:50,2024-07-22 06:54:42,returning,100.0
359,user359@example.com,2024-10-14 00:29:03,2024-10-14T00:29:03,359,android,zh,Asia/Tokyo,2025-03-24 10:26:26,3.0,3.0,18.438888888888886,4.15,2024-04-27 00:47:27,2024-11-04 23:52:37,returning,100.0
360,user360@example.com,2024-08-09 08:33:00,2024-08-09T08:33:00,360,android,ko,America/Vancouver,2025-03-16 22:26:22,,,,,,,,
361,user361@example.com,2024-05-02 12:36:50,2024-05-02T12:36:50,361,ios,ja,America/Vancouver,2024-12-02 00:14:37,6.0,6.0,14.186111111111112,5.0,2024-01-08 13:26:21,2024-11-11 01:27:21,returning,100.0
362,user362@example.com,2024-12-06 08:21:08,2024-12-06T08:21:08,362,android,ko,Asia/Tokyo,2025-03-26 04:28:27,2.0,1.0,12.25,4.5,2024-07-05 20:08:11,2024-09-25 03:29:23,new,50.0
363,user363@example.com,2025-02-25 22:19:00,2025-02-25T22:19:00,363,ios,en,Asia/Seoul,2025-05-12 04:27:39,3.0,2.0,13.422222222222222,3.3,2024-03-26 22:57:25,2025-05-26 13:46:28,returning,66.7
364,user364@example.com,2024-08-22 23:19:41,2024-08-22T23:19:41,364,android,en,Asia/Tokyo,2025-03-23 03:42:34,1.0,1.0,18.066666666666666,,2024-03-09 16:35:05,2024-03-09 16:35:05,new,100.0
365,user365@example.com,2025-04-20 02:29:59,2025-04-20T02:29:59,365,android,en,America/Toronto,2025-05-04 13:21:20,3.0,2.0,18.47222222222222,5.0,2024-04-24 11:15:08,2025-05-19 22:42:05,returning,66.7
366,user366@example.com,2025-05-22 23:00:07,2025-05-22T23:00:07,366,android,ja,Asia/Seoul,2025-05-24 00:20:15,5.0,4.0,16.84,4.3999999999999995,2024-02-17 06:54:15,2025-03-24 14:56:59,returning,80.0
367,user367@example.com,2025-02-14 20:10:09,2025-02-14T20:10:09,367,ios,ko,America/Toronto,2025-04-23 22:13:38,2.0,2.0,13.841666666666665,3.9,2024-05-28 08:08:47,2025-01-23 02:59:19,new,100.0
368,user368@example.com,2024-01-07 01:49:59,2024-01-07T01:49:59,368,ios,ko,America/Toronto,2024-06-15 19:31:29,1.0,1.0,17.15,5.0,2024-05-15 16:55:11,2024-05-15 16:55:11,new,100.0
369,user369@example.com,2025-03-06 18:32:09,2025-03-06T18:32:09,369,android,ja,America/Toronto,2025-04-07 04:42:12,2.0,2.0,19.46666666666667,3.3,2024-03-24 19:59:30,2024-10-28 02:01:35,new,100.0
370,user370@example.com,2024-08-20 12:49:27,2024-08-20T12:49:27,370,android,ja,America/Vancouver,2024-10-12 04:36:15,2.0,1.0,12.908333333333335,5.0,2024-02-21 20:22:18,2024-09-14 00:17:48,new,50.0
371,user371@example.com,2025-05-30 06:27:43,2025-05-30T06:27:43,371,ios,ja,America/Toronto,2025-05-30 16:07:27,3.0,2.0,16.25,2.9,2024-04-24 15:33:54,2025-02-19 17:16:23,returning,66.7
372,user372@example.com,2024-03-21 10:59:32,2024-03-21T10:59:32,372,ios,ja,America/Toronto,2025-01-20 11:27:53,,,,,,,,
373,user373@example.com,2024-04-14 07:22:04,2024-04-14T07:22:04,373,ios,ja,Asia/Tokyo,2025-01-30 17:05:12,5.0,5.0,16.91,4.25,2024-05-12 09:52:39,2024-10-18 03:05:18,returning,100.0
374,user374@example.com,2024-07-24 10:00:07,2024-07-24T10:00:07,374,ios,en,Asia/Tokyo,2025-02-09 15:52:04,,,,,,,,
375,user375@example.com,2024-03-30 15:44:46,2024-03-30T15:44:46,375,android,zh,Asia/Tokyo,2024-12-09 20:51:37,1.0,1.0,14.45,,2024-01-31 14:01:18,2024-01-31 14:01:18,new,100.0
376,user376@example.com,2024-03-24 03:17:42,2024-03-24T03:17:42,376,ios,zh,Asia/Seoul,2024-05-12 07:51:52,2.0,2.0,13.225,2.8,2024-08-18 00:31:57,2024-11-12 06:39:56,new,100.0
377,user377@example.com,2025-03-05 16:50:10,2025-03-05T16:50:10,377,android,ko,Asia/Tokyo,2025-05-24 18:52:13,2.0,1.0,18.266666666666666,4.1,2024-08-05 11:10:51,2025-02-14 21:34:36,new,50.0
378,user378@example.com,2024-04-30 17:45:32,2024-04-30T17:45:32,378,android,ja,Asia/Seoul,2024-12-07 00:19:01,3.0,3.0,15.588888888888889,4.2,2024-04-14 06:40:23,2025-01-01 17:51:57,returning,100.0
379,user379@example.com,2024-07-30 12:56:19,2024-07-30T12:56:19,379,ios,zh,Asia/Seoul,2025-04-21 14:47:01,2.0,2.0,17.375,3.4,2024-03-26 16:48:54,2024-10-17 20:26:09,new,100.0
380,user380@example.com,2024-08-06 20:19:03,2024-08-06T20:19:03,380,ios,en,Asia/Tokyo,2024-08-13 04:04:14,2.0,1.0,16.71666666666667,4.5,2024-01-10 02:03:47,2024-10-04 22:16:02,new,50.0
381,user381@example.com,2025-04-14 18:50:42,2025-04-14T18:50:42,381,ios,zh,Asia/Tokyo,2025-04-14 19:37:57,2.0,2.0,19.108333333333334,,2024-09-12 10:34:11,2025-03-17 22:27:49,new,100.0
382,user382@example.com,2024-06-12 14:25:16,2024-06-12T14:25:16,382,ios,ko,Asia/Seoul,2024-08-13 08:11:54,3.0,3.0,14.216666666666667,3.75,2024-10-16 07:42:25,2025-02-15 09:23:48,returning,100.0
383,user383@example.com,2024-09-23 07:45:06,2024-09-23T07:45:06,383,ios,ja,Asia/Seoul,2024-10-25 07:58:00,2.0,2.0,13.45,2.5,2024-06-06 01:29:03,2025-05-24 17:37:24,new,100.0
384,user384@example.com,2024-06-07 03:19:44,2024-06-07T03:19:44,384,ios,en,Asia/Tokyo,2025-02-05 02:23:00,5.0,3.0,17.043333333333333,4.266666666666667,2024-05-08 15:40:11,2024-12-08 07:11:54,returning,60.0
385,user385@example.com,2025-05-07 15:03:08,2025-05-07T15:03:08,385,ios,zh,America/Vancouver,2025-05-12 05:56:57,4.0,3.0,17.741666666666667,3.3666666666666667,2024-01-08 21:01:43,2024-08-02 11:04:53,returning,75.0
386,user386@example.com,2024-07-24 01:00:59,2024-07-24T01:00:59,386,ios,zh,America/Vancouver,2024-09-13 13:52:05,4.0,4.0,14.216666666666667,4.3999999999999995,2024-12-31 03:35:11,2025-05-26 18:52:52,returning,100.0
387,user387@example.com,2025-01-27 13:30:27,2025-01-27T13:30:27,387,android,en,America/Vancouver,2025-04-04 06:40:44,2.0,2.0,16.625,2.8,2024-05-02 20:33:02,2024-06-12 22:30:34,new,100.0
388,user388@example.com,2025-01-14 10:53:37,2025-01-14T10:53:37,388,android,ko,Asia/Tokyo,2025-01-28 04:58:38,1.0,0.0,11.966666666666667,,2024-10-03 12:51:57,2024-10-03 12:51:57,new,0.0
389,user389@example.com,2024-07-14 01:14:21,2024-07-14T01:14:21,389,android,en,America/Vancouver,2024-08-23 03:08:49,4.0,2.0,12.841666666666667,3.5,2024-01-10 19:10:17,2025-05-23 00:21:21,returning,50.0
390,user390@example.com,2024-02-09 10:57:36,2024-02-09T10:57:36,390,android,ja,America/Toronto,2024-12-02 17:23:50,4.0,4.0,14.9875,3.4499999999999997,2024-02-17 15:38:30,2024-10-18 09:14:41,returning,100.0
391,user391@example.com,2024-03-12 16:34:05,2024-03-12T16:34:05,391,ios,en,America/Vancouver,2024-07-18 03:55:20,4.0,4.0,16.070833333333333,4.133333333333334,2024-05-21 03:34:41,2025-05-17 06:06:56,returning,100.0
392,user392@example.com,2025-05-07 15:55:08,2025-05-07T15:55:08,392,android,ko,America/Toronto,2025-05-27 15:35:44,5.0,2.0,16.586666666666666,4.366666666666666,2024-01-09 06:56:54,2024-12-18 09:41:51,returning,40.0
393,user393@example.com,2024-11-25 00:01:28,2024-11-25T00:01:28,393,ios,en,America/Vancouver,2024-12-22 04:31:58,4.0,2.0,15.924999999999999,4.2,2024-01-20 17:34:49,2024-11-02 08:39:23,returning,50.0
394,user394@example.com,2024-08-02 21:41:35,2024-08-02T21:41:35,394,android,ja,Asia/Tokyo,2024-12-03 01:04:46,2.0,2.0,19.041666666666668,,2024-06-12 15:22:21,2024-07-25 14:44:09,new,100.0
395,user395@example.com,2024-02-04 05:50:12,2024-02-04T05:50:12,395,ios,ja,America/Vancouver,2024-08-15 00:00:19,4.0,4.0,18.729166666666668,4.5,2024-06-05 14:55:28,2025-04-20 17:51:02,returning,100.0
396,user396@example.com,2024-01-03 18:05:47,2024-01-03T18:05:47,396,ios,ja,America/Toronto,2025-02-08 21:38:22,1.0,1.0,7.683333333333334,,2024-04-29 16:22:27,2024-04-29 16:22:27,new,100.0
397,user397@example.com,2024-09-16 01:56:40,2024-09-16T01:56:40,397,ios,zh,Asia/Seoul,2025-05-25 00:40:59,3.0,2.0,16.711111111111112,3.3,2024-04-06 21:46:01,2024-06-06 16:38:33,returning,66.7
398,user398@example.com,2024-04-11 14:39:18,2024-04-11T14:39:18,398,ios,zh,Asia/Tokyo,2024-07-08 04:20:57,4.0,4.0,15.895833333333332,5.0,2024-03-04 20:19:41,2025-04-26 20:00:44,returning,100.0
399,user399@example.com,2025-05-09 20:39:14,2025-05-09T20:39:14,399,android,en,America/Vancouver,2025-05-18 15:00:31,1.0,1.0,17.166666666666668,3.6,2024-09-08 07:57:38,2024-09-08 07:57:38,new,100.0
400,user400@example.com,2024-07-22 11:12:00,2024-07-22T11:12:00,400,ios,zh,Asia/Tokyo,2024-12-11 09:05:27,1.0,1.0,16.483333333333334,,2024-09-08 19:51:27,2024-09-08 19:51:27,new,100.0
401,user401@example.com,2024-05-05 12:06:22,2024-05-05T12:06:22,401,ios,zh,America/Vancouver,2024-05-18 11:13:08,4.0,2.0,16.545833333333334,3.866666666666667,2024-01-25 08:57:23,2025-03-01 15:38:50,returning,50.0
402,user402@example.com,2024-12-09 04:24:39,2024-12-09T04:24:39,402,ios,ja,America/Toronto,2024-12-16 22:01:02,1.0,1.0,20.283333333333335,3.9,2024-12-07 09:33:16,2024-12-07 09:33:16,new,100.0
403,user403@example.com,2025-03-04 12:04:06,2025-03-04T12:04:06,403,android,ja,Asia/Tokyo,2025-04-14 15:04:12,3.0,3.0,12.405555555555557,2.6,2024-06-02 07:26:20,2025-05-02 20:19:10,returning,100.0
404,user404@example.com,2024-11-28 04:39:43,2024-11-28T04:39:43,404,ios,ko,Asia/Seoul,2024-12-14 10:15:09,4.0,4.0,15.2125,4.5,2024-01-31 21:07:57,2025-03-09 18:57:05,returning,100.0
405,user405@example.com,2025-03-11 16:03:42,2025-03-11T16:03:42,405,ios,ko,America/Toronto,2025-05-02 17:56:28,4.0,3.0,14.6,3.3000000000000003,2024-01-28 17:24:23,2024-06-29 01:04:23,returning,75.0
406,user406@example.com,2024-01-08 12:15:22,2024-01-08T12:15:22,406,android,en,Asia/Seoul,2024-12-13 07:35:13,4.0,4.0,17.2125,4.1,2024-04-03 09:29:15,2025-03-11 03:16:12,returning,100.0
407,user407@example.com,2024-03-27 21:28:49,2024-03-27T21:28:49,407,ios,ko,America/Vancouver,2025-02-28 08:50:29,2.0,2.0,14.966666666666667,4.8,2024-06-06 09:58:34,2025-01-12 03:37:18,new,100.0
408,user408@example.com,2024-02-28 10:38:49,2024-02-28T10:38:49,408,android,en,Asia/Seoul,2024-07-13 20:55:26,3.0,1.0,13.494444444444445,3.733333333333333,2024-01-13 23:40:09,2024-12-07 03:53:02,returning,33.3
409,user409@example.com,2024-04-25 18:34:23,2024-04-25T18:34:23,409,ios,ko,America/Vancouver,2024-08-31 00:38:04,,,,,,,,
410,user410@example.com,2025-02-27 18:32:24,2025-02-27T18:32:24,410,android,ja,America/Toronto,2025-04-04 21:03:30,5.0,4.0,13.65,4.15,2024-01-15 18:33:07,2024-11-28 21:28:09,returning,80.0
411,user411@example.com,2024-01-28 23:36:47,2024-01-28T23:36:47,411,android,en,America/Vancouver,2024-10-15 04:40:16,1.0,0.0,12.016666666666667,,2024-08-10 18:46:58,2024-08-10 18:46:58,new,0.0
412,user412@example.com,2024-10-13 18:41:05,2024-10-13T18:41:05,412,android,en,Asia/Seoul,2025-05-25 17:28:04,5.0,3.0,15.316666666666668,5.0,2024-01-15 15:47:35,2025-05-27 10:08:50,returning,60.0
413,user413@example.com,2025-03-28 10:45:55,2025-03-28T10:45:55,413,android,zh,Asia/Seoul,2025-04-02 19:56:51,2.0,2.0,16.8,4.0,2024-09-21 00:46:04,2025-03-07 01:57:35,new,100.0
414,user414@example.com,2025-03-05 03:48:51,2025-03-05T03:48:51,414,ios,ja,America/Toronto,2025-03-29 22:16:39,1.0,1.0,13.233333333333333,,2024-01-19 12:18:02,2024-01-19 12:18:02,new,100.0
415,user415@example.com,2024-04-25 00:40:05,2024-04-25T00:40:05,415,ios,ko,America/Vancouver,2024-05-29 05:35:38,6.0,5.0,13.422222222222222,3.7,2024-01-11 19:34:21,2024-09-26 18:27:08,returning,83.3
416,user416@example.com,2024-11-29 19:48:18,2024-11-29T19:48:18,416,ios,en,Asia/Tokyo,2025-02-08 12:03:30,5.0,5.0,15.98,4.45,2024-03-30 14:14:00,2024-12-23 16:25:38,returning,100.0
417,user417@example.com,2024-04-08 23:45:24,2024-04-08T23:45:24,417,ios,ko,America/Vancouver,2025-02-28 17:22:01,1.0,1.0,17.8,3.7,2024-10-08 19:26:43,2024-10-08 19:26:43,new,100.0
418,user418@example.com,2024-02-02 11:44:47,2024-02-02T11:44:47,418,android,ko,Asia/Tokyo,2024-10-07 23:46:10,2.0,2.0,14.291666666666668,4.4,2025-01-04 11:15:29,2025-04-12 16:55:29,new,100.0
419,user419@example.com,2024-08-27 10:21:07,2024-08-27T10:21:07,419,ios,ja,America/Vancouver,2025-03-10 09:42:45,3.0,3.0,17.116666666666664,4.9,2024-07-02 20:35:06,2024-12-20 09:56:28,returning,100.0
420,user420@example.com,2024-10-10 05:35:48,2024-10-10T05:35:48,420,ios,ko,America/Vancouver,2025-03-14 22:29:13,5.0,2.0,17.05,4.34,2024-02-10 20:49:20,2025-04-27 07:14:50,returning,40.0
421,user421@example.com,2024-01-31 23:41:39,2024-01-31T23:41:39,421,android,ja,Asia/Seoul,2024-10-12 05:01:32,5.0,5.0,14.413333333333332,,2024-03-20 01:56:34,2025-02-19 12:45:47,returning,100.0
422,user422@example.com,2024-10-04 22:02:51,2024-10-04T22:02:51,422,android,en,Asia/Seoul,2024-12-21 20:26:17,2.0,0.0,16.925,4.3,2024-06-21 15:23:52,2024-12-25 21:54:22,new,0.0
423,user423@example.com,2024-06-12 04:06:37,2024-06-12T04:06:37,423,android,ko,Asia/Tokyo,2024-11-02 04:40:09,3.0,1.0,16.716666666666665,4.25,2024-08-22 01:19:55,2024-09-19 06:52:12,returning,33.3
424,user424@example.com,2024-07-12 19:34:17,2024-07-12T19:34:17,424,ios,ko,America/Toronto,2024-07-15 07:01:03,,,,,,,,
425,user425@example.com,2024-03-20 20:12:43,2024-03-20T20:12:43,425,ios,ko,Asia/Seoul,2024-03-28 07:04:20,,,,,,,,
426,user426@example.com,2024-10-01 17:02:51,2024-10-01T17:02:51,426,ios,zh,Asia/Seoul,2024-11-11 01:55:21,4.0,4.0,14.479166666666666,4.15,2024-07-01 07:28:16,2025-03-07 01:54:00,returning,100.0
427,user427@example.com,2025-03-10 20:59:06,2025-03-10T20:59:06,427,ios,zh,Asia/Tokyo,2025-03-16 16:33:02,,,,,,,,
428,user428@example.com,2024-11-11 15:25:24,2024-11-11T15:25:24,428,android,en,America/Vancouver,2025-02-09 12:54:14,3.0,2.0,19.61111111111111,3.5,2024-08-30 18:06:45,2025-04-13 22:34:03,returning,66.7
429,user429@example.com,2025-04-27 01:58:08,2025-04-27T01:58:08,429,android,ja,Asia/Tokyo,2025-05-01 04:53:14,7.0,4.0,17.5,4.6,2024-02-02 18:31:07,2025-02-17 14:02:34,returning,57.1
430,user430@example.com,2024-04-30 01:04:58,2024-04-30T01:04:58,430,ios,zh,America/Vancouver,2024-06-17 10:07:10,1.0,0.0,13.533333333333333,2.5,2024-02-13 09:37:27,2024-02-13 09:37:27,new,0.0
431,user431@example.com,2024-07-02 21:06:13,2024-07-02T21:06:13,431,ios,ko,Asia/Seoul,2024-10-12 05:42:55,4.0,4.0,16.991666666666667,4.2,2024-03-24 22:44:30,2024-08-27 19:50:28,returning,100.0
432,user432@example.com,2024-05-06 05:15:08,2024-05-06T05:15:08,432,android,ja,Asia/Seoul,2025-04-22 21:16:13,2.0,2.0,12.691666666666666,,2025-04-02 06:11:35,2025-04-05 15:44:20,new,100.0
433,user433@example.com,2024-05-17 12:29:43,2024-05-17T12:29:43,433,ios,en,America/Toronto,2024-07-09 09:08:58,4.0,2.0,17.7125,3.7,2024-06-04 15:12:10,2025-05-22 02:51:10,returning,50.0
434,user434@example.com,2024-11-16 05:43:29,2024-11-16T05:43:29,434,ios,en,America/Toronto,2025-05-09 19:59:25,2.0,1.0,14.366666666666667,3.3,2024-07-11 17:08:02,2024-08-21 11:35:23,new,50.0
435,user435@example.com,2024-01-20 06:03:04,2024-01-20T06:03:04,435,android,zh,America/Vancouver,2025-03-11 12:24:31,1.0,1.0,5.05,,2024-07-23 21:16:21,2024-07-23 21:16:21,new,100.0
436,user436@example.com,2024-05-19 07:31:30,2024-05-19T07:31:30,436,ios,zh,Asia/Seoul,2024-11-15 06:13:41,3.0,3.0,23.155555555555555,4.1,2024-05-02 23:39:23,2024-07-19 11:07:08,returning,100.0
437,user437@example.com,2024-09-15 00:23:09,2024-09-15T00:23:09,437,ios,en,America/Toronto,2025-01-11 03:52:29,6.0,2.0,12.733333333333334,3.5666666666666664,2024-01-10 03:45:14,2025-05-08 05:03:59,returning,33.3
438,user438@example.com,2024-11-15 18:53:22,2024-11-15T18:53:22,438,ios,ja,America/Toronto,2024-12-21 05:03:19,3.0,2.0,16.583333333333332,4.5,2024-02-21 05:32:05,2025-02-05 18:10:49,returning,66.7
439,user439@example.com,2024-07-11 18:10:21,2024-07-11T18:10:21,439,android,zh,America/Vancouver,2025-03-31 17:58:44,3.0,2.0,17.95,3.6,2024-07-11 07:51:29,2025-04-14 09:19:22,returning,66.7
440,user440@example.com,2024-07-26 05:37:08,2024-07-26T05:37:08,440,android,ko,America/Vancouver,2024-12-30 06:49:39,3.0,3.0,14.46111111111111,3.9,2024-03-05 04:03:11,2025-04-23 11:35:39,returning,100.0
441,user441@example.com,2024-05-03 15:39:46,2024-05-03T15:39:46,441,ios,en,Asia/Tokyo,2024-07-21 19:21:12,2.0,2.0,19.258333333333333,4.1,2024-03-30 18:37:37,2025-03-05 05:30:18,new,100.0
442,user442@example.com,2024-03-24 23:02:54,2024-03-24T23:02:54,442,ios,en,America/Vancouver,2024-09-13 14:47:58,4.0,4.0,14.441666666666666,4.05,2024-05-20 02:20:17,2024-12-19 01:27:56,returning,100.0
443,user443@example.com,2024-10-24 03:05:40,2024-10-24T03:05:40,443,ios,zh,Asia/Seoul,2024-11-25 18:23:55,3.0,1.0,16.95,4.533333333333334,2024-01-16 03:36:43,2024-05-09 07:46:46,returning,33.3
444,user444@example.com,2024-01-31 01:52:44,2024-01-31T01:52:44,444,ios,en,America/Vancouver,2024-07-02 16:12:44,2.0,1.0,14.958333333333334,4.5,2024-02-21 12:33:17,2025-01-22 12:40:25,new,50.0
445,user445@example.com,2024-12-31 14:17:52,2024-12-31T14:17:52,445,ios,en,Asia/Seoul,2025-01-24 09:19:05,4.0,3.0,13.395833333333334,3.65,2024-02-18 15:02:27,2025-05-22 01:45:46,returning,75.0
446,user446@example.com,2024-06-21 18:27:54,2024-06-21T18:27:54,446,android,en,America/Toronto,2025-01-30 15:27:12,4.0,4.0,14.1,3.25,2024-08-25 06:12:54,2024-12-25 07:02:28,returning,100.0
447,user447@example.com,2024-06-04 00:18:25,2024-06-04T00:18:25,447,android,zh,America/Vancouver,2024-10-30 15:36:13,2.0,2.0,16.666666666666664,4.2,2025-02-23 12:43:44,2025-05-25 15:11:14,new,100.0
448,user448@example.com,2024-12-23 12:40:27,2024-12-23T12:40:27,448,ios,ja,America/Toronto,2025-01-28 20:51:41,1.0,1.0,13.2,4.5,2024-05-20 16:02:12,2024-05-20 16:02:12,new,100.0
449,user449@example.com,2024-09-28 14:06:19,2024-09-28T14:06:19,449,android,zh,America/Toronto,2024-10-12 01:03:41,5.0,4.0,16.946666666666665,4.4,2024-05-02 15:37:51,2025-05-25 06:35:14,returning,80.0
450,user450@example.com,2024-08-25 01:10:12,2024-08-25T01:10:12,450,android,zh,Asia/Tokyo,2025-03-26 21:57:37,1.0,1.0,19.433333333333334,,2024-10-18 00:55:02,2024-10-18 00:55:02,new,100.0
451,user451@example.com,2024-06-25 18:41:14,2024-06-25T18:41:14,451,ios,en,Asia/Seoul,2024-11-21 12:38:54,2.0,1.0,12.7,,2025-03-16 13:46:23,2025-04-07 20:18:09,new,50.0
452,user452@example.com,2024-06-22 03:35:46,2024-06-22T03:35:46,452,android,ko,America/Toronto,2025-02-22 02:39:11,1.0,0.0,14.55,,2024-01-27 18:05:54,2024-01-27 18:05:54,new,0.0
453,user453@example.com,2024-01-19 09:08:13,2024-01-19T09:08:13,453,ios,zh,Asia/Seoul,2025-01-25 23:06:10,4.0,4.0,16.066666666666666,3.15,2024-06-12 10:43:29,2024-12-21 13:15:33,returning,100.0
454,user454@example.com,2025-05-27 15:54:37,2025-05-27T15:54:37,454,android,ja,Asia/Seoul,2025-05-30 00:28:20,3.0,3.0,17.11111111111111,3.9333333333333336,2024-01-18 21:14:48,2025-04-28 13:07:36,returning,100.0
455,user455@example.com,2024-05-30 00:12:00,2024-05-30T00:12:00,455,ios,en,Asia/Seoul,2025-01-16 21:43:40,7.0,4.0,18.038095238095238,3.875,2024-02-10 14:11:25,2025-01-23 12:40:56,returning,57.1
456,user456@example.com,2024-11-05 11:56:39,2024-11-05T11:56:39,456,ios,ja,America/Vancouver,2025-05-07 16:21:40,4.0,4.0,13.129166666666666,,2024-02-16 23:38:14,2024-11-26 23:07:24,returning,100.0
457,user457@example.com,2024-09-11 23:14:46,2024-09-11T23:14:46,457,android,ko,America/Toronto,2024-10-20 20:33:56,3.0,2.0,18.516666666666666,3.6,2024-05-14 15:14:15,2024-11-13 07:38:13,returning,66.7
458,user458@example.com,2024-08-04 09:32:14,2024-08-04T09:32:14,458,ios,ja,America/Vancouver,2025-05-28 02:59:48,1.0,1.0,16.833333333333332,,2024-05-20 00:39:52,2024-05-20 00:39:52,new,100.0
459,user459@example.com,2024-02-23 22:05:47,2024-02-23T22:05:47,459,android,ja,America/Toronto,2024-07-09 16:50:42,,,,,,,,
460,user460@example.com,2024-08-04 19:16:01,2024-08-04T19:16:01,460,android,ja,America/Vancouver,2025-05-04 23:55:22,3.0,2.0,20.544444444444448,4.5,2024-09-05 12:18:27,2025-05-25 01:39:07,returning,66.7
461,user461@example.com,2024-09-29 17:50:17,2024-09-29T17:50:17,461,ios,ko,Asia/Tokyo,2025-04-28 06:48:20,3.0,3.0,16.666666666666668,4.5,2024-04-08 21:32:06,2025-03-31 20:02:08,returning,100.0
462,user462@example.com,2025-05-13 06:05:10,2025-05-13T06:05:10,462,ios,zh,America/Vancouver,2025-05-15 10:39:53,1.0,1.0,16.216666666666665,3.3,2024-08-15 22:40:26,2024-08-15 22:40:26,new,100.0
463,user463@example.com,2025-01-30 16:00:36,2025-01-30T16:00:36,463,ios,ko,America/Vancouver,2025-05-12 21:26:16,4.0,3.0,12.4375,,2024-01-03 10:19:50,2025-05-02 15:23:38,returning,75.0
464,user464@example.com,2024-11-06 10:32:42,2024-11-06T10:32:42,464,ios,ja,America/Toronto,2024-12-27 02:47:44,2.0,1.0,17.058333333333334,,2024-01-20 00:20:12,2025-01-27 00:43:55,new,50.0
465,user465@example.com,2025-02-20 11:47:08,2025-02-20T11:47:08,465,ios,ja,America/Vancouver,2025-02-24 17:54:25,6.0,5.0,17.11388888888889,2.2,2024-02-10 11:11:32,2025-04-28 09:43:18,returning,83.3
466,user466@example.com,2024-09-14 05:04:51,2024-09-14T05:04:51,466,ios,en,Asia/Seoul,2024-10-12 09:07:27,5.0,3.0,18.456666666666667,4.4,2024-04-22 02:43:45,2025-03-10 23:24:42,returning,60.0
467,user467@example.com,2024-01-22 10:30:40,2024-01-22T10:30:40,467,android,en,Asia/Seoul,2024-09-12 19:49:16,1.0,1.0,20.25,3.7,2024-07-06 05:25:55,2024-07-06 05:25:55,new,100.0
468,user468@example.com,2024-03-30 14:07:33,2024-03-30T14:07:33,468,ios,ko,Asia/Tokyo,2025-04-13 00:11:32,2.0,2.0,14.283333333333333,3.75,2024-06-24 10:35:09,2025-03-12 02:51:00,new,100.0
469,user469@example.com,2024-07-21 21:24:15,2024-07-21T21:24:15,469,ios,ja,America/Toronto,2025-04-06 08:36:32,2.0,2.0,13.366666666666667,3.6,2025-03-24 01:22:36,2025-05-20 04:45:03,new,100.0
470,user470@example.com,2024-05-18 16:44:43,2024-05-18T16:44:43,470,android,ja,Asia/Seoul,2024-07-07 03:43:05,3.0,1.0,16.194444444444443,3.6666666666666665,2024-02-21 20:43:13,2025-05-24 13:40:17,returning,33.3
471,user471@example.com,2025-03-26 22:58:37,2025-03-26T22:58:37,471,ios,zh,America/Vancouver,2025-04-13 15:15:29,3.0,2.0,18.05,2.9,2024-02-25 04:14:16,2025-03-08 09:00:59,returning,66.7
472,user472@example.com,2024-07-25 04:39:06,2024-07-25T04:39:06,472,ios,en,Asia/Tokyo,2024-09-17 19:32:34,2.0,1.0,18.700000000000003,3.1,2024-07-07 08:28:45,2024-10-25 11:23:16,new,50.0
473,user473@example.com,2024-01-30 17:09:57,2024-01-30T17:09:57,473,ios,ko,Asia/Seoul,2024-10-04 21:25:32,4.0,2.0,13.466666666666667,3.8666666666666667,2024-01-16 08:48:58,2025-05-25 07:47:20,returning,50.0
474,user474@example.com,2024-03-25 04:46:11,2024-03-25T04:46:11,474,ios,ja,Asia/Tokyo,2024-04-03 01:11:58,4.0,4.0,17.033333333333335,4.0,2024-08-31 21:38:13,2025-05-05 14:28:47,returning,100.0
475,user475@example.com,2025-04-08 08:53:39,2025-04-08T08:53:39,475,ios,ko,America/Vancouver,2025-05-12 09:34:28,3.0,2.0,15.188888888888888,3.25,2024-08-21 21:21:24,2025-04-03 04:17:39,returning,66.7
476,user476@example.com,2024-12-03 12:51:20,2024-12-03T12:51:20,476,ios,en,America/Vancouver,2025-02-16 11:27:10,3.0,3.0,19.566666666666666,4.05,2024-01-22 17:24:39,2024-11-05 04:55:21,returning,100.0
477,user477@example.com,2024-09-25 12:04:29,2024-09-25T12:04:29,477,android,ko,Asia/Tokyo,2025-04-04 23:55:55,2.0,2.0,15.158333333333333,3.25,2024-12-26 02:34:30,2025-03-12 05:44:21,new,100.0
478,user478@example.com,2024-08-31 15:22:08,2024-08-31T15:22:08,478,android,zh,America/Vancouver,2025-03-05 20:31:57,4.0,2.0,14.804166666666667,4.5,2024-02-09 21:09:48,2025-02-26 19:56:23,returning,50.0
479,user479@example.com,2024-12-04 22:58:17,2024-12-04T22:58:17,479,ios,zh,America/Vancouver,2025-05-09 03:29:16,3.0,3.0,17.022222222222222,4.7,2024-05-03 00:00:57,2024-09-03 05:41:20,returning,100.0
480,user480@example.com,2025-04-15 20:33:07,2025-04-15T20:33:07,480,android,en,Asia/Seoul,2025-04-28 12:47:15,,,,,,,,
481,user481@example.com,2025-02-01 05:37:00,2025-02-01T05:37:00,481,ios,ja,America/Toronto,2025-04-15 03:22:38,5.0,4.0,17.78666666666667,4.1000000000000005,2024-01-03 04:06:48,2025-04-21 14:30:41,returning,80.0
482,user482@example.com,2024-03-30 19:47:37,2024-03-30T19:47:37,482,ios,en,Asia/Seoul,2025-04-09 18:39:34,5.0,5.0,18.283333333333335,3.6,2024-01-25 13:55:32,2025-04-13 01:55:05,returning,100.0
483,user483@example.com,2024-10-26 04:33:47,2024-10-26T04:33:47,483,android,ko,Asia/Tokyo,2024-12-26 04:52:35,4.0,4.0,17.612499999999997,3.725,2024-06-25 18:21:19,2024-11-18 17:30:51,returning,100.0
484,user484@example.com,2025-03-23 20:22:48,2025-03-23T20:22:48,484,ios,ja,America/Toronto,2025-04-11 07:04:31,4.0,2.0,13.433333333333334,3.533333333333333,2024-01-08 21:24:29,2025-01-16 14:14:28,returning,50.0
485,user485@example.com,2024-05-27 15:19:30,2024-05-27T15:19:30,485,android,ja,Asia/Seoul,2024-08-27 21:26:07,5.0,5.0,15.946666666666667,4.666666666666667,2024-04-28 23:42:04,2025-05-20 02:19:22,returning,100.0
486,user486@example.com,2024-07-16 20:22:18,2024-07-16T20:22:18,486,ios,zh,Asia/Tokyo,2024-09-14 11:56:01,3.0,3.0,15.005555555555555,5.0,2024-07-23 03:58:48,2025-01-25 04:11:00,returning,100.0
487,user487@example.com,2024-02-04 11:25:29,2024-02-04T11:25:29,487,android,en,Asia/Tokyo,2024-04-12 12:56:08,3.0,2.0,16.627777777777776,4.6,2024-04-16 19:41:39,2025-02-05 14:00:39,returning,66.7
488,user488@example.com,2024-12-04 16:42:04,2024-12-04T16:42:04,488,android,ko,America/Vancouver,2024-12-09 16:38:17,1.0,1.0,14.05,,2024-09-16 01:36:19,2024-09-16 01:36:19,new,100.0
489,user489@example.com,2024-01-02 07:31:39,2024-01-02T07:31:39,489,ios,ja,America/Vancouver,2025-01-04 03:31:27,3.0,2.0,14.550000000000002,4.55,2024-05-02 22:50:45,2025-05-04 06:26:41,returning,66.7
490,user490@example.com,2025-02-07 20:01:03,2025-02-07T20:01:03,490,android,zh,Asia/Tokyo,2025-05-13 19:22:25,3.0,2.0,14.488888888888889,4.4,2024-02-15 16:20:45,2025-01-20 14:46:02,returning,66.7
491,user491@example.com,2025-02-22 05:28:21,2025-02-22T05:28:21,491,ios,zh,America/Toronto,2025-05-05 06:33:12,2.0,1.0,18.03333333333333,,2024-01-30 12:57:14,2024-02-22 04:06:57,new,50.0
492,user492@example.com,2024-06-02 01:00:03,2024-06-02T01:00:03,492,android,ko,Asia/Tokyo,2024-06-19 08:51:38,2.0,2.0,10.816666666666666,3.2,2024-04-15 09:00:34,2024-08-09 13:16:40,new,100.0
493,user493@example.com,2024-10-09 21:34:49,2024-10-09T21:34:49,493,android,zh,Asia/Seoul,2025-01-05 18:18:40,1.0,0.0,14.316666666666666,,2025-02-22 07:54:22,2025-02-22 07:54:22,new,0.0
494,user494@example.com,2024-11-30 23:57:58,2024-11-30T23:57:58,494,ios,ko,America/Vancouver,2024-12-17 15:23:28,4.0,3.0,16.525,4.133333333333333,2024-04-09 12:07:18,2025-05-27 10:32:24,returning,75.0
495,user495@example.com,2024-02-24 08:24:22,2024-02-24T08:24:22,495,android,ko,America/Vancouver,2024-12-21 00:35:12,3.0,2.0,14.199999999999998,3.8,2024-06-17 21:48:27,2025-01-28 18:26:00,returning,66.7
496,user496@example.com,2025-05-30 22:17:16,2025-05-30T22:17:16,496,android,zh,America/Toronto,2025-05-31 15:37:40,2.0,1.0,18.275,2.9,2025-02-09 02:15:30,2025-03-09 21:32:42,new,50.0
497,user497@example.com,2024-09-13 11:22:29,2024-09-13T11:22:29,497,ios,zh,America/Vancouver,2025-03-27 11:17:58,3.0,3.0,17.416666666666668,,2024-03-09 21:42:21,2024-07-21 16:03:23,returning,100.0
498,user498@example.com,2025-04-29 00:27:31,2025-04-29T00:27:31,498,ios,en,Asia/Tokyo,2025-05-07 09:52:37,3.0,3.0,15.255555555555555,4.35,2024-01-03 05:48:05,2024-12-31 04:29:21,returning,100.0
499,user499@example.com,2024-08-31 19:48:42,2024-08-31T19:48:42,499,ios,ko,America/Toronto,2024-09-17 09:34:47,1.0,1.0,19.85,4.0,2024-11-06 05:27:40,2024-11-06 05:27:40,new,100.0
500,user500@example.com,2025-05-30 06:26:19,2025-05-30T06:26:19,500,ios,zh,America/Toronto,2025-05-30 17:12:24,3.0,2.0,13.472222222222221,4.133333333333334,2024-03-19 15:39:37,2024-12-18 15:34:58,returning,66.7
501,user501@example.com,2024-04-06 19:11:03,2024-04-06T19:11:03,501,android,en,America/Vancouver,2025-02-02 05:52:36,4.0,4.0,14.725000000000001,4.566666666666666,2024-01-14 12:11:18,2025-02-09 21:02:36,returning,100.0
502,user502@example.com,2024-08-21 06:24:46,2024-08-21T06:24:46,502,android,ja,Asia/Tokyo,2024-08-26 01:39:06,3.0,2.0,15.700000000000001,4.35,2024-02-08 00:11:06,2025-03-19 16:07:44,returning,66.7
503,user503@example.com,2025-01-28 21:26:55,2025-01-28T21:26:55,503,android,en,Asia/Tokyo,2025-02-26 22:49:56,6.0,5.0,14.483333333333334,3.25,2024-05-18 01:12:24,2025-04-21 10:11:55,returning,83.3
504,user504@example.com,2024-08-28 05:29:02,2024-08-28T05:29:02,504,ios,en,America/Vancouver,2024-12-17 08:03:45,,,,,,,,
505,user505@example.com,2024-11-13 04:59:44,2024-11-13T04:59:44,505,android,zh,Asia/Seoul,2025-04-10 23:13:10,,,,,,,,
506,user506@example.com,2024-09-10 08:29:24,2024-09-10T08:29:24,506,android,en,America/Toronto,2024-12-26 07:32:09,3.0,2.0,13.561111111111112,5.0,2024-03-31 11:01:15,2024-07-23 00:39:16,returning,66.7
507,user507@example.com,2024-11-08 13:17:12,2024-11-08T13:17:12,507,ios,zh,America/Vancouver,2025-04-11 06:20:32,3.0,2.0,12.583333333333334,4.3,2024-01-18 01:18:27,2025-02-24 23:10:46,returning,66.7
508,user508@example.com,2024-08-17 15:24:44,2024-08-17T15:24:44,508,ios,en,Asia/Tokyo,2024-11-29 22:47:59,3.0,1.0,18.344444444444445,4.5,2024-11-29 03:36:21,2024-12-15 23:21:47,returning,33.3
509,user509@example.com,2025-03-06 14:59:51,2025-03-06T14:59:51,509,ios,ja,Asia/Seoul,2025-04-05 19:33:42,4.0,4.0,15.995833333333334,4.125,2024-01-25 21:09:07,2025-04-05 04:48:41,returning,100.0
510,user510@example.com,2024-04-08 20:48:59,2024-04-08T20:48:59,510,android,en,America/Toronto,2024-07-22 05:56:38,,,,,,,,
511,user511@example.com,2024-05-29 00:09:30,2024-05-29T00:09:30,511,android,ja,Asia/Seoul,2025-03-08 01:03:40,3.0,3.0,18.666666666666668,4.2,2024-02-16 09:15:44,2025-05-18 02:47:47,returning,100.0
512,user512@example.com,2024-11-22 13:41:15,2024-11-22T13:41:15,512,ios,ko,Asia/Tokyo,2025-01-02 14:50:19,3.0,3.0,15.244444444444445,3.3,2024-05-13 21:48:54,2025-03-31 19:14:20,returning,100.0
513,user513@example.com,2025-05-31 11:10:58,2025-05-31T11:10:58,513,android,ja,America/Vancouver,2025-05-31 20:33:46,1.0,1.0,14.65,3.9,2024-07-20 00:42:55,2024-07-20 00:42:55,new,100.0
514,user514@example.com,2024-10-21 11:46:48,2024-10-21T11:46:48,514,ios,ja,Asia/Tokyo,2024-12-13 04:07:40,1.0,1.0,16.15,,2024-05-01 21:40:34,2024-05-01 21:40:34,new,100.0
515,user515@example.com,2024-05-15 04:06:17,2024-05-15T04:06:17,515,ios,ko,America/Toronto,2025-04-20 01:22:43,4.0,3.0,16.5375,3.55,2024-10-23 19:04:44,2025-05-17 17:01:12,returning,75.0
516,user516@example.com,2025-04-23 02:01:46,2025-04-23T02:01:46,516,ios,ko,America/Vancouver,2025-05-15 05:49:50,1.0,1.0,13.216666666666667,,2024-07-27 13:28:33,2024-07-27 13:28:33,new,100.0
517,user517@example.com,2025-03-18 00:53:27,2025-03-18T00:53:27,517,android,ko,Asia/Seoul,2025-04-22 19:12:46,1.0,1.0,19.433333333333334,3.4,2025-02-24 17:58:54,2025-02-24 17:58:54,new,100.0
518,user518@example.com,2024-08-21 18:06:44,2024-08-21T18:06:44,518,android,en,America/Vancouver,2024-11-23 17:08:19,2.0,2.0,16.116666666666667,,2024-04-10 11:54:52,2024-05-13 18:58:20,new,100.0
519,user519@example.com,2024-11-11 09:47:23,2024-11-11T09:47:23,519,android,zh,America/Toronto,2025-05-14 17:13:02,5.0,5.0,14.326666666666664,4.8,2024-02-20 00:40:46,2025-01-14 21:38:30,returning,100.0
520,user520@example.com,2025-03-01 14:17:23,2025-03-01T14:17:23,520,android,ko,Asia/Seoul,2025-05-13 07:29:44,7.0,4.0,16.652380952380952,3.975,2024-08-29 22:05:26,2025-05-23 14:58:10,returning,57.1
521,user521@example.com,2024-01-01 07:34:02,2024-01-01T07:34:02,521,android,en,Asia/Tokyo,2024-02-08 21:07:47,4.0,3.0,14.033333333333333,4.8,2024-02-07 12:09:09,2024-07-30 17:25:29,returning,75.0
522,user522@example.com,2024-08-24 00:38:22,2024-08-24T00:38:22,522,ios,ko,America/Toronto,2025-05-14 05:13:01,2.0,2.0,16.641666666666666,4.9,2024-07-16 22:01:28,2024-09-29 07:45:03,new,100.0
523,user523@example.com,2024-08-10 20:27:33,2024-08-10T20:27:33,523,android,zh,America/Vancouver,2025-05-02 19:01:17,3.0,3.0,14.961111111111114,4.6000000000000005,2024-08-20 18:59:05,2025-05-29 11:52:18,returning,100.0
524,user524@example.com,2024-06-12 06:05:21,2024-06-12T06:05:21,524,android,ko,America/Toronto,2025-01-31 17:08:17,3.0,3.0,13.944444444444445,4.45,2024-01-26 06:23:04,2025-05-08 18:02:12,returning,100.0
525,user525@example.com,2024-11-29 21:41:45,2024-11-29T21:41:45,525,ios,ja,Asia/Seoul,2025-04-17 07:18:26,5.0,3.0,13.876666666666665,4.5,2024-02-11 11:20:48,2025-05-09 13:42:49,returning,60.0
526,user526@example.com,2025-03-26 11:41:59,2025-03-26T11:41:59,526,android,zh,Asia/Seoul,2025-05-10 01:14:33,2.0,2.0,17.733333333333334,,2024-09-30 21:25:55,2024-10-30 18:17:51,new,100.0
527,user527@example.com,2025-04-16 04:59:28,2025-04-16T04:59:28,527,ios,zh,Asia/Seoul,2025-05-19 01:58:54,1.0,1.0,15.65,3.9,2025-01-08 18:58:47,2025-01-08 18:58:47,new,100.0
528,user528@example.com,2025-05-23 12:35:50,2025-05-23T12:35:50,528,android,en,America/Vancouver,2025-05-29 17:35:11,4.0,4.0,16.266666666666666,4.05,2024-03-14 14:59:54,2025-04-01 16:54:49,returning,100.0
529,user529@example.com,2024-09-07 07:09:39,2024-09-07T07:09:39,529,android,ja,America/Vancouver,2025-03-13 09:17:18,5.0,4.0,15.486666666666668,4.2,2024-03-02 11:07:48,2025-05-17 10:04:50,returning,80.0
530,user530@example.com,2024-12-27 04:00:29,2024-12-27T04:00:29,530,android,ja,Asia/Seoul,2025-02-18 22:23:07,2.0,2.0,9.133333333333333,4.45,2024-04-12 07:11:53,2024-05-16 23:40:48,new,100.0
531,user531@example.com,2024-12-09 03:29:17,2024-12-09T03:29:17,531,android,ko,America/Toronto,2025-03-19 14:15:03,3.0,3.0,12.183333333333332,3.3,2024-04-08 18:40:43,2025-03-10 12:54:08,returning,100.0
532,user532@example.com,2024-12-09 10:27:21,2024-12-09T10:27:21,532,ios,zh,Asia/Seoul,2025-04-20 15:00:27,2.0,2.0,17.491666666666667,4.6,2024-03-18 06:11:26,2025-01-13 20:39:41,new,100.0
533,user533@example.com,2024-06-14 23:40:58,2024-06-14T23:40:58,533,ios,zh,Asia/Seoul,2024-09-23 17:42:39,1.0,1.0,19.4,,2025-03-25 16:07:14,2025-03-25 16:07:14,new,100.0
534,user534@example.com,2025-02-01 00:58:26,2025-02-01T00:58:26,534,android,zh,America/Vancouver,2025-05-25 06:03:40,3.0,0.0,12.511111111111111,,2024-01-20 03:46:20,2025-01-16 20:52:35,returning,0.0
535,user535@example.com,2025-01-02 12:49:47,2025-01-02T12:49:47,535,android,ko,Asia/Tokyo,2025-05-12 23:57:49,2.0,2.0,15.816666666666666,4.85,2024-01-05 13:25:07,2024-03-10 16:42:30,new,100.0
536,user536@example.com,2024-05-11 19:16:36,2024-05-11T19:16:36,536,android,ko,America/Toronto,2024-09-02 21:32:33,4.0,2.0,12.325,4.2,2024-03-23 15:56:10,2025-03-27 11:39:58,returning,50.0
537,user537@example.com,2025-05-26 17:52:05,2025-05-26T17:52:05,537,android,ko,Asia/Seoul,2025-05-31 03:28:51,,,,,,,,
538,user538@example.com,2024-03-06 20:42:12,2024-03-06T20:42:12,538,android,en,America/Toronto,2024-12-07 19:39:57,2.0,2.0,15.725000000000001,4.9,2024-11-28 20:27:29,2025-02-16 08:08:07,new,100.0
539,user539@example.com,2024-08-08 10:09:43,2024-08-08T10:09:43,539,android,zh,Asia/Seoul,2024-12-30 18:29:35,1.0,1.0,9.65,3.4,2025-05-10 15:09:01,2025-05-10 15:09:01,new,100.0
540,user540@example.com,2025-02-04 08:43:18,2025-02-04T08:43:18,540,android,zh,America/Vancouver,2025-05-06 17:34:51,4.0,4.0,16.962500000000002,3.9,2024-11-22 14:47:37,2025-04-28 00:31:48,returning,100.0
541,user541@example.com,2025-05-30 15:07:56,2025-05-30T15:07:56,541,ios,zh,America/Toronto,2025-05-31 09:21:14,2.0,1.0,23.933333333333334,3.95,2024-02-26 19:51:12,2024-03-10 06:34:31,new,50.0
542,user542@example.com,2025-05-06 14:52:21,2025-05-06T14:52:21,542,android,ja,Asia/Tokyo,2025-05-09 05:51:33,8.0,6.0,14.995833333333334,4.4799999999999995,2024-03-04 15:38:43,2025-04-02 06:57:00,returning,75.0
543,user543@example.com,2025-04-25 23:51:29,2025-04-25T23:51:29,543,ios,ko,Asia/Seoul,2025-05-15 20:36:03,1.0,1.0,17.333333333333332,,2024-10-14 01:14:17,2024-10-14 01:14:17,new,100.0
544,user544@example.com,2024-09-17 08:21:43,2024-09-17T08:21:43,544,ios,ja,America/Toronto,2024-10-18 17:34:45,2.0,1.0,18.299999999999997,,2024-01-25 06:10:10,2025-03-05 08:55:07,new,50.0
545,user545@example.com,2024-03-13 12:51:48,2024-03-13T12:51:48,545,android,ko,Asia/Seoul,2024-04-27 14:18:54,1.0,1.0,14.716666666666667,,2025-03-21 18:44:30,2025-03-21 18:44:30,new,100.0
546,user546@example.com,2024-07-01 10:16:04,2024-07-01T10:16:04,546,android,ja,America/Toronto,2025-04-23 01:06:12,,,,,,,,
547,user547@example.com,2024-08-29 02:38:17,2024-08-29T02:38:17,547,ios,zh,America/Vancouver,2024-10-18 08:47:20,4.0,4.0,18.791666666666668,3.6500000000000004,2024-01-29 18:31:32,2025-04-28 17:21:40,returning,100.0
548,user548@example.com,2024-06-23 11:36:19,2024-06-23T11:36:19,548,android,zh,Asia/Tokyo,2024-12-25 21:17:54,3.0,1.0,16.844444444444445,,2024-09-03 21:09:33,2025-04-21 23:17:07,returning,33.3
549,user549@example.com,2024-06-03 16:03:03,2024-06-03T16:03:03,549,ios,en,America/Toronto,2025-03-14 10:17:13,1.0,0.0,16.1,2.7,2024-09-27 13:34:48,2024-09-27 13:34:48,new,0.0
550,user550@example.com,2024-04-24 10:52:37,2024-04-24T10:52:37,550,ios,ja,America/Toronto,2024-05-08 08:51:27,1.0,1.0,14.1,,2024-03-25 06:26:18,2024-03-25 06:26:18,new,100.0
551,user551@example.com,2024-01-19 23:19:20,2024-01-19T23:19:20,551,ios,ko,Asia/Seoul,2024-09-18 09:08:37,1.0,1.0,11.316666666666666,4.5,2024-10-23 16:38:29,2024-10-23 16:38:29,new,100.0
552,user552@example.com,2024-02-05 21:29:10,2024-02-05T21:29:10,552,ios,zh,Asia/Seoul,2024-06-14 14:58:05,1.0,1.0,13.783333333333333,3.8,2024-06-29 15:18:49,2024-06-29 15:18:49,new,100.0
553,user553@example.com,2024-07-09 04:11:44,2024-07-09T04:11:44,553,ios,ja,Asia/Seoul,2025-01-02 05:44:12,1.0,1.0,18.683333333333334,4.9,2024-09-09 12:14:09,2024-09-09 12:14:09,new,100.0
554,user554@example.com,2025-01-04 01:11:00,2025-01-04T01:11:00,554,android,zh,America/Toronto,2025-03-11 14:26:02,5.0,3.0,17.886666666666667,,2024-05-06 22:07:10,2025-03-20 17:53:13,returning,60.0
555,user555@example.com,2025-04-19 18:58:21,2025-04-19T18:58:21,555,android,ko,America/Toronto,2025-05-29 05:01:50,2.0,2.0,18.766666666666666,3.1,2024-03-04 16:45:22,2025-01-30 09:01:49,new,100.0
556,user556@example.com,2024-02-26 13:36:59,2024-02-26T13:36:59,556,ios,ko,America/Toronto,2024-06-07 11:28:09,3.0,2.0,20.211111111111112,3.8,2024-09-18 14:36:25,2024-11-17 15:16:07,returning,66.7
557,user557@example.com,2024-12-19 17:34:21,2024-12-19T17:34:21,557,ios,ko,America/Vancouver,2025-02-28 22:00:44,,,,,,,,
558,user558@example.com,2024-11-17 21:44:25,2024-11-17T21:44:25,558,android,ja,America/Vancouver,2024-12-06 12:45:48,,,,,,,,
559,user559@example.com,2025-05-04 03:40:39,2025-05-04T03:40:39,559,ios,en,America/Vancouver,2025-05-24 09:15:22,5.0,5.0,18.169999999999998,4.2,2024-01-24 02:23:07,2025-05-03 00:02:08,returning,100.0
560,user560@example.com,2025-03-23 03:17:00,2025-03-23T03:17:00,560,android,en,Asia/Seoul,2025-05-08 04:42:24,4.0,3.0,15.475,4.066666666666666,2024-01-17 23:20:50,2024-12-06 03:37:32,returning,75.0
561,user561@example.com,2024-05-31 00:32:07,2024-05-31T00:32:07,561,ios,en,Asia/Seoul,2024-11-10 11:20:29,1.0,1.0,13.066666666666666,3.8,2024-01-01 10:34:09,2024-01-01 10:34:09,new,100.0
562,user562@example.com,2024-10-25 05:52:38,2024-10-25T05:52:38,562,android,ko,Asia/Tokyo,2024-12-04 23:44:55,1.0,1.0,15.516666666666667,4.1,2024-09-27 12:54:57,2024-09-27 12:54:57,new,100.0
563,user563@example.com,2025-01-18 23:51:30,2025-01-18T23:51:30,563,ios,ja,America/Vancouver,2025-02-08 15:04:59,1.0,1.0,17.183333333333334,,2025-05-28 08:24:57,2025-05-28 08:24:57,new,100.0
564,user564@example.com,2024-11-06 10:04:09,2024-11-06T10:04:09,564,ios,ko,Asia/Seoul,2025-05-28 14:08:39,3.0,2.0,15.27222222222222,4.45,2024-03-06 06:23:53,2025-01-12 00:15:11,returning,66.7
565,user565@example.com,2024-07-08 12:11:58,2024-07-08T12:11:58,565,android,zh,Asia/Seoul,2024-09-08 18:59:23,3.0,3.0,17.972222222222225,5.0,2024-05-12 14:57:45,2024-11-21 04:37:42,returning,100.0
566,user566@example.com,2024-04-24 14:55:45,2024-04-24T14:55:45,566,android,ko,Asia/Tokyo,2025-01-06 09:49:38,3.0,3.0,15.005555555555555,5.0,2024-01-01 15:17:41,2025-03-18 00:26:10,returning,100.0
567,user567@example.com,2025-05-24 13:48:27,2025-05-24T13:48:27,567,ios,en,America/Vancouver,2025-05-25 21:58:22,1.0,1.0,14.65,3.4,2025-02-12 23:42:13,2025-02-12 23:42:13,new,100.0
568,user568@example.com,2024-01-05 07:21:46,2024-01-05T07:21:46,568,ios,en,America/Vancouver,2024-03-23 23:33:14,,,,,,,,
569,user569@example.com,2024-03-23 18:55:52,2024-03-23T18:55:52,569,ios,zh,Asia/Seoul,2024-10-14 22:34:42,3.0,2.0,16.48888888888889,4.65,2024-04-29 00:56:27,2024-10-25 15:05:58,returning,66.7
570,user570@example.com,2024-11-26 05:17:58,2024-11-26T05:17:58,570,ios,en,America/Toronto,2025-05-14 23:05:21,8.0,4.0,16.727083333333333,4.3999999999999995,2024-02-15 15:52:37,2025-05-15 13:07:37,returning,50.0
571,user571@example.com,2024-06-18 23:29:40,2024-06-18T23:29:40,571,android,ja,Asia/Seoul,2024-12-01 10:03:27,,,,,,,,
572,user572@example.com,2024-05-16 14:45:55,2024-05-16T14:45:55,572,ios,en,America/Vancouver,2025-04-12 11:58:08,3.0,2.0,16.150000000000002,3.233333333333333,2024-04-18 05:39:31,2025-02-12 10:01:44,returning,66.7
573,user573@example.com,2025-02-06 07:25:56,2025-02-06T07:25:56,573,ios,ja,Asia/Seoul,2025-05-02 07:19:46,2.0,1.0,13.875,4.1,2024-09-26 23:47:29,2025-03-29 20:12:42,new,50.0
574,user574@example.com,2024-12-26 19:50:15,2024-12-26T19:50:15,574,ios,ja,Asia/Seoul,2025-01-31 08:04:14,3.0,3.0,19.783333333333335,4.75,2024-01-20 22:19:24,2025-01-20 10:01:46,returning,100.0
575,user575@example.com,2024-02-09 00:08:18,2024-02-09T00:08:18,575,android,zh,Asia/Tokyo,2024-09-07 03:28:27,2.0,1.0,9.8,3.3,2024-03-01 07:57:02,2024-03-07 20:55:53,new,50.0
576,user576@example.com,2025-03-08 22:47:49,2025-03-08T22:47:49,576,android,zh,America/Toronto,2025-03-19 22:14:16,4.0,4.0,15.175,4.3,2024-07-12 16:57:45,2025-01-11 11:25:12,returning,100.0
577,user577@example.com,2024-07-12 13:23:33,2024-07-12T13:23:33,577,ios,ko,America/Vancouver,2024-12-21 03:03:06,2.0,2.0,13.366666666666667,3.7,2024-03-12 01:45:09,2025-01-31 20:59:36,new,100.0
578,user578@example.com,2024-04-04 06:17:17,2024-04-04T06:17:17,578,android,ko,Asia/Tokyo,2025-01-07 19:03:22,4.0,3.0,13.791666666666668,,2024-05-02 22:58:17,2025-03-19 21:22:50,returning,75.0
579,user579@example.com,2024-12-20 13:03:54,2024-12-20T13:03:54,579,ios,zh,Asia/Tokyo,2025-01-11 11:23:30,,,,,,,,
580,user580@example.com,2024-04-13 13:37:15,2024-04-13T13:37:15,580,android,en,America/Vancouver,2024-11-02 18:26:17,1.0,1.0,20.633333333333333,5.0,2025-01-19 22:55:10,2025-01-19 22:55:10,new,100.0
581,user581@example.com,2024-12-26 21:34:39,2024-12-26T21:34:39,581,ios,ko,Asia/Seoul,2025-04-06 16:45:26,4.0,3.0,16.704166666666666,4.1000000000000005,2024-02-15 19:30:19,2025-05-29 21:01:20,returning,75.0
582,user582@example.com,2025-02-16 13:00:57,2025-02-16T13:00:57,582,ios,zh,America/Toronto,2025-05-21 02:58:15,6.0,3.0,15.14722222222222,3.0,2024-02-14 04:23:17,2025-03-13 13:51:58,returning,50.0
583,user583@example.com,2025-03-10 03:07:21,2025-03-10T03:07:21,583,android,ko,America/Vancouver,2025-03-11 06:15:25,3.0,3.0,12.427777777777777,4.6,2024-07-26 21:41:44,2025-04-13 08:13:22,returning,100.0
584,user584@example.com,2025-04-07 12:02:08,2025-04-07T12:02:08,584,android,zh,America/Toronto,2025-04-14 18:29:03,3.0,3.0,16.46666666666667,4.15,2024-05-16 00:32:29,2024-12-09 17:28:11,returning,100.0
585,user585@example.com,2024-09-03 10:51:45,2024-09-03T10:51:45,585,android,ko,Asia/Seoul,2024-12-20 11:28:29,4.0,3.0,15.325,4.35,2024-06-05 03:09:27,2025-05-31 04:40:24,returning,75.0
586,user586@example.com,2024-12-09 18:09:59,2024-12-09T18:09:59,586,ios,zh,Asia/Tokyo,2025-05-17 10:08:37,2.0,2.0,14.5,4.0,2024-07-26 10:07:04,2025-01-16 08:06:38,new,100.0
587,user587@example.com,2025-04-20 20:40:01,2025-04-20T20:40:01,587,ios,zh,Asia/Tokyo,2025-05-29 18:12:14,7.0,5.0,13.461904761904762,3.6333333333333333,2024-05-06 06:07:49,2025-04-15 11:14:50,returning,71.4
588,user588@example.com,2025-01-27 01:44:49,2025-01-27T01:44:49,588,ios,zh,Asia/Tokyo,2025-03-29 10:42:01,4.0,4.0,17.608333333333334,4.2,2024-05-08 15:01:37,2025-02-27 11:03:20,returning,100.0
589,user589@example.com,2024-11-27 11:01:27,2024-11-27T11:01:27,589,android,en,America/Vancouver,2025-02-13 19:11:21,4.0,4.0,12.858333333333333,4.75,2024-04-20 19:58:17,2025-02-22 10:54:11,returning,100.0
590,user590@example.com,2025-03-01 13:04:24,2025-03-01T13:04:24,590,ios,en,America/Vancouver,2025-05-17 10:03:43,5.0,4.0,17.613333333333333,4.199999999999999,2024-01-09 02:31:36,2025-04-26 22:07:24,returning,80.0
591,user591@example.com,2024-12-12 08:25:55,2024-12-12T08:25:55,591,ios,zh,Asia/Seoul,2025-02-20 21:43:50,4.0,3.0,14.866666666666667,3.5,2024-04-26 14:35:24,2025-05-18 13:11:35,returning,75.0
592,user592@example.com,2024-05-03 14:55:06,2024-05-03T14:55:06,592,ios,zh,Asia/Seoul,2025-05-06 02:46:09,8.0,8.0,14.3,3.857142857142857,2024-03-02 02:18:56,2025-02-22 11:24:42,returning,100.0
593,user593@example.com,2025-01-03 16:34:22,2025-01-03T16:34:22,593,android,en,America/Vancouver,2025-05-31 03:15:36,4.0,3.0,17.4,3.6,2024-01-12 16:27:15,2025-01-29 03:37:30,returning,75.0
594,user594@example.com,2024-12-15 13:54:30,2024-12-15T13:54:30,594,ios,ja,Asia/Seoul,2025-05-25 17:26:51,2.0,1.0,16.683333333333334,2.9,2024-06-26 01:20:28,2025-01-19 01:37:42,new,50.0
595,user595@example.com,2024-07-20 07:40:50,2024-07-20T07:40:50,595,android,en,America/Vancouver,2024-09-22 01:43:10,3.0,3.0,17.227777777777778,3.9,2024-04-12 11:09:30,2025-01-19 02:20:49,returning,100.0
596,user596@example.com,2024-07-11 00:52:57,2024-07-11T00:52:57,596,ios,zh,America/Vancouver,2024-10-17 19:01:50,5.0,3.0,14.15,,2024-04-30 21:22:02,2025-05-11 00:16:49,returning,60.0
597,user597@example.com,2025-05-10 06:52:14,2025-05-10T06:52:14,597,ios,en,Asia/Tokyo,2025-05-15 12:27:37,2.0,0.0,16.425,,2024-08-21 06:48:04,2024-10-12 22:13:16,new,0.0
598,user598@example.com,2024-08-03 09:27:29,2024-08-03T09:27:29,598,ios,ja,America/Vancouver,2025-05-24 10:36:05,2.0,2.0,18.358333333333334,,2024-05-20 00:56:00,2024-11-18 16:39:47,new,100.0
599,user599@example.com,2025-02-08 21:43:58,2025-02-08T21:43:58,599,ios,en,Asia/Tokyo,2025-05-08 17:18:53,,,,,,,,
600,user600@example.com,2025-01-11 09:32:35,2025-01-11T09:32:35,600,ios,zh,America/Vancouver,2025-04-24 09:13:12,4.0,4.0,19.020833333333336,2.3,2024-05-19 11:05:43,2025-03-13 05:36:14,returning,100.0
601,user601@example.com,2025-05-01 19:26:15,2025-05-01T19:26:15,601,android,zh,America/Toronto,2025-05-29 21:30:07,5.0,5.0,17.663333333333334,3.1999999999999997,2024-03-28 00:06:14,2025-05-01 04:36:16,returning,100.0
602,user602@example.com,2024-07-04 19:51:58,2024-07-04T19:51:58,602,ios,en,Asia/Tokyo,2025-03-17 04:24:48,2.0,2.0,12.183333333333334,4.8,2025-03-23 03:00:00,2025-05-18 14:36:50,new,100.0
603,user603@example.com,2024-08-01 06:52:02,2024-08-01T06:52:02,603,android,zh,America/Toronto,2024-11-15 12:57:56,2.0,2.0,13.474999999999998,5.0,2024-06-12 00:49:20,2025-04-07 09:09:02,new,100.0
604,user604@example.com,2024-12-07 15:49:10,2024-12-07T15:49:10,604,android,ja,Asia/Tokyo,2025-05-12 22:26:40,2.0,2.0,15.908333333333331,3.9,2024-10-05 01:00:55,2025-01-16 15:07:10,new,100.0
605,user605@example.com,2024-03-01 04:23:39,2024-03-01T04:23:39,605,ios,zh,Asia/Seoul,2025-04-30 16:14:15,3.0,1.0,17.61111111111111,,2024-04-30 14:07:06,2025-03-26 15:47:19,returning,33.3
606,user606@example.com,2024-08-09 22:21:31,2024-08-09T22:21:31,606,ios,ko,America/Toronto,2025-04-09 08:01:19,,,,,,,,
607,user607@example.com,2024-07-01 03:16:37,2024-07-01T03:16:37,607,android,ko,America/Toronto,2025-01-12 19:54:15,2.0,0.0,18.53333333333333,,2024-09-07 13:19:58,2025-02-21 09:55:47,new,0.0
608,user608@example.com,2024-07-30 01:08:12,2024-07-30T01:08:12,608,android,en,Asia/Seoul,2025-03-05 09:58:05,1.0,1.0,19.016666666666666,4.2,2024-07-09 07:08:59,2024-07-09 07:08:59,new,100.0
609,user609@example.com,2024-09-17 20:39:06,2024-09-17T20:39:06,609,android,ja,Asia/Tokyo,2024-09-22 19:40:53,3.0,3.0,18.233333333333334,5.0,2024-03-03 06:41:56,2024-11-14 08:19:47,returning,100.0
610,user610@example.com,2024-09-05 07:49:05,2024-09-05T07:49:05,610,ios,en,Asia/Tokyo,2024-10-31 18:21:40,,,,,,,,
611,user611@example.com,2025-02-23 13:10:02,2025-02-23T13:10:02,611,ios,ko,Asia/Seoul,2025-03-26 19:10:49,,,,,,,,
612,user612@example.com,2024-03-03 14:04:35,2024-03-03T14:04:35,612,android,ko,America/Vancouver,2024-10-18 19:53:43,2.0,2.0,19.65833333333333,,2024-05-12 14:29:50,2025-01-14 06:44:44,new,100.0
613,user613@example.com,2024-04-17 11:28:46,2024-04-17T11:28:46,613,ios,ja,Asia/Tokyo,2024-07-06 01:50:42,4.0,4.0,15.658333333333333,4.7,2024-03-15 23:30:35,2024-06-14 06:01:28,returning,100.0
614,user614@example.com,2024-04-27 03:41:14,2024-04-27T03:41:14,614,android,ko,Asia/Seoul,2024-06-02 15:27:20,4.0,4.0,15.625,4.133333333333333,2024-04-18 12:45:55,2025-03-15 07:04:28,returning,100.0
615,user615@example.com,2024-06-28 15:01:35,2024-06-28T15:01:35,615,android,zh,Asia/Seoul,2025-01-29 01:12:02,1.0,1.0,15.25,,2024-01-17 23:51:35,2024-01-17 23:51:35,new,100.0
616,user616@example.com,2024-10-24 12:17:43,2024-10-24T12:17:43,616,ios,ja,America/Toronto,2025-04-14 13:56:58,3.0,2.0,16.46666666666667,4.7,2024-01-27 16:12:57,2024-06-26 14:01:51,returning,66.7
617,user617@example.com,2024-04-28 16:29:47,2024-04-28T16:29:47,617,android,ko,America/Toronto,2024-12-13 04:21:59,3.0,2.0,14.377777777777778,4.4,2024-01-18 03:07:54,2025-03-23 02:26:15,returning,66.7
618,user618@example.com,2024-06-15 04:22:14,2024-06-15T04:22:14,618,ios,en,America/Toronto,2024-08-21 16:15:30,2.0,1.0,14.5,,2024-01-13 02:14:17,2024-07-03 20:08:16,new,50.0
619,user619@example.com,2024-02-19 21:18:45,2024-02-19T21:18:45,619,ios,zh,America/Vancouver,2025-01-17 17:16:37,2.0,2.0,11.258333333333333,4.4,2024-06-03 08:05:22,2025-03-19 13:01:01,new,100.0
620,user620@example.com,2024-11-18 05:41:53,2024-11-18T05:41:53,620,android,ko,America/Toronto,2025-02-25 06:37:15,7.0,7.0,15.138095238095238,4.0,2024-01-06 05:23:29,2025-04-28 02:18:02,returning,100.0
621,user621@example.com,2024-11-12 14:12:10,2024-11-12T14:12:10,621,android,zh,America/Toronto,2024-11-28 02:28:33,3.0,2.0,17.227777777777778,4.0,2024-04-30 04:16:22,2024-08-31 18:28:57,returning,66.7
622,user622@example.com,2024-09-14 00:04:34,2024-09-14T00:04:34,622,android,en,Asia/Seoul,2025-03-23 12:20:32,4.0,3.0,12.879166666666666,,2024-04-06 10:20:58,2024-09-21 01:14:58,returning,75.0
623,user623@example.com,2025-02-25 11:00:17,2025-02-25T11:00:17,623,ios,ja,America/Toronto,2025-05-29 08:56:51,3.0,2.0,14.833333333333334,3.9,2024-10-20 00:02:09,2025-05-09 14:06:36,returning,66.7
624,user624@example.com,2024-12-27 21:27:30,2024-12-27T21:27:30,624,ios,ko,Asia/Tokyo,2025-04-12 08:23:43,3.0,0.0,14.561111111111112,,2024-10-02 16:53:23,2025-04-02 23:47:35,returning,0.0
625,user625@example.com,2024-11-18 22:35:36,2024-11-18T22:35:36,625,android,en,Asia/Seoul,2024-12-31 21:27:03,4.0,3.0,13.966666666666667,4.15,2024-05-14 19:24:26,2024-09-21 00:44:09,returning,75.0
626,user626@example.com,2024-02-18 08:43:01,2024-02-18T08:43:01,626,android,ja,Asia/Seoul,2024-10-03 09:20:22,1.0,0.0,13.683333333333334,3.9,2025-02-23 05:59:31,2025-02-23 05:59:31,new,0.0
627,user627@example.com,2024-06-09 15:40:20,2024-06-09T15:40:20,627,android,en,America/Vancouver,2025-02-24 10:37:50,2.0,2.0,18.6,3.4,2024-07-19 18:23:31,2025-04-01 15:30:51,new,100.0
628,user628@example.com,2024-11-22 08:02:34,2024-11-22T08:02:34,628,android,ko,America/Toronto,2025-05-27 12:49:33,2.0,2.0,11.008333333333333,4.2,2024-09-24 09:37:05,2024-12-18 19:20:02,new,100.0
629,user629@example.com,2024-10-29 12:22:26,2024-10-29T12:22:26,629,android,zh,America/Vancouver,2025-03-28 08:59:53,3.0,2.0,18.288888888888888,4.4,2024-04-09 17:15:14,2024-12-26 00:43:47,returning,66.7
630,user630@example.com,2025-03-29 16:01:45,2025-03-29T16:01:45,630,android,en,Asia/Seoul,2025-05-18 14:27:22,2.0,1.0,14.383333333333333,3.4,2024-01-15 00:33:15,2025-01-21 03:14:23,new,50.0
631,user631@example.com,2024-01-16 04:06:07,2024-01-16T04:06:07,631,android,zh,America/Vancouver,2024-09-02 10:01:53,3.0,1.0,19.472222222222225,3.3,2024-02-03 16:02:36,2024-12-17 22:24:42,returning,33.3
632,user632@example.com,2025-03-23 03:38:45,2025-03-23T03:38:45,632,android,en,America/Vancouver,2025-04-08 09:42:14,8.0,7.0,17.835416666666667,4.4,2024-02-02 12:55:01,2025-04-25 10:30:58,returning,87.5
633,user633@example.com,2024-10-22 10:48:58,2024-10-22T10:48:58,633,ios,en,America/Toronto,2025-01-13 05:45:08,2.0,2.0,11.358333333333334,,2024-03-07 14:17:05,2025-03-06 09:59:24,new,100.0
634,user634@example.com,2025-01-05 11:32:48,2025-01-05T11:32:48,634,ios,ko,Asia/Tokyo,2025-05-11 00:44:24,5.0,4.0,16.369999999999997,3.9,2024-04-29 08:39:37,2025-05-18 10:48:50,returning,80.0
635,user635@example.com,2024-01-05 13:54:39,2024-01-05T13:54:39,635,ios,en,Asia/Tokyo,2024-09-19 05:32:01,1.0,1.0,10.783333333333333,,2024-08-12 03:07:06,2024-08-12 03:07:06,new,100.0
636,user636@example.com,2024-09-30 05:15:33,2024-09-30T05:15:33,636,ios,en,America/Vancouver,2024-12-08 08:15:58,1.0,1.0,7.716666666666667,,2024-02-11 13:59:01,2024-02-11 13:59:01,new,100.0
637,user637@example.com,2024-08-19 22:32:35,2024-08-19T22:32:35,637,ios,ko,Asia/Seoul,2025-01-25 05:57:21,,,,,,,,
638,user638@example.com,2024-10-29 21:52:40,2024-10-29T21:52:40,638,android,zh,Asia/Tokyo,2025-03-01 18:58:44,,,,,,,,
639,user639@example.com,2024-11-21 11:07:22,2024-11-21T11:07:22,639,android,en,America/Vancouver,2025-03-26 00:22:09,1.0,0.0,12.85,4.9,2025-03-04 03:34:32,2025-03-04 03:34:32,new,0.0
640,user640@example.com,2025-02-22 01:09:30,2025-02-22T01:09:30,640,ios,en,Asia/Seoul,2025-05-30 16:32:54,,,,,,,,
641,user641@example.com,2025-02-28 04:38:38,2025-02-28T04:38:38,641,android,ja,America/Vancouver,2025-03-27 12:37:37,2.0,2.0,12.975000000000001,4.4,2024-07-17 19:56:50,2025-03-01 05:43:24,new,100.0
642,user642@example.com,2025-04-13 13:26:35,2025-04-13T13:26:35,642,android,zh,America/Vancouver,2025-05-06 13:40:43,4.0,4.0,14.766666666666666,4.6000000000000005,2024-01-06 01:25:02,2024-08-04 02:23:22,returning,100.0
643,user643@example.com,2024-06-20 07:08:21,2024-06-20T07:08:21,643,ios,ko,Asia/Tokyo,2025-04-25 17:34:40,5.0,4.0,15.319999999999999,3.5666666666666664,2024-04-05 07:00:05,2025-03-09 04:28:31,returning,80.0
644,user644@example.com,2025-01-14 05:15:25,2025-01-14T05:15:25,644,android,ko,Asia/Seoul,2025-05-25 17:39:09,4.0,4.0,17.420833333333334,3.4333333333333336,2024-03-15 15:14:46,2025-05-31 22:54:43,returning,100.0
645,user645@example.com,2024-06-19 10:18:56,2024-06-19T10:18:56,645,ios,ko,America/Vancouver,2024-07-05 15:40:10,3.0,3.0,16.122222222222224,3.1,2024-05-19 17:10:56,2025-04-06 17:02:58,returning,100.0
646,user646@example.com,2024-07-30 23:52:58,2024-07-30T23:52:58,646,android,en,Asia/Seoul,2024-10-20 13:43:03,4.0,4.0,18.77916666666667,4.0,2024-07-03 14:05:31,2025-02-27 21:28:25,returning,100.0
647,user647@example.com,2024-12-04 12:34:17,2024-12-04T12:34:17,647,ios,zh,America/Toronto,2025-01-04 18:40:23,4.0,3.0,14.808333333333334,3.8,2024-02-06 23:25:47,2025-01-11 02:45:30,returning,75.0
648,user648@example.com,2025-01-12 05:01:22,2025-01-12T05:01:22,648,ios,ja,America/Toronto,2025-02-03 11:12:09,2.0,2.0,15.766666666666666,,2025-03-02 15:13:46,2025-04-04 01:49:50,new,100.0
649,user649@example.com,2024-01-23 13:03:42,2024-01-23T13:03:42,649,ios,zh,America/Vancouver,2024-09-05 07:13:12,1.0,1.0,16.566666666666666,,2025-02-27 18:18:26,2025-02-27 18:18:26,new,100.0
650,user650@example.com,2024-10-29 00:49:25,2024-10-29T00:49:25,650,android,en,America/Toronto,2025-05-06 05:46:02,2.0,2.0,17.316666666666666,3.65,2024-04-09 20:24:11,2024-06-21 14:03:18,new,100.0
651,user651@example.com,2024-09-18 01:54:31,2024-09-18T01:54:31,651,android,ko,America/Toronto,2024-10-26 22:23:46,4.0,4.0,14.166666666666668,4.266666666666667,2024-05-31 03:56:55,2024-09-23 09:03:53,returning,100.0
652,user652@example.com,2024-11-10 01:00:32,2024-11-10T01:00:32,652,ios,ko,Asia/Seoul,2025-05-17 17:33:49,3.0,3.0,13.822222222222223,,2024-05-06 11:36:33,2025-05-03 10:05:13,returning,100.0
653,user653@example.com,2024-05-08 04:39:24,2024-05-08T04:39:24,653,android,ja,America/Toronto,2025-02-15 07:18:24,4.0,4.0,13.875,4.4,2024-12-08 06:18:10,2025-03-24 20:33:07,returning,100.0
654,user654@example.com,2024-12-29 00:47:01,2024-12-29T00:47:01,654,android,ko,America/Vancouver,2025-02-27 20:28:13,3.0,3.0,12.927777777777777,4.2,2024-03-29 14:32:53,2025-03-26 03:58:25,returning,100.0
655,user655@example.com,2024-04-09 03:09:16,2024-04-09T03:09:16,655,ios,zh,Asia/Seoul,2025-01-13 08:27:33,3.0,2.0,15.916666666666666,4.3,2024-02-10 00:24:06,2025-01-01 11:45:04,returning,66.7
656,user656@example.com,2025-04-28 07:42:37,2025-04-28T07:42:37,656,android,zh,Asia/Tokyo,2025-05-19 22:35:23,4.0,4.0,16.854166666666664,4.166666666666667,2024-01-01 11:06:44,2024-04-26 16:21:10,returning,100.0
657,user657@example.com,2025-02-18 20:47:10,2025-02-18T20:47:10,657,android,zh,America/Vancouver,2025-03-24 23:56:03,6.0,6.0,15.955555555555556,4.38,2024-01-01 19:07:13,2025-01-09 20:05:22,returning,100.0
658,user658@example.com,2024-01-21 22:41:27,2024-01-21T22:41:27,658,android,ko,America/Toronto,2024-08-13 09:44:25,5.0,5.0,16.990000000000002,4.166666666666667,2024-03-14 11:09:52,2025-03-20 10:13:31,returning,100.0
659,user659@example.com,2024-11-02 01:04:11,2024-11-02T01:04:11,659,ios,en,America/Vancouver,2025-04-08 09:11:47,1.0,1.0,17.35,,2025-04-20 17:03:55,2025-04-20 17:03:55,new,100.0
660,user660@example.com,2025-04-04 17:40:51,2025-04-04T17:40:51,660,ios,ja,Asia/Tokyo,2025-04-19 04:01:14,4.0,4.0,17.795833333333334,4.7,2024-01-16 11:07:33,2025-05-18 21:42:25,returning,100.0
661,user661@example.com,2025-03-14 09:01:44,2025-03-14T09:01:44,661,android,ko,Asia/Seoul,2025-03-27 08:59:41,5.0,3.0,13.866666666666669,4.45,2024-02-12 11:09:58,2025-01-12 14:27:46,returning,60.0
662,user662@example.com,2025-05-29 23:12:40,2025-05-29T23:12:40,662,ios,zh,Asia/Seoul,2025-05-31 11:46:40,6.0,6.0,17.605555555555554,4.4,2024-05-03 17:05:27,2025-03-22 19:04:25,returning,100.0
663,user663@example.com,2024-01-22 01:13:07,2024-01-22T01:13:07,663,ios,ko,America/Toronto,2025-01-02 15:22:14,4.0,4.0,13.945833333333333,4.1,2024-02-22 10:45:37,2025-01-17 18:54:47,returning,100.0
664,user664@example.com,2024-03-06 04:53:38,2024-03-06T04:53:38,664,ios,ko,Asia/Tokyo,2024-12-09 21:19:39,5.0,3.0,15.396666666666667,3.0,2024-01-10 14:24:48,2025-04-03 12:18:33,returning,60.0
665,user665@example.com,2025-05-14 05:43:18,2025-05-14T05:43:18,665,ios,zh,America/Toronto,2025-05-15 18:20:27,2.0,2.0,19.9,3.65,2024-03-07 04:42:50,2024-06-24 02:27:16,new,100.0
666,user666@example.com,2024-11-28 21:55:16,2024-11-28T21:55:16,666,android,ko,America/Vancouver,2025-04-07 17:45:21,5.0,4.0,17.35333333333333,3.466666666666667,2024-03-21 12:38:51,2025-03-18 06:32:03,returning,80.0
667,user667@example.com,2024-04-15 09:37:18,2024-04-15T09:37:18,667,android,zh,Asia/Tokyo,2025-04-03 12:47:23,3.0,3.0,12.65,3.7,2024-01-13 07:27:57,2025-04-25 23:42:57,returning,100.0
668,user668@example.com,2024-12-24 14:40:58,2024-12-24T14:40:58,668,ios,ja,America/Vancouver,2025-05-10 06:19:53,2.0,2.0,15.191666666666666,4.0,2024-11-18 21:24:24,2025-01-23 16:44:08,new,100.0
669,user669@example.com,2024-05-21 03:40:28,2024-05-21T03:40:28,669,android,ja,America/Toronto,2024-10-14 10:23:45,2.0,1.0,18.924999999999997,4.2,2025-01-06 10:56:33,2025-01-09 12:36:12,new,50.0
670,user670@example.com,2024-02-09 01:22:24,2024-02-09T01:22:24,670,android,en,Asia/Seoul,2024-11-27 08:39:00,2.0,2.0,18.116666666666667,,2024-04-03 06:23:18,2024-08-29 15:10:35,new,100.0
671,user671@example.com,2024-07-21 01:39:54,2024-07-21T01:39:54,671,android,ja,Asia/Seoul,2025-01-26 03:32:37,3.0,3.0,17.133333333333333,2.9,2024-04-22 11:41:39,2024-10-16 05:06:42,returning,100.0
672,user672@example.com,2024-10-21 11:00:29,2024-10-21T11:00:29,672,ios,ko,Asia/Tokyo,2024-12-24 18:33:58,3.0,2.0,18.82777777777778,,2024-06-29 04:37:12,2025-01-06 21:15:49,returning,66.7
673,user673@example.com,2024-09-11 06:17:45,2024-09-11T06:17:45,673,ios,ja,America/Toronto,2024-11-08 14:38:16,1.0,1.0,22.5,,2025-01-15 18:23:59,2025-01-15 18:23:59,new,100.0
674,user674@example.com,2024-06-13 09:38:01,2024-06-13T09:38:01,674,ios,ja,America/Vancouver,2025-02-25 03:37:19,2.0,2.0,16.799999999999997,5.0,2024-06-17 17:34:08,2024-07-13 08:02:40,new,100.0
675,user675@example.com,2024-12-19 04:12:35,2024-12-19T04:12:35,675,android,ja,America/Vancouver,2025-03-22 16:14:23,1.0,1.0,20.833333333333332,,2024-06-02 23:13:34,2024-06-02 23:13:34,new,100.0
676,user676@example.com,2024-09-10 20:50:50,2024-09-10T20:50:50,676,android,ko,America/Toronto,2025-05-20 05:44:25,3.0,3.0,15.622222222222222,4.5,2024-04-01 00:53:57,2025-04-29 19:21:56,returning,100.0
677,user677@example.com,2024-09-19 03:27:58,2024-09-19T03:27:58,677,ios,ko,America/Vancouver,2024-11-07 19:26:30,2.0,1.0,15.600000000000001,3.7,2024-04-16 07:31:43,2024-06-01 11:56:08,new,50.0
678,user678@example.com,2024-10-21 11:25:29,2024-10-21T11:25:29,678,ios,en,America/Toronto,2024-11-12 04:33:44,1.0,1.0,16.533333333333335,4.3,2024-03-12 07:15:51,2024-03-12 07:15:51,new,100.0
679,user679@example.com,2024-08-04 03:04:45,2024-08-04T03:04:45,679,android,ko,Asia/Tokyo,2025-03-24 21:29:46,2.0,1.0,18.69166666666667,4.8,2024-05-12 17:49:55,2024-08-04 12:29:02,new,50.0
680,user680@example.com,2024-11-23 10:32:16,2024-11-23T10:32:16,680,android,en,America/Toronto,2025-02-18 15:58:37,3.0,3.0,19.427777777777777,3.4333333333333336,2024-02-10 05:42:57,2024-10-22 21:24:24,returning,100.0
681,user681@example.com,2024-07-14 22:40:55,2024-07-14T22:40:55,681,android,ko,America/Toronto,2024-12-21 11:18:23,,,,,,,,
682,user682@example.com,2024-03-04 14:50:34,2024-03-04T14:50:34,682,ios,ja,America/Toronto,2024-11-25 18:41:53,4.0,2.0,14.725000000000001,3.2,2024-03-07 19:13:14,2024-12-21 17:52:15,returning,50.0
683,user683@example.com,2024-12-31 07:09:17,2024-12-31T07:09:17,683,ios,ko,Asia/Tokyo,2025-03-16 03:32:14,1.0,1.0,14.066666666666666,4.7,2024-06-23 16:40:45,2024-06-23 16:40:45,new,100.0
684,user684@example.com,2024-01-16 01:19:50,2024-01-16T01:19:50,684,ios,en,America/Toronto,2025-02-25 01:22:34,,,,,,,,
685,user685@example.com,2025-02-22 23:29:59,2025-02-22T23:29:59,685,android,ko,America/Vancouver,2025-03-29 10:20:49,4.0,3.0,15.0,4.1,2024-03-15 10:18:17,2025-04-17 17:53:41,returning,75.0
686,user686@example.com,2024-02-10 10:56:45,2024-02-10T10:56:45,686,ios,en,America/Vancouver,2025-02-19 00:34:06,4.0,3.0,17.40833333333333,4.7,2024-01-07 04:41:06,2025-01-20 01:24:50,returning,75.0
687,user687@example.com,2024-09-28 19:44:01,2024-09-28T19:44:01,687,ios,zh,Asia/Tokyo,2025-02-19 15:54:05,2.0,2.0,14.833333333333332,,2024-11-10 14:15:27,2024-12-25 21:38:20,new,100.0
688,user688@example.com,2024-06-23 03:48:14,2024-06-23T03:48:14,688,android,ko,Asia/Tokyo,2025-04-25 18:59:43,3.0,2.0,14.716666666666667,3.3,2024-04-19 04:13:52,2025-03-10 14:57:42,returning,66.7
689,user689@example.com,2025-05-19 23:33:51,2025-05-19T23:33:51,689,android,en,Asia/Tokyo,2025-05-21 14:33:37,1.0,1.0,14.35,,2025-02-14 12:02:25,2025-02-14 12:02:25,new,100.0
690,user690@example.com,2024-02-23 07:08:20,2024-02-23T07:08:20,690,android,ko,America/Vancouver,2024-09-30 07:36:44,,,,,,,,
691,user691@example.com,2025-05-21 05:35:14,2025-05-21T05:35:14,691,android,ja,America/Toronto,2025-05-21 07:10:49,1.0,1.0,14.333333333333334,,2024-12-06 15:51:18,2024-12-06 15:51:18,new,100.0
692,user692@example.com,2024-02-01 06:27:57,2024-02-01T06:27:57,692,ios,en,Asia/Tokyo,2024-07-09 19:44:52,1.0,0.0,19.366666666666667,,2024-05-07 00:39:36,2024-05-07 00:39:36,new,0.0
693,user693@example.com,2024-01-25 02:26:27,2024-01-25T02:26:27,693,android,ja,America/Vancouver,2024-05-24 07:43:21,,,,,,,,
694,user694@example.com,2024-07-11 01:41:41,2024-07-11T01:41:41,694,android,ja,Asia/Tokyo,2025-02-15 08:48:10,,,,,,,,
695,user695@example.com,2024-06-03 20:21:08,2024-06-03T20:21:08,695,android,zh,America/Toronto,2024-11-11 07:55:04,4.0,1.0,12.8125,4.933333333333334,2024-02-15 10:33:08,2024-11-16 08:08:43,returning,25.0
696,user696@example.com,2024-01-16 19:54:39,2024-01-16T19:54:39,696,ios,ja,Asia/Tokyo,2024-07-31 22:40:08,1.0,0.0,14.583333333333334,4.9,2024-08-10 22:10:16,2024-08-10 22:10:16,new,0.0
697,user697@example.com,2025-04-27 14:32:10,2025-04-27T14:32:10,697,android,zh,America/Toronto,2025-05-29 14:39:22,1.0,1.0,15.166666666666666,,2024-03-18 15:59:40,2024-03-18 15:59:40,new,100.0
698,user698@example.com,2024-04-28 08:36:46,2024-04-28T08:36:46,698,ios,zh,America/Toronto,2024-07-15 05:56:30,4.0,2.0,13.433333333333334,3.05,2024-01-10 21:23:39,2025-04-09 15:34:47,returning,50.0
699,user699@example.com,2024-07-04 06:48:00,2024-07-04T06:48:00,699,android,ja,America/Vancouver,2024-09-04 16:59:12,7.0,7.0,16.635714285714283,3.8200000000000003,2024-03-05 04:31:48,2025-04-04 07:47:05,returning,100.0
700,user700@example.com,2024-04-08 00:55:46,2024-04-08T00:55:46,700,ios,en,America/Toronto,2025-04-09 09:28:13,3.0,2.0,17.694444444444443,4.6,2024-01-02 08:13:44,2025-05-09 07:40:13,returning,66.7
701,user701@example.com,2025-01-02 19:49:04,2025-01-02T19:49:04,701,ios,en,Asia/Seoul,2025-02-14 21:20:31,3.0,2.0,11.233333333333334,3.0,2024-08-17 12:10:36,2025-04-10 08:19:42,returning,66.7
702,user702@example.com,2024-03-29 20:22:25,2024-03-29T20:22:25,702,ios,en,Asia/Tokyo,2025-02-04 00:56:06,6.0,6.0,10.847222222222221,4.1000000000000005,2024-01-06 15:54:00,2024-09-24 00:42:30,returning,100.0
703,user703@example.com,2025-03-14 01:09:17,2025-03-14T01:09:17,703,android,en,America/Toronto,2025-05-15 05:08:29,3.0,1.0,15.816666666666668,4.25,2024-01-10 11:52:51,2024-08-04 20:58:10,returning,33.3
704,user704@example.com,2024-06-18 07:09:12,2024-06-18T07:09:12,704,android,en,America/Toronto,2025-05-14 15:01:05,3.0,2.0,15.28888888888889,4.35,2024-04-21 11:27:02,2025-03-15 07:11:24,returning,66.7
705,user705@example.com,2024-12-27 04:51:42,2024-12-27T04:51:42,705,android,ko,America/Vancouver,2025-05-28 10:22:38,3.0,2.0,17.472222222222225,,2024-04-04 00:14:42,2025-01-16 23:12:06,returning,66.7
706,user706@example.com,2024-07-18 00:43:43,2024-07-18T00:43:43,706,ios,ko,America/Vancouver,2024-12-04 17:44:54,5.0,5.0,16.31666666666667,3.9000000000000004,2024-02-01 13:36:10,2025-05-09 21:46:28,returning,100.0
707,user707@example.com,2024-10-13 12:42:16,2024-10-13T12:42:16,707,ios,ko,America/Vancouver,2025-01-28 16:37:20,2.0,0.0,13.741666666666667,4.0,2024-03-14 03:56:51,2024-06-17 12:23:35,new,0.0
708,user708@example.com,2024-05-10 07:48:58,2024-05-10T07:48:58,708,android,zh,Asia/Tokyo,2024-12-23 22:28:45,2.0,0.0,18.608333333333334,,2024-01-14 02:48:09,2024-12-09 06:19:10,new,0.0
709,user709@example.com,2025-04-15 14:39:30,2025-04-15T14:39:30,709,ios,en,America/Vancouver,2025-05-12 06:58:48,3.0,3.0,16.561111111111114,4.550000000000001,2024-01-03 14:02:32,2025-03-31 05:19:07,returning,100.0
710,user710@example.com,2025-04-16 15:54:49,2025-04-16T15:54:49,710,android,ja,Asia/Seoul,2025-04-27 15:34:01,1.0,1.0,14.716666666666667,,2024-04-13 01:55:51,2024-04-13 01:55:51,new,100.0
711,user711@example.com,2024-03-29 23:02:50,2024-03-29T23:02:50,711,android,zh,America/Vancouver,2024-10-18 18:26:38,3.0,3.0,17.294444444444444,3.25,2024-01-20 17:28:41,2024-07-10 00:03:34,returning,100.0
712,user712@example.com,2024-05-07 04:48:57,2024-05-07T04:48:57,712,android,en,America/Vancouver,2024-12-21 18:04:02,1.0,1.0,11.95,,2025-04-15 19:52:03,2025-04-15 19:52:03,new,100.0
713,user713@example.com,2024-08-29 14:11:08,2024-08-29T14:11:08,713,ios,ja,Asia/Seoul,2025-05-26 04:31:21,3.0,2.0,13.6,3.6999999999999997,2024-03-06 17:50:33,2025-02-02 15:27:06,returning,66.7
714,user714@example.com,2024-03-24 23:06:24,2024-03-24T23:06:24,714,android,zh,America/Toronto,2024-12-13 18:50:31,2.0,2.0,18.208333333333332,,2024-07-08 05:51:52,2024-11-04 17:49:19,new,100.0
715,user715@example.com,2025-03-25 11:27:55,2025-03-25T11:27:55,715,android,en,Asia/Tokyo,2025-04-05 18:23:24,7.0,5.0,14.847619047619048,4.25,2024-03-24 08:40:25,2025-04-15 06:08:17,returning,71.4
716,user716@example.com,2024-01-20 22:40:49,2024-01-20T22:40:49,716,ios,zh,America/Toronto,2024-07-17 12:53:19,4.0,3.0,17.825,4.166666666666667,2024-06-11 15:08:42,2024-12-10 20:16:06,returning,75.0
717,user717@example.com,2024-08-30 07:18:16,2024-08-30T07:18:16,717,android,ja,America/Vancouver,2025-05-29 11:24:24,5.0,3.0,16.633333333333333,4.433333333333334,2024-01-02 02:32:54,2025-04-05 15:13:16,returning,60.0
718,user718@example.com,2025-03-23 05:37:44,2025-03-23T05:37:44,718,ios,ja,America/Vancouver,2025-04-30 23:12:16,1.0,1.0,11.216666666666667,,2024-08-22 23:12:57,2024-08-22 23:12:57,new,100.0
719,user719@example.com,2024-10-18 12:13:43,2024-10-18T12:13:43,719,ios,ko,Asia/Tokyo,2025-02-17 09:44:05,3.0,2.0,17.472222222222225,5.0,2024-03-21 15:11:48,2025-05-31 06:56:57,returning,66.7
720,user720@example.com,2024-11-04 02:10:28,2024-11-04T02:10:28,720,ios,ja,America/Toronto,2025-01-16 22:39:50,4.0,4.0,21.229166666666664,5.0,2024-08-01 00:13:11,2025-05-28 13:10:43,returning,100.0
721,user721@example.com,2024-06-03 01:08:06,2024-06-03T01:08:06,721,ios,ko,America/Toronto,2025-05-07 23:41:04,3.0,2.0,17.900000000000002,3.4,2024-01-05 05:54:22,2025-05-02 05:48:47,returning,66.7
722,user722@example.com,2024-02-29 00:40:37,2024-02-29T00:40:37,722,ios,ko,America/Toronto,2024-09-09 23:20:13,3.0,2.0,19.333333333333332,3.2,2024-03-12 05:29:03,2025-04-26 11:18:02,returning,66.7
723,user723@example.com,2025-04-04 21:30:14,2025-04-04T21:30:14,723,ios,en,America/Vancouver,2025-04-12 12:23:35,1.0,1.0,15.266666666666667,4.0,2025-04-28 05:07:35,2025-04-28 05:07:35,new,100.0
724,user724@example.com,2025-05-02 04:38:44,2025-05-02T04:38:44,724,ios,en,Asia/Tokyo,2025-05-20 05:07:15,2.0,2.0,16.825,2.2,2024-12-09 17:06:08,2025-05-04 13:01:33,new,100.0
725,user725@example.com,2024-07-07 15:02:26,2024-07-07T15:02:26,725,android,ja,Asia/Tokyo,2024-09-16 15:31:47,1.0,0.0,22.666666666666668,,2025-02-07 01:50:03,2025-02-07 01:50:03,new,0.0
726,user726@example.com,2024-03-20 03:34:40,2024-03-20T03:34:40,726,android,zh,America/Toronto,2024-06-27 18:15:20,2.0,2.0,15.833333333333334,,2024-02-10 11:26:58,2025-02-02 04:36:38,new,100.0
727,user727@example.com,2024-08-22 05:54:31,2024-08-22T05:54:31,727,android,zh,America/Vancouver,2025-03-05 09:19:01,2.0,2.0,12.183333333333334,3.7,2024-02-14 19:41:31,2024-08-22 23:08:44,new,100.0
728,user728@example.com,2025-04-11 08:29:01,2025-04-11T08:29:01,728,android,ko,Asia/Tokyo,2025-04-23 00:57:42,3.0,2.0,16.55,4.75,2024-05-13 12:28:06,2024-12-04 21:51:31,returning,66.7
729,user729@example.com,2024-04-04 00:37:47,2024-04-04T00:37:47,729,android,ja,America/Vancouver,2024-04-13 04:58:12,2.0,2.0,13.608333333333334,2.9,2024-04-03 09:25:56,2024-05-01 18:58:32,new,100.0
730,user730@example.com,2025-03-15 13:44:50,2025-03-15T13:44:50,730,android,en,Asia/Seoul,2025-04-19 16:20:30,1.0,0.0,17.666666666666668,,2024-09-18 11:26:00,2024-09-18 11:26:00,new,0.0
731,user731@example.com,2024-02-01 21:35:02,2024-02-01T21:35:02,731,ios,ja,America/Toronto,2024-08-29 03:43:02,3.0,1.0,15.25,4.0,2024-05-12 12:00:40,2025-03-07 21:42:45,returning,33.3
732,user732@example.com,2024-09-26 16:20:50,2024-09-26T16:20:50,732,android,ja,America/Toronto,2025-04-08 09:13:14,4.0,4.0,18.15833333333333,4.633333333333334,2024-01-22 18:20:17,2024-11-21 23:31:22,returning,100.0
733,user733@example.com,2025-02-17 19:05:28,2025-02-17T19:05:28,733,ios,zh,Asia/Seoul,2025-04-29 16:28:40,3.0,2.0,14.35,4.4,2024-02-22 01:51:55,2024-12-06 14:37:34,returning,66.7
734,user734@example.com,2024-11-28 17:32:41,2024-11-28T17:32:41,734,android,zh,America/Toronto,2025-03-19 16:30:25,,,,,,,,
735,user735@example.com,2025-05-28 19:39:05,2025-05-28T19:39:05,735,ios,en,Asia/Seoul,2025-05-30 05:59:34,1.0,1.0,14.8,,2025-01-19 17:04:05,2025-01-19 17:04:05,new,100.0
736,user736@example.com,2024-10-14 19:56:30,2024-10-14T19:56:30,736,android,ko,America/Toronto,2024-12-11 21:49:50,2.0,2.0,14.133333333333333,3.95,2024-03-25 18:57:17,2025-01-25 19:26:35,new,100.0
737,user737@example.com,2024-02-23 13:26:48,2024-02-23T13:26:48,737,ios,ko,Asia/Tokyo,2025-03-17 14:37:30,4.0,4.0,15.466666666666667,4.9,2024-06-14 14:29:50,2025-03-13 20:25:05,returning,100.0
738,user738@example.com,2025-01-27 23:47:33,2025-01-27T23:47:33,738,android,zh,Asia/Seoul,2025-03-17 17:24:58,2.0,2.0,14.608333333333334,3.8,2024-08-27 00:31:09,2025-01-16 21:37:17,new,100.0
739,user739@example.com,2025-05-17 23:04:52,2025-05-17T23:04:52,739,android,en,America/Toronto,2025-05-19 10:03:17,4.0,4.0,14.374999999999998,4.1,2024-08-16 02:00:15,2025-05-23 21:00:01,returning,100.0
740,user740@example.com,2024-09-22 01:00:36,2024-09-22T01:00:36,740,android,zh,America/Vancouver,2025-03-15 17:57:38,4.0,4.0,14.85,3.625,2024-02-17 18:08:01,2025-02-10 21:53:46,returning,100.0
741,user741@example.com,2024-01-10 19:51:11,2024-01-10T19:51:11,741,android,ja,Asia/Seoul,2025-03-21 01:32:05,4.0,4.0,16.15416666666667,4.9,2024-03-15 15:49:50,2025-04-28 21:04:38,returning,100.0
742,user742@example.com,2024-11-22 06:27:44,2024-11-22T06:27:44,742,android,en,Asia/Tokyo,2024-12-15 19:28:11,5.0,5.0,15.226666666666665,3.6500000000000004,2024-07-02 03:39:49,2024-12-19 03:57:54,returning,100.0
743,user743@example.com,2025-01-15 18:01:19,2025-01-15T18:01:19,743,ios,ko,Asia/Seoul,2025-03-25 16:57:00,,,,,,,,
744,user744@example.com,2024-03-22 23:23:13,2024-03-22T23:23:13,744,android,zh,America/Vancouver,2025-01-12 23:03:54,3.0,3.0,11.483333333333334,3.6,2024-06-08 20:58:10,2025-01-26 03:22:54,returning,100.0
745,user745@example.com,2024-12-02 17:27:42,2024-12-02T17:27:42,745,android,ko,America/Toronto,2025-04-06 02:47:01,,,,,,,,
746,user746@example.com,2024-10-08 07:40:27,2024-10-08T07:40:27,746,android,zh,America/Vancouver,2024-11-08 01:03:02,3.0,2.0,19.038888888888888,3.4666666666666663,2024-03-18 02:58:43,2024-12-19 05:02:27,returning,66.7
747,user747@example.com,2025-05-08 16:09:54,2025-05-08T16:09:54,747,android,ko,Asia/Seoul,2025-05-16 08:45:35,4.0,2.0,17.208333333333332,4.1,2024-05-24 17:02:37,2025-03-19 22:54:16,returning,50.0
748,user748@example.com,2024-12-23 02:09:45,2024-12-23T02:09:45,748,android,zh,Asia/Seoul,2025-03-19 11:32:21,2.0,1.0,12.65,3.6,2024-05-11 12:38:55,2025-03-14 12:31:12,new,50.0
749,user749@example.com,2024-04-28 19:57:42,2024-04-28T19:57:42,749,android,zh,America/Toronto,2024-09-18 15:50:55,3.0,2.0,17.572222222222223,4.3,2024-02-20 14:37:43,2024-04-16 22:08:58,returning,66.7
750,user750@example.com,2024-12-04 06:04:07,2024-12-04T06:04:07,750,ios,ko,Asia/Seoul,2025-04-27 16:46:44,,,,,,,,
751,user751@example.com,2024-05-16 19:25:51,2024-05-16T19:25:51,751,ios,ko,Asia/Tokyo,2024-06-25 19:32:50,6.0,5.0,15.733333333333334,4.18,2024-07-17 07:07:23,2025-04-21 15:13:28,returning,83.3
752,user752@example.com,2025-02-09 06:03:51,2025-02-09T06:03:51,752,ios,zh,America/Vancouver,2025-02-14 08:56:00,5.0,4.0,16.323333333333334,3.75,2024-04-21 04:43:21,2025-03-13 04:53:58,returning,80.0
753,user753@example.com,2025-05-20 05:24:18,2025-05-20T05:24:18,753,ios,en,Asia/Seoul,2025-05-27 17:26:25,3.0,1.0,16.07777777777778,3.3,2024-01-23 13:24:28,2024-10-22 16:13:26,returning,33.3
754,user754@example.com,2024-07-28 18:42:02,2024-07-28T18:42:02,754,ios,zh,Asia/Seoul,2024-10-25 20:27:10,1.0,1.0,18.216666666666665,3.1,2024-10-10 23:06:27,2024-10-10 23:06:27,new,100.0
755,user755@example.com,2025-04-23 09:26:18,2025-04-23T09:26:18,755,android,zh,America/Toronto,2025-04-29 18:23:14,3.0,3.0,15.866666666666667,,2024-07-02 17:50:34,2024-11-24 01:28:22,returning,100.0
756,user756@example.com,2025-02-22 00:16:12,2025-02-22T00:16:12,756,ios,en,America/Vancouver,2025-05-02 07:16:14,3.0,3.0,19.677777777777777,3.2,2024-01-09 23:00:35,2024-05-11 10:22:08,returning,100.0
757,user757@example.com,2025-01-10 13:02:48,2025-01-10T13:02:48,757,android,zh,Asia/Seoul,2025-04-27 01:27:10,3.0,3.0,18.77777777777778,4.1,2024-05-12 05:21:54,2025-02-19 12:50:49,returning,100.0
758,user758@example.com,2024-12-27 01:52:30,2024-12-27T01:52:30,758,ios,ko,Asia/Tokyo,2025-04-28 14:46:10,2.0,1.0,13.916666666666668,,2024-05-10 16:59:57,2024-06-08 06:40:42,new,50.0
759,user759@example.com,2024-12-04 07:41:49,2024-12-04T07:41:49,759,android,ja,Asia/Tokyo,2025-03-19 02:43:57,2.0,2.0,18.083333333333336,,2024-05-24 23:22:37,2024-10-18 21:49:26,new,100.0
760,user760@example.com,2025-04-05 04:31:38,2025-04-05T04:31:38,760,ios,zh,Asia/Seoul,2025-05-10 16:51:50,6.0,2.0,17.425,3.4333333333333336,2024-03-07 19:29:50,2024-12-15 17:38:24,returning,33.3
761,user761@example.com,2024-07-27 11:15:19,2024-07-27T11:15:19,761,android,ko,Asia/Seoul,2024-07-31 13:38:33,1.0,1.0,5.7,,2024-05-05 08:19:39,2024-05-05 08:19:39,new,100.0
762,user762@example.com,2024-09-07 08:11:34,2024-09-07T08:11:34,762,ios,ja,Asia/Seoul,2025-03-08 13:26:04,2.0,2.0,13.783333333333333,4.6,2024-01-12 07:08:06,2024-11-25 07:37:39,new,100.0
763,user763@example.com,2024-07-09 16:21:41,2024-07-09T16:21:41,763,ios,zh,Asia/Tokyo,2024-11-03 00:56:01,4.0,2.0,15.3375,4.2,2024-01-20 04:08:02,2025-04-01 19:41:54,returning,50.0
764,user764@example.com,2024-03-08 07:30:48,2024-03-08T07:30:48,764,android,ja,America/Toronto,2024-03-13 22:03:58,1.0,1.0,27.916666666666668,3.7,2024-02-26 16:42:19,2024-02-26 16:42:19,new,100.0
765,user765@example.com,2024-08-04 15:35:57,2024-08-04T15:35:57,765,android,ko,Asia/Tokyo,2025-03-10 08:20:40,2.0,2.0,12.791666666666668,,2024-02-16 14:22:08,2024-04-25 20:24:29,new,100.0
766,user766@example.com,2024-12-16 03:33:30,2024-12-16T03:33:30,766,android,ko,America/Toronto,2025-05-03 23:24:38,2.0,2.0,14.166666666666668,4.1,2024-07-27 00:08:48,2024-12-29 00:35:48,new,100.0
767,user767@example.com,2024-07-08 09:56:38,2024-07-08T09:56:38,767,android,ko,Asia/Seoul,2024-08-08 04:13:55,1.0,1.0,22.316666666666666,5.0,2025-02-07 17:10:07,2025-02-07 17:10:07,new,100.0
768,user768@example.com,2024-12-26 22:47:37,2024-12-26T22:47:37,768,ios,ja,Asia/Seoul,2025-05-01 20:49:20,4.0,2.0,10.891666666666667,3.2,2024-01-26 08:22:13,2024-12-16 10:57:31,returning,50.0
769,user769@example.com,2025-03-18 14:46:02,2025-03-18T14:46:02,769,android,zh,America/Toronto,2025-03-25 06:17:59,3.0,3.0,14.016666666666666,,2024-02-12 00:00:43,2025-02-11 12:43:54,returning,100.0
770,user770@example.com,2025-04-19 01:24:27,2025-04-19T01:24:27,770,ios,ja,America/Vancouver,2025-05-19 23:26:28,3.0,3.0,18.88888888888889,4.4,2024-01-17 10:18:20,2024-12-25 10:25:24,returning,100.0
771,user771@example.com,2024-10-21 08:52:21,2024-10-21T08:52:21,771,android,ja,Asia/Tokyo,2025-01-02 07:11:49,2.0,2.0,12.583333333333332,4.5,2024-06-12 14:18:50,2024-11-06 04:06:56,new,100.0
772,user772@example.com,2024-09-18 06:53:15,2024-09-18T06:53:15,772,ios,ko,America/Vancouver,2025-04-14 01:10:34,2.0,1.0,13.741666666666667,,2024-05-11 18:26:01,2024-06-11 23:19:54,new,50.0
773,user773@example.com,2024-01-23 07:00:24,2024-01-23T07:00:24,773,ios,en,Asia/Seoul,2024-08-19 09:10:03,3.0,2.0,14.066666666666665,3.4,2024-02-18 18:21:34,2025-01-08 17:22:07,returning,66.7
774,user774@example.com,2025-01-18 22:32:27,2025-01-18T22:32:27,774,android,en,America/Toronto,2025-02-05 10:53:21,4.0,3.0,16.7625,5.0,2024-01-24 19:03:42,2025-05-30 23:48:10,returning,75.0
775,user775@example.com,2024-09-09 10:42:11,2024-09-09T10:42:11,775,ios,zh,America/Toronto,2025-01-20 05:33:42,3.0,3.0,16.694444444444446,4.1000000000000005,2024-09-29 07:32:38,2025-04-30 01:13:25,returning,100.0
776,user776@example.com,2024-05-21 05:44:26,2024-05-21T05:44:26,776,android,zh,Asia/Seoul,2024-11-17 07:35:34,1.0,1.0,15.866666666666667,,2024-03-17 07:42:37,2024-03-17 07:42:37,new,100.0
777,user777@example.com,2025-01-13 16:35:22,2025-01-13T16:35:22,777,android,en,America/Toronto,2025-01-24 13:44:49,3.0,3.0,13.0,3.0,2024-12-24 14:57:23,2025-02-22 22:23:50,returning,100.0
778,user778@example.com,2024-06-13 18:12:02,2024-06-13T18:12:02,778,android,en,Asia/Tokyo,2024-08-23 06:52:12,4.0,4.0,17.733333333333334,3.8,2024-04-26 19:25:15,2025-02-17 12:50:49,returning,100.0
779,user779@example.com,2024-10-02 14:25:00,2024-10-02T14:25:00,779,android,zh,America/Vancouver,2024-11-18 23:10:50,4.0,3.0,15.65,3.5666666666666664,2024-05-03 07:22:58,2025-03-20 18:48:15,returning,75.0
780,user780@example.com,2024-07-19 16:02:16,2024-07-19T16:02:16,780,android,zh,America/Toronto,2025-05-02 03:08:42,3.0,3.0,15.838888888888889,4.449999999999999,2025-01-03 12:10:12,2025-05-20 20:09:28,returning,100.0
781,user781@example.com,2024-09-21 08:22:33,2024-09-21T08:22:33,781,ios,zh,America/Vancouver,2025-04-11 17:44:40,7.0,5.0,15.933333333333334,3.825,2024-03-16 09:24:55,2025-02-22 09:09:04,returning,71.4
782,user782@example.com,2024-08-05 05:12:43,2024-08-05T05:12:43,782,android,zh,Asia/Seoul,2024-12-08 16:22:44,3.0,2.0,13.516666666666666,3.8,2024-09-10 18:26:21,2024-10-01 02:26:20,returning,66.7
783,user783@example.com,2025-04-08 01:08:05,2025-04-08T01:08:05,783,ios,en,Asia/Seoul,2025-05-24 18:28:51,4.0,4.0,17.241666666666667,4.0,2024-09-08 09:41:52,2025-05-27 16:45:24,returning,100.0
784,user784@example.com,2024-08-02 14:01:10,2024-08-02T14:01:10,784,ios,ja,America/Vancouver,2025-04-18 12:03:54,2.0,2.0,14.475000000000001,4.4,2024-12-05 03:45:04,2025-05-15 01:52:58,new,100.0
785,user785@example.com,2025-03-07 16:41:44,2025-03-07T16:41:44,785,ios,ko,Asia/Tokyo,2025-04-08 04:52:00,4.0,3.0,13.841666666666665,3.5,2024-10-11 14:22:45,2025-04-29 23:45:25,returning,75.0
786,user786@example.com,2024-01-08 21:13:49,2024-01-08T21:13:49,786,ios,ja,America/Vancouver,2024-11-11 07:37:54,2.0,1.0,17.15,3.6,2024-02-08 05:26:16,2024-11-25 04:48:08,new,50.0
787,user787@example.com,2025-02-05 06:37:47,2025-02-05T06:37:47,787,ios,en,Asia/Tokyo,2025-03-07 08:56:40,,,,,,,,
788,user788@example.com,2024-05-28 09:32:59,2024-05-28T09:32:59,788,ios,ko,America/Toronto,2024-12-08 13:08:04,4.0,2.0,14.470833333333333,5.0,2024-04-04 09:37:48,2025-05-28 15:18:45,returning,50.0
789,user789@example.com,2024-03-07 11:56:28,2024-03-07T11:56:28,789,android,en,America/Vancouver,2024-12-08 15:16:15,4.0,4.0,16.370833333333334,4.45,2024-02-02 08:36:01,2025-04-14 16:40:56,returning,100.0
790,user790@example.com,2024-07-06 11:12:10,2024-07-06T11:12:10,790,ios,ko,Asia/Tokyo,2024-10-04 19:53:15,2.0,2.0,14.341666666666667,,2024-04-10 14:06:04,2024-05-13 15:23:37,new,100.0
791,user791@example.com,2024-11-11 16:22:09,2024-11-11T16:22:09,791,android,zh,America/Toronto,2024-11-19 23:23:31,5.0,5.0,17.296666666666667,4.45,2024-10-25 07:50:04,2025-05-13 05:47:18,returning,100.0
792,user792@example.com,2025-01-14 11:45:04,2025-01-14T11:45:04,792,android,ko,Asia/Seoul,2025-01-22 03:46:51,2.0,1.0,18.983333333333334,3.9,2024-05-21 21:21:39,2025-02-18 16:29:43,new,50.0
793,user793@example.com,2025-03-07 05:14:04,2025-03-07T05:14:04,793,android,ja,Asia/Tokyo,2025-03-25 15:26:39,4.0,4.0,15.670833333333334,3.25,2024-01-02 23:00:11,2025-05-19 09:49:26,returning,100.0
794,user794@example.com,2024-07-05 15:57:46,2024-07-05T15:57:46,794,android,ja,Asia/Tokyo,2024-10-20 14:10:21,1.0,1.0,18.25,4.2,2024-12-04 08:36:33,2024-12-04 08:36:33,new,100.0
795,user795@example.com,2025-01-04 19:01:07,2025-01-04T19:01:07,795,ios,ko,Asia/Tokyo,2025-03-03 04:57:11,5.0,4.0,13.559999999999999,3.0,2024-01-29 17:10:26,2025-03-31 10:26:22,returning,80.0
796,user796@example.com,2025-05-16 16:30:09,2025-05-16T16:30:09,796,android,zh,America/Vancouver,2025-05-28 23:14:39,3.0,2.0,13.800000000000002,3.1,2024-07-25 08:54:55,2025-02-25 03:35:58,returning,66.7
797,user797@example.com,2025-01-16 05:34:22,2025-01-16T05:34:22,797,ios,en,Asia/Seoul,2025-05-16 15:54:06,1.0,0.0,15.783333333333333,,2024-03-17 01:51:42,2024-03-17 01:51:42,new,0.0
798,user798@example.com,2024-12-14 02:34:44,2024-12-14T02:34:44,798,android,en,Asia/Tokyo,2025-01-19 23:26:04,3.0,3.0,16.538888888888888,4.65,2024-05-25 02:19:46,2025-05-30 18:00:47,returning,100.0
799,user799@example.com,2024-01-14 09:26:15,2024-01-14T09:26:15,799,android,ko,Asia/Seoul,2024-09-20 23:08:17,2.0,1.0,18.21666666666667,,2024-08-04 06:03:45,2024-10-06 22:10:28,new,50.0
800,user800@example.com,2024-03-13 06:38:24,2024-03-13T06:38:24,800,android,en,America/Vancouver,2025-04-23 15:48:17,2.0,2.0,12.766666666666666,,2024-02-13 00:29:49,2024-10-24 03:56:34,new,100.0
801,user801@example.com,2024-08-16 12:56:55,2024-08-16T12:56:55,801,ios,ko,America/Toronto,2024-08-28 16:26:28,1.0,1.0,20.9,,2024-11-18 02:52:34,2024-11-18 02:52:34,new,100.0
802,user802@example.com,2024-06-21 02:51:22,2024-06-21T02:51:22,802,ios,zh,America/Toronto,2024-07-29 11:18:22,4.0,3.0,17.5375,4.85,2024-07-09 10:08:28,2025-04-19 08:59:36,returning,75.0
803,user803@example.com,2024-11-10 02:35:00,2024-11-10T02:35:00,803,android,zh,Asia/Seoul,2024-11-29 04:05:40,5.0,5.0,14.496666666666666,2.9,2024-04-08 13:06:15,2025-05-04 23:49:20,returning,100.0
804,user804@example.com,2024-07-07 23:32:13,2024-07-07T23:32:13,804,ios,en,America/Vancouver,2024-09-27 01:07:01,2.0,2.0,16.641666666666666,,2024-02-22 23:31:42,2025-05-16 01:00:19,new,100.0
805,user805@example.com,2024-08-25 20:05:38,2024-08-25T20:05:38,805,ios,zh,America/Vancouver,2025-01-13 00:10:06,8.0,7.0,12.964583333333334,4.033333333333333,2024-01-07 16:44:29,2025-05-16 15:41:52,returning,87.5
806,user806@example.com,2025-05-30 17:06:42,2025-05-30T17:06:42,806,android,en,Asia/Seoul,2025-05-31 12:22:21,3.0,3.0,12.094444444444443,4.5,2024-05-30 23:27:51,2025-04-04 08:48:03,returning,100.0
807,user807@example.com,2025-03-27 16:58:54,2025-03-27T16:58:54,807,ios,ja,America/Vancouver,2025-04-17 16:03:54,1.0,0.0,17.166666666666668,,2024-11-29 01:50:14,2024-11-29 01:50:14,new,0.0
808,user808@example.com,2024-10-13 15:02:23,2024-10-13T15:02:23,808,ios,en,America/Toronto,2025-05-08 02:28:47,3.0,2.0,14.588888888888889,3.3,2024-01-07 21:06:56,2024-11-06 05:41:45,returning,66.7
809,user809@example.com,2025-01-02 14:12:53,2025-01-02T14:12:53,809,ios,ko,America/Toronto,2025-04-23 06:44:10,4.0,3.0,17.504166666666666,4.4,2024-01-13 15:15:49,2025-04-13 08:27:09,returning,75.0
810,user810@example.com,2025-03-05 21:29:01,2025-03-05T21:29:01,810,android,en,Asia/Seoul,2025-05-10 09:09:54,4.0,2.0,14.704166666666666,3.6,2024-04-20 12:57:00,2024-11-30 00:08:52,returning,50.0
811,user811@example.com,2025-02-16 09:06:07,2025-02-16T09:06:07,811,android,en,America/Toronto,2025-03-23 09:48:38,2.0,1.0,13.083333333333334,,2024-11-20 10:15:58,2025-05-05 00:20:32,new,50.0
812,user812@example.com,2024-09-24 00:06:08,2024-09-24T00:06:08,812,android,ko,Asia/Tokyo,2025-02-07 20:00:02,2.0,1.0,14.283333333333335,4.5,2024-06-24 10:27:17,2024-07-22 08:17:44,new,50.0
813,user813@example.com,2024-11-26 11:57:57,2024-11-26T11:57:57,813,android,ja,Asia/Tokyo,2025-04-23 21:19:23,1.0,1.0,13.033333333333333,3.6,2024-02-04 12:53:56,2024-02-04 12:53:56,new,100.0
814,user814@example.com,2025-03-03 11:59:05,2025-03-03T11:59:05,814,android,ko,America/Toronto,2025-04-08 21:56:42,4.0,3.0,15.008333333333333,4.566666666666666,2024-02-15 12:50:02,2025-05-21 10:19:18,returning,75.0
815,user815@example.com,2024-09-13 22:23:48,2024-09-13T22:23:48,815,android,zh,Asia/Tokyo,2025-02-15 03:32:56,,,,,,,,
816,user816@example.com,2024-09-30 06:13:24,2024-09-30T06:13:24,816,ios,ja,America/Vancouver,2025-04-19 06:41:32,3.0,3.0,15.200000000000001,3.733333333333333,2024-03-07 22:44:00,2024-12-17 19:54:17,returning,100.0
817,user817@example.com,2024-12-18 10:25:29,2024-12-18T10:25:29,817,android,en,Asia/Seoul,2025-01-30 12:29:30,2.0,1.0,12.716666666666667,,2024-03-24 15:22:19,2025-04-05 16:08:58,new,50.0
818,user818@example.com,2024-07-29 10:14:53,2024-07-29T10:14:53,818,android,en,Asia/Seoul,2025-03-01 10:45:45,3.0,3.0,16.483333333333334,2.4,2024-01-22 23:53:33,2025-03-31 20:05:44,returning,100.0
819,user819@example.com,2024-08-26 03:52:00,2024-08-26T03:52:00,819,ios,en,America/Vancouver,2025-02-20 22:49:27,2.0,0.0,19.45,4.2,2024-01-21 00:31:25,2024-05-11 07:30:35,new,0.0
820,user820@example.com,2024-07-14 06:30:15,2024-07-14T06:30:15,820,ios,ko,Asia/Seoul,2024-12-03 19:57:52,2.0,2.0,15.441666666666666,4.45,2024-11-11 10:37:23,2025-02-24 10:40:52,new,100.0
821,user821@example.com,2024-06-28 01:32:26,2024-06-28T01:32:26,821,ios,ja,Asia/Seoul,2024-08-02 18:09:30,5.0,4.0,16.376666666666665,4.866666666666666,2024-04-01 23:01:38,2025-04-17 07:07:10,returning,80.0
822,user822@example.com,2024-04-03 17:11:19,2024-04-03T17:11:19,822,ios,en,Asia/Seoul,2025-04-13 12:15:32,,,,,,,,
823,user823@example.com,2024-05-29 14:01:53,2024-05-29T14:01:53,823,android,en,Asia/Seoul,2024-06-13 02:21:35,3.0,3.0,18.244444444444444,3.9,2024-02-24 05:57:15,2024-09-19 23:35:53,returning,100.0
824,user824@example.com,2024-09-02 02:14:24,2024-09-02T02:14:24,824,ios,en,Asia/Seoul,2025-01-15 05:11:04,4.0,3.0,13.875,4.5,2024-06-03 23:04:25,2025-04-04 17:09:24,returning,75.0
825,user825@example.com,2024-04-02 20:39:42,2024-04-02T20:39:42,825,android,en,America/Toronto,2024-04-11 17:48:50,4.0,4.0,16.983333333333334,3.35,2024-01-18 20:53:24,2025-03-20 21:07:37,returning,100.0
826,user826@example.com,2025-02-20 05:13:41,2025-02-20T05:13:41,826,ios,ja,America/Vancouver,2025-04-23 05:21:03,6.0,5.0,16.366666666666664,3.7399999999999998,2024-01-19 00:27:45,2024-07-29 11:36:11,returning,83.3
827,user827@example.com,2024-05-23 19:26:35,2024-05-23T19:26:35,827,ios,ja,America/Toronto,2024-07-22 07:20:49,4.0,3.0,17.4375,2.8,2024-05-18 23:27:04,2025-01-03 19:43:52,returning,75.0
828,user828@example.com,2024-05-28 18:34:57,2024-05-28T18:34:57,828,android,zh,America/Vancouver,2024-08-23 00:34:14,2.0,2.0,19.383333333333333,3.1,2024-02-27 19:40:08,2025-04-11 06:36:08,new,100.0
829,user829@example.com,2024-06-17 01:42:07,2024-06-17T01:42:07,829,android,zh,America/Toronto,2024-08-07 09:47:35,4.0,4.0,15.533333333333335,3.8,2024-02-16 12:16:30,2025-03-29 06:28:46,returning,100.0
830,user830@example.com,2025-01-11 02:06:57,2025-01-11T02:06:57,830,ios,zh,America/Vancouver,2025-04-27 12:41:28,,,,,,,,
831,user831@example.com,2024-08-02 18:19:35,2024-08-02T18:19:35,831,android,en,Asia/Tokyo,2025-02-13 15:39:24,2.0,2.0,13.4,4.4,2024-05-04 04:18:14,2025-05-23 14:26:01,new,100.0
832,user832@example.com,2025-04-02 22:41:47,2025-04-02T22:41:47,832,ios,ko,Asia/Tokyo,2025-05-27 05:57:03,3.0,2.0,12.5,4.1,2024-10-03 16:48:11,2025-03-05 00:51:44,returning,66.7
833,user833@example.com,2025-02-11 11:56:24,2025-02-11T11:56:24,833,android,zh,America/Toronto,2025-05-31 11:10:14,3.0,3.0,15.15,4.85,2024-04-14 22:42:23,2024-12-30 08:02:26,returning,100.0
834,user834@example.com,2025-04-08 12:59:08,2025-04-08T12:59:08,834,ios,ko,America/Vancouver,2025-05-04 09:24:34,1.0,1.0,15.566666666666666,3.7,2025-01-24 17:19:55,2025-01-24 17:19:55,new,100.0
835,user835@example.com,2024-08-07 19:28:41,2024-08-07T19:28:41,835,android,en,America/Vancouver,2025-04-25 16:37:08,6.0,3.0,15.547222222222222,4.066666666666666,2024-01-20 02:19:39,2025-01-27 18:09:06,returning,50.0
836,user836@example.com,2024-03-19 01:56:32,2024-03-19T01:56:32,836,android,ja,Asia/Seoul,2024-08-14 00:55:42,3.0,3.0,18.43888888888889,3.45,2024-09-21 00:57:47,2024-12-20 00:26:22,returning,100.0
837,user837@example.com,2024-05-30 18:36:50,2024-05-30T18:36:50,837,android,en,Asia/Seoul,2024-08-04 12:11:14,3.0,3.0,14.655555555555557,3.8,2024-08-16 16:31:44,2025-05-21 23:12:32,returning,100.0
838,user838@example.com,2024-08-18 02:26:03,2024-08-18T02:26:03,838,android,ko,Asia/Tokyo,2024-09-04 12:43:23,4.0,2.0,15.641666666666667,3.9,2024-04-14 00:45:28,2025-04-07 03:10:57,returning,50.0
839,user839@example.com,2024-06-25 16:35:36,2024-06-25T16:35:36,839,ios,ja,America/Toronto,2025-04-15 23:11:02,3.0,1.0,15.299999999999999,4.4,2024-04-07 21:40:05,2024-09-09 01:20:58,returning,33.3
840,user840@example.com,2024-10-07 07:18:38,2024-10-07T07:18:38,840,ios,en,America/Toronto,2024-12-03 15:45:38,2.0,1.0,14.166666666666668,4.15,2024-09-18 17:23:25,2024-10-23 06:10:16,new,50.0
841,user841@example.com,2024-05-19 09:01:58,2024-05-19T09:01:58,841,ios,ja,America/Vancouver,2024-09-14 20:56:20,4.0,3.0,14.945833333333333,4.65,2024-02-04 01:25:33,2025-03-03 23:49:58,returning,75.0
842,user842@example.com,2024-08-22 18:40:34,2024-08-22T18:40:34,842,android,en,Asia/Seoul,2024-11-11 22:47:10,3.0,3.0,15.494444444444445,4.5,2024-06-19 08:40:54,2024-11-29 09:34:32,returning,100.0
843,user843@example.com,2024-01-11 23:44:40,2024-01-11T23:44:40,843,ios,ko,Asia/Seoul,2025-03-13 06:07:08,4.0,4.0,14.7125,4.3999999999999995,2024-03-01 00:24:37,2025-05-04 14:24:25,returning,100.0
844,user844@example.com,2025-02-18 20:59:59,2025-02-18T20:59:59,844,ios,en,Asia/Tokyo,2025-02-27 07:38:26,6.0,5.0,15.019444444444446,3.75,2024-02-04 17:39:15,2025-05-18 19:37:42,returning,83.3
845,user845@example.com,2024-04-08 07:40:38,2024-04-08T07:40:38,845,ios,en,Asia/Seoul,2024-09-11 04:55:22,2.0,2.0,15.783333333333335,4.4,2024-08-26 03:47:55,2025-03-01 10:23:05,new,100.0
846,user846@example.com,2024-08-01 01:32:01,2024-08-01T01:32:01,846,ios,zh,America/Vancouver,2024-08-26 22:16:12,3.0,3.0,14.46111111111111,3.8333333333333335,2024-05-28 08:37:14,2024-11-27 18:10:07,returning,100.0
847,user847@example.com,2024-02-05 08:28:26,2024-02-05T08:28:26,847,android,ja,America/Vancouver,2024-02-20 04:07:10,2.0,2.0,16.458333333333332,4.65,2024-07-10 05:00:01,2024-11-09 17:57:05,new,100.0
848,user848@example.com,2024-02-12 08:26:19,2024-02-12T08:26:19,848,android,ko,Asia/Tokyo,2025-03-13 08:19:02,5.0,2.0,19.613333333333333,3.6999999999999997,2024-01-31 23:54:37,2025-03-30 04:37:46,returning,40.0
849,user849@example.com,2025-03-05 19:21:31,2025-03-05T19:21:31,849,android,zh,America/Vancouver,2025-03-23 21:44:33,4.0,2.0,15.5375,4.0,2024-02-18 07:22:26,2025-04-19 12:54:36,returning,50.0
850,user850@example.com,2024-08-14 21:49:18,2024-08-14T21:49:18,850,android,en,America/Vancouver,2024-11-18 23:41:00,7.0,4.0,15.969047619047618,3.4,2024-05-12 03:55:44,2025-01-23 01:04:59,returning,57.1
851,user851@example.com,2024-04-08 02:01:13,2024-04-08T02:01:13,851,android,ja,Asia/Tokyo,2025-02-07 15:31:27,2.0,1.0,15.466666666666667,,2024-04-10 19:37:50,2025-05-19 06:11:25,new,50.0
852,user852@example.com,2025-05-10 10:45:07,2025-05-10T10:45:07,852,ios,ja,Asia/Seoul,2025-05-19 01:46:28,2.0,1.0,17.46666666666667,5.0,2024-08-13 07:11:55,2025-03-15 09:41:03,new,50.0
853,user853@example.com,2025-01-16 06:38:31,2025-01-16T06:38:31,853,ios,ja,America/Vancouver,2025-05-17 19:02:44,3.0,3.0,14.677777777777777,4.9,2024-01-03 20:02:21,2024-11-15 01:40:22,returning,100.0
854,user854@example.com,2024-03-20 16:22:20,2024-03-20T16:22:20,854,android,en,Asia/Seoul,2024-09-11 21:32:18,5.0,4.0,17.586666666666666,4.2,2024-01-08 23:44:14,2024-10-14 16:52:41,returning,80.0
855,user855@example.com,2024-01-10 12:38:37,2024-01-10T12:38:37,855,android,zh,America/Toronto,2024-03-18 17:15:40,4.0,4.0,18.670833333333334,4.1000000000000005,2024-03-28 15:35:31,2025-04-11 18:22:09,returning,100.0
856,user856@example.com,2025-03-21 21:19:57,2025-03-21T21:19:57,856,ios,zh,America/Toronto,2025-05-16 12:16:58,4.0,2.0,15.85,4.3,2024-04-18 09:13:57,2025-03-24 07:34:20,returning,50.0
857,user857@example.com,2024-08-08 20:28:09,2024-08-08T20:28:09,857,android,ja,Asia/Seoul,2025-01-30 07:01:45,3.0,3.0,16.994444444444444,4.15,2024-02-08 18:14:43,2025-03-19 10:15:23,returning,100.0
858,user858@example.com,2024-12-30 14:11:35,2024-12-30T14:11:35,858,ios,ko,America/Toronto,2025-04-22 09:59:32,2.0,2.0,14.216666666666667,4.1,2024-08-29 03:53:54,2024-09-01 01:19:55,new,100.0
859,user859@example.com,2025-01-06 19:52:46,2025-01-06T19:52:46,859,ios,ko,Asia/Seoul,2025-05-20 12:40:17,1.0,1.0,8.316666666666666,,2024-05-03 00:56:17,2024-05-03 00:56:17,new,100.0
860,user860@example.com,2024-12-08 02:56:00,2024-12-08T02:56:00,860,ios,zh,America/Toronto,2025-04-14 13:11:41,,,,,,,,
861,user861@example.com,2024-09-21 15:13:08,2024-09-21T15:13:08,861,android,en,America/Vancouver,2024-12-02 03:29:00,5.0,4.0,12.913333333333332,4.3,2024-01-26 12:11:30,2025-02-18 20:08:45,returning,80.0
862,user862@example.com,2024-05-23 04:47:16,2024-05-23T04:47:16,862,ios,en,Asia/Seoul,2025-04-30 00:12:41,1.0,1.0,14.35,4.4,2025-05-26 04:58:44,2025-05-26 04:58:44,new,100.0
863,user863@example.com,2024-02-09 21:43:53,2024-02-09T21:43:53,863,android,ja,Asia/Tokyo,2024-09-09 13:39:42,3.0,2.0,16.355555555555554,4.9,2024-05-10 16:22:45,2025-03-14 12:04:20,returning,66.7
864,user864@example.com,2024-07-15 02:32:17,2024-07-15T02:32:17,864,ios,en,America/Toronto,2024-09-24 20:30:00,3.0,2.0,16.405555555555555,4.65,2024-05-08 07:57:11,2025-04-05 12:11:12,returning,66.7
865,user865@example.com,2025-01-06 01:31:03,2025-01-06T01:31:03,865,android,ko,America/Toronto,2025-02-19 21:38:49,2.0,2.0,14.708333333333332,4.0,2024-07-26 08:01:28,2025-05-14 06:57:18,new,100.0
866,user866@example.com,2024-03-29 14:44:18,2024-03-29T14:44:18,866,android,en,Asia/Tokyo,2024-07-11 18:17:39,2.0,2.0,19.266666666666666,5.0,2024-02-20 17:54:22,2025-01-16 12:03:15,new,100.0
867,user867@example.com,2024-02-20 18:05:23,2024-02-20T18:05:23,867,android,ja,America/Toronto,2024-12-17 16:52:22,3.0,3.0,16.47222222222222,3.7,2024-09-30 13:32:41,2025-03-21 17:36:34,returning,100.0
868,user868@example.com,2024-11-07 05:43:41,2024-11-07T05:43:41,868,android,ko,America/Toronto,2025-01-21 07:02:24,1.0,0.0,15.55,,2025-05-31 10:18:04,2025-05-31 10:18:04,new,0.0
869,user869@example.com,2025-01-16 22:49:13,2025-01-16T22:49:13,869,ios,zh,America/Vancouver,2025-03-10 08:27:10,8.0,6.0,16.55,3.9000000000000004,2024-01-22 17:45:38,2025-04-27 01:48:05,returning,75.0
870,user870@example.com,2024-02-27 12:59:30,2024-02-27T12:59:30,870,ios,ko,America/Toronto,2024-04-18 21:51:43,1.0,1.0,17.183333333333334,4.7,2024-10-17 10:06:52,2024-10-17 10:06:52,new,100.0
871,user871@example.com,2025-03-24 04:27:14,2025-03-24T04:27:14,871,android,zh,Asia/Seoul,2025-05-07 14:36:39,,,,,,,,
872,user872@example.com,2025-05-03 21:43:06,2025-05-03T21:43:06,872,android,zh,America/Vancouver,2025-05-22 08:53:10,6.0,4.0,14.947222222222223,3.325,2024-04-26 06:21:30,2025-04-09 15:40:58,returning,66.7
873,user873@example.com,2024-02-11 15:20:44,2024-02-11T15:20:44,873,android,en,America/Vancouver,2025-01-27 09:57:30,6.0,4.0,14.452777777777778,4.65,2024-08-27 15:06:52,2025-04-23 12:59:41,returning,66.7
874,user874@example.com,2024-04-27 20:23:47,2024-04-27T20:23:47,874,ios,ko,Asia/Tokyo,2024-05-28 08:05:58,2.0,0.0,15.158333333333331,,2024-07-05 02:25:04,2025-05-18 03:43:43,new,0.0
875,user875@example.com,2024-04-25 21:14:40,2024-04-25T21:14:40,875,ios,ko,Asia/Seoul,2025-04-02 07:07:21,2.0,1.0,13.625,,2024-05-04 21:05:05,2024-05-16 11:16:21,new,50.0
876,user876@example.com,2025-03-13 04:05:25,2025-03-13T04:05:25,876,android,ja,Asia/Tokyo,2025-03-29 08:01:55,10.0,9.0,16.985,4.075,2024-02-21 13:56:34,2025-03-25 01:11:34,returning,90.0
877,user877@example.com,2024-08-23 23:54:16,2024-08-23T23:54:16,877,android,en,America/Toronto,2025-02-20 00:46:24,2.0,2.0,10.925,4.1,2024-04-15 11:12:42,2025-05-02 09:48:29,new,100.0
878,user878@example.com,2024-03-07 03:53:13,2024-03-07T03:53:13,878,ios,en,America/Toronto,2025-05-05 13:39:13,5.0,5.0,13.966666666666669,4.35,2024-04-29 13:11:22,2024-12-08 09:37:24,returning,100.0
879,user879@example.com,2024-07-11 18:36:53,2024-07-11T18:36:53,879,android,zh,Asia/Seoul,2025-01-02 21:10:31,6.0,2.0,15.477777777777776,4.4,2024-01-21 15:17:12,2025-05-29 10:13:59,returning,33.3
880,user880@example.com,2024-04-02 00:05:49,2024-04-02T00:05:49,880,ios,zh,America/Toronto,2025-03-21 04:00:22,4.0,2.0,16.5125,4.266666666666667,2024-04-08 14:37:24,2025-05-09 08:52:47,returning,50.0
881,user881@example.com,2025-03-09 11:14:07,2025-03-09T11:14:07,881,android,ja,America/Toronto,2025-05-18 05:10:10,3.0,3.0,17.461111111111112,3.9,2024-02-25 10:27:36,2024-11-12 03:09:27,returning,100.0
882,user882@example.com,2024-11-19 06:02:45,2024-11-19T06:02:45,882,ios,en,Asia/Tokyo,2025-03-22 09:02:14,2.0,2.0,15.025,4.0,2025-02-06 18:53:05,2025-05-08 04:00:02,new,100.0
883,user883@example.com,2025-04-15 22:34:48,2025-04-15T22:34:48,883,ios,zh,America/Toronto,2025-05-04 07:46:21,1.0,0.0,13.75,4.9,2025-02-21 08:46:14,2025-02-21 08:46:14,new,0.0
884,user884@example.com,2025-04-08 00:36:35,2025-04-08T00:36:35,884,ios,ko,Asia/Seoul,2025-04-22 14:20:38,9.0,6.0,13.151851851851852,3.7750000000000004,2024-04-02 00:50:32,2025-04-21 02:31:09,returning,66.7
885,user885@example.com,2025-04-25 08:09:13,2025-04-25T08:09:13,885,ios,ko,America/Vancouver,2025-05-15 17:00:06,1.0,0.0,18.366666666666667,,2024-01-11 10:40:27,2024-01-11 10:40:27,new,0.0
886,user886@example.com,2024-06-24 07:06:47,2024-06-24T07:06:47,886,android,zh,Asia/Seoul,2025-02-22 14:04:36,3.0,2.0,17.21666666666667,,2024-11-11 15:35:45,2025-05-02 18:51:04,returning,66.7
887,user887@example.com,2025-02-09 21:27:29,2025-02-09T21:27:29,887,ios,ko,America/Toronto,2025-02-10 13:55:21,3.0,3.0,17.349999999999998,,2024-01-04 20:40:47,2025-03-10 11:05:32,returning,100.0
888,user888@example.com,2024-10-22 10:45:37,2024-10-22T10:45:37,888,ios,zh,Asia/Tokyo,2025-05-04 02:26:34,4.0,2.0,16.537499999999998,4.3,2024-05-10 07:42:23,2025-03-06 09:18:53,returning,50.0
889,user889@example.com,2024-12-15 22:11:53,2024-12-15T22:11:53,889,ios,zh,America/Toronto,2025-01-27 00:54:12,3.0,2.0,13.655555555555557,3.4,2024-02-29 20:09:15,2024-08-02 10:41:51,returning,66.7
890,user890@example.com,2024-12-09 20:55:03,2024-12-09T20:55:03,890,android,zh,Asia/Tokyo,2024-12-25 06:58:16,4.0,2.0,17.72083333333333,4.55,2024-01-05 07:49:36,2025-05-10 07:13:31,returning,50.0
891,user891@example.com,2024-08-18 23:03:50,2024-08-18T23:03:50,891,ios,ja,America/Toronto,2024-09-06 23:01:12,5.0,5.0,17.903333333333332,4.4,2024-02-12 04:57:32,2025-02-14 21:57:36,returning,100.0
892,user892@example.com,2025-04-02 02:54:13,2025-04-02T02:54:13,892,ios,en,Asia/Seoul,2025-04-05 16:28:11,4.0,2.0,14.6625,4.05,2024-03-27 04:25:55,2024-12-23 21:14:41,returning,50.0
893,user893@example.com,2024-11-29 01:58:03,2024-11-29T01:58:03,893,ios,ja,Asia/Seoul,2025-05-26 19:16:15,1.0,1.0,16.983333333333334,,2024-10-23 10:28:51,2024-10-23 10:28:51,new,100.0
894,user894@example.com,2024-08-25 04:42:01,2024-08-25T04:42:01,894,ios,en,Asia/Tokyo,2024-11-02 10:05:44,1.0,1.0,17.8,2.5,2025-02-19 02:22:54,2025-02-19 02:22:54,new,100.0
895,user895@example.com,2025-03-17 16:01:17,2025-03-17T16:01:17,895,android,ko,Asia/Tokyo,2025-05-29 10:05:52,3.0,3.0,14.222222222222221,3.5,2024-06-28 19:51:43,2025-02-28 16:47:56,returning,100.0
896,user896@example.com,2025-04-27 08:47:18,2025-04-27T08:47:18,896,ios,en,Asia/Seoul,2025-05-13 00:54:10,5.0,4.0,17.083333333333332,3.75,2024-06-24 01:39:28,2025-03-31 09:54:21,returning,80.0
897,user897@example.com,2024-02-16 18:46:27,2024-02-16T18:46:27,897,android,en,Asia/Tokyo,2025-04-19 08:17:56,2.0,2.0,15.458333333333332,4.7,2024-08-12 14:54:02,2025-05-28 23:34:23,new,100.0
898,user898@example.com,2025-04-18 12:20:37,2025-04-18T12:20:37,898,android,zh,America/Toronto,2025-04-24 10:30:39,3.0,2.0,12.094444444444443,5.0,2024-04-03 19:40:02,2024-11-13 05:35:49,returning,66.7
899,user899@example.com,2024-03-18 01:50:52,2024-03-18T01:50:52,899,android,zh,America/Toronto,2024-08-27 10:50:25,2.0,1.0,14.075,4.4,2025-02-13 06:15:22,2025-05-15 02:32:48,new,50.0
900,user900@example.com,2024-06-10 09:26:50,2024-06-10T09:26:50,900,ios,en,Asia/Tokyo,2025-03-18 14:18:26,2.0,2.0,14.908333333333335,,2024-09-23 03:11:02,2024-11-29 09:33:44,new,100.0
901,user901@example.com,2025-04-30 20:26:43,2025-04-30T20:26:43,901,android,ja,Asia/Seoul,2025-05-26 08:34:13,7.0,6.0,15.81904761904762,4.075,2024-01-02 04:06:21,2025-05-09 20:16:41,returning,85.7
902,user902@example.com,2024-06-12 21:47:41,2024-06-12T21:47:41,902,ios,zh,Asia/Tokyo,2024-12-21 04:16:08,3.0,1.0,15.322222222222223,3.9,2024-11-17 09:22:09,2025-02-13 11:53:37,returning,33.3
903,user903@example.com,2024-07-24 13:21:40,2024-07-24T13:21:40,903,ios,ja,America/Toronto,2024-07-25 04:05:46,1.0,1.0,16.966666666666665,,2024-09-10 22:52:38,2024-09-10 22:52:38,new,100.0
904,user904@example.com,2025-05-27 23:16:22,2025-05-27T23:16:22,904,ios,zh,America/Vancouver,2025-05-29 05:28:03,4.0,4.0,12.4625,3.8499999999999996,2024-04-14 00:34:01,2025-01-25 20:25:57,returning,100.0
905,user905@example.com,2024-03-04 01:26:38,2024-03-04T01:26:38,905,android,en,Asia/Seoul,2024-11-30 15:23:35,3.0,3.0,15.950000000000001,5.0,2024-01-21 10:23:49,2024-11-06 17:41:53,returning,100.0
906,user906@example.com,2024-05-01 23:45:23,2024-05-01T23:45:23,906,ios,ko,Asia/Seoul,2024-11-15 14:26:33,4.0,2.0,18.7125,5.0,2024-05-20 05:00:17,2025-04-24 02:42:45,returning,50.0
907,user907@example.com,2024-07-05 07:24:39,2024-07-05T07:24:39,907,android,ja,Asia/Seoul,2025-04-29 04:40:22,2.0,2.0,18.416666666666664,3.4,2024-01-22 04:20:26,2025-02-22 19:38:10,new,100.0
908,user908@example.com,2024-05-15 00:07:09,2024-05-15T00:07:09,908,ios,ja,Asia/Seoul,2024-10-15 19:33:59,3.0,3.0,18.17222222222222,4.1,2024-03-09 21:16:28,2024-12-26 05:28:53,returning,100.0
909,user909@example.com,2025-03-04 17:52:52,2025-03-04T17:52:52,909,ios,ko,Asia/Seoul,2025-05-24 16:50:05,2.0,1.0,11.933333333333334,4.9,2024-07-29 02:38:31,2025-01-26 05:39:25,new,50.0
910,user910@example.com,2024-02-28 07:18:38,2024-02-28T07:18:38,910,android,zh,America/Vancouver,2024-06-12 17:56:47,2.0,2.0,19.916666666666668,4.1,2024-02-11 19:11:30,2024-11-08 19:52:23,new,100.0
911,user911@example.com,2024-05-01 13:58:46,2024-05-01T13:58:46,911,ios,zh,Asia/Seoul,2025-04-25 19:02:47,2.0,1.0,8.775,4.4,2024-01-31 14:56:22,2024-12-14 05:23:27,new,50.0
912,user912@example.com,2024-01-03 01:52:44,2024-01-03T01:52:44,912,ios,ja,Asia/Seoul,2025-03-09 07:07:55,2.0,2.0,17.308333333333334,4.8,2024-06-09 08:34:05,2025-04-10 02:18:07,new,100.0
913,user913@example.com,2024-11-13 07:19:10,2024-11-13T07:19:10,913,ios,ko,Asia/Seoul,2025-03-30 15:04:07,2.0,2.0,17.291666666666668,5.0,2024-03-28 14:01:07,2024-08-03 06:53:39,new,100.0
914,user914@example.com,2024-12-15 21:59:51,2024-12-15T21:59:51,914,ios,ja,America/Vancouver,2025-02-19 18:33:44,4.0,3.0,11.195833333333333,4.45,2024-05-27 21:17:18,2025-04-12 01:14:49,returning,75.0
915,user915@example.com,2025-04-06 05:26:34,2025-04-06T05:26:34,915,ios,zh,America/Toronto,2025-04-17 13:42:37,,,,,,,,
916,user916@example.com,2024-12-30 23:48:12,2024-12-30T23:48:12,916,android,en,Asia/Seoul,2025-03-21 08:34:31,2.0,2.0,21.65833333333333,4.4,2024-06-18 22:02:17,2025-05-07 17:29:55,new,100.0
917,user917@example.com,2024-08-14 05:28:00,2024-08-14T05:28:00,917,android,ko,Asia/Seoul,2025-02-05 17:32:20,1.0,1.0,16.05,3.4,2024-11-21 10:48:13,2024-11-21 10:48:13,new,100.0
918,user918@example.com,2024-01-26 08:27:03,2024-01-26T08:27:03,918,ios,ja,America/Toronto,2024-04-22 12:35:36,2.0,2.0,18.183333333333334,4.2,2024-06-07 21:28:52,2024-12-06 01:40:52,new,100.0
919,user919@example.com,2024-06-28 19:01:47,2024-06-28T19:01:47,919,ios,ko,America/Vancouver,2024-12-18 03:18:14,1.0,0.0,14.55,4.0,2024-03-08 13:20:25,2024-03-08 13:20:25,new,0.0
920,user920@example.com,2024-08-11 18:39:51,2024-08-11T18:39:51,920,ios,zh,America/Toronto,2024-10-24 15:33:55,,,,,,,,
921,user921@example.com,2024-08-07 14:15:08,2024-08-07T14:15:08,921,android,ja,Asia/Seoul,2024-10-02 05:51:31,2.0,1.0,15.575,,2025-02-20 12:03:05,2025-03-11 20:39:19,new,50.0
922,user922@example.com,2024-12-18 15:45:26,2024-12-18T15:45:26,922,ios,ko,America/Vancouver,2025-03-17 20:34:09,2.0,2.0,16.358333333333334,,2024-01-02 17:58:13,2024-01-20 15:32:35,new,100.0
923,user923@example.com,2024-02-25 06:53:12,2024-02-25T06:53:12,923,ios,en,Asia/Seoul,2024-03-30 11:39:52,4.0,2.0,18.083333333333332,2.4,2024-11-14 04:59:12,2025-05-31 17:01:34,returning,50.0
924,user924@example.com,2024-06-30 07:20:06,2024-06-30T07:20:06,924,android,zh,America/Vancouver,2024-08-09 08:19:22,2.0,2.0,10.266666666666667,3.8,2024-07-19 06:03:21,2024-09-22 03:02:01,new,100.0
925,user925@example.com,2024-07-24 11:39:20,2024-07-24T11:39:20,925,android,en,Asia/Seoul,2025-03-29 14:10:37,4.0,2.0,13.3625,3.65,2024-02-17 08:22:03,2025-05-05 14:01:05,returning,50.0
926,user926@example.com,2025-04-30 11:55:32,2025-04-30T11:55:32,926,android,ko,America/Toronto,2025-05-14 09:48:02,2.0,2.0,18.866666666666667,4.1,2024-06-28 09:35:01,2024-08-26 04:06:41,new,100.0
927,user927@example.com,2025-04-03 02:28:29,2025-04-03T02:28:29,927,android,zh,America/Vancouver,2025-04-29 13:48:18,3.0,2.0,13.766666666666666,4.35,2024-07-01 21:24:04,2025-01-08 21:56:00,returning,66.7
928,user928@example.com,2025-05-28 13:20:42,2025-05-28T13:20:42,928,ios,ja,America/Vancouver,2025-05-28 15:34:00,1.0,1.0,13.7,,2025-01-26 14:35:47,2025-01-26 14:35:47,new,100.0
929,user929@example.com,2024-06-02 15:37:02,2024-06-02T15:37:02,929,ios,ko,Asia/Seoul,2025-01-02 00:04:34,1.0,1.0,11.133333333333333,,2025-03-15 06:29:34,2025-03-15 06:29:34,new,100.0
930,user930@example.com,2024-11-26 05:09:53,2024-11-26T05:09:53,930,android,ko,Asia/Seoul,2025-03-17 16:35:06,3.0,3.0,16.794444444444444,4.6000000000000005,2024-01-06 21:46:11,2025-03-13 03:06:51,returning,100.0
931,user931@example.com,2024-03-30 03:35:07,2024-03-30T03:35:07,931,ios,en,Asia/Seoul,2024-12-18 06:08:09,2.0,1.0,17.408333333333335,5.0,2024-01-12 07:25:02,2024-01-21 01:30:24,new,50.0
932,user932@example.com,2025-02-26 23:22:42,2025-02-26T23:22:42,932,android,en,America/Toronto,2025-03-01 18:56:10,1.0,1.0,16.9,,2024-02-24 21:13:45,2024-02-24 21:13:45,new,100.0
933,user933@example.com,2024-06-23 14:45:06,2024-06-23T14:45:06,933,ios,en,Asia/Tokyo,2024-07-14 12:12:10,4.0,3.0,12.491666666666667,4.0,2024-03-11 18:16:37,2025-03-17 15:45:24,returning,75.0
934,user934@example.com,2025-05-18 00:47:10,2025-05-18T00:47:10,934,android,zh,America/Toronto,2025-05-28 20:30:16,5.0,5.0,15.736666666666668,4.15,2024-01-29 17:52:57,2025-02-28 09:16:56,returning,100.0
935,user935@example.com,2024-04-25 17:21:49,2024-04-25T17:21:49,935,android,ja,America/Toronto,2024-06-25 17:33:35,,,,,,,,
936,user936@example.com,2024-07-25 07:44:53,2024-07-25T07:44:53,936,ios,en,Asia/Tokyo,2024-09-01 02:18:17,2.0,2.0,17.675,3.7,2024-05-01 20:24:27,2024-11-09 12:36:27,new,100.0
937,user937@example.com,2024-04-20 11:28:35,2024-04-20T11:28:35,937,android,zh,Asia/Tokyo,2024-10-17 10:34:10,1.0,1.0,19.466666666666665,,2024-08-27 10:22:13,2024-08-27 10:22:13,new,100.0
938,user938@example.com,2024-02-25 11:10:33,2024-02-25T11:10:33,938,ios,ja,Asia/Seoul,2024-12-26 00:01:09,1.0,1.0,13.666666666666666,,2024-10-28 16:40:10,2024-10-28 16:40:10,new,100.0
939,user939@example.com,2024-02-16 07:44:01,2024-02-16T07:44:01,939,android,ja,Asia/Tokyo,2025-02-28 23:31:04,4.0,3.0,15.670833333333334,4.55,2024-06-23 14:29:27,2025-01-04 22:38:03,returning,75.0
940,user940@example.com,2024-05-08 21:01:29,2024-05-08T21:01:29,940,ios,zh,America/Vancouver,2024-09-22 08:41:26,,,,,,,,
941,user941@example.com,2024-08-26 22:17:59,2024-08-26T22:17:59,941,android,ko,Asia/Seoul,2025-01-09 07:37:52,5.0,4.0,14.806666666666667,4.5,2024-01-08 17:27:26,2024-12-11 04:18:38,returning,80.0
942,user942@example.com,2025-04-07 04:25:29,2025-04-07T04:25:29,942,ios,zh,America/Vancouver,2025-05-08 19:45:22,2.0,1.0,14.733333333333334,3.7,2025-02-28 00:35:36,2025-04-01 20:45:51,new,50.0
943,user943@example.com,2025-03-18 02:47:18,2025-03-18T02:47:18,943,android,zh,Asia/Tokyo,2025-05-14 10:50:12,3.0,3.0,15.572222222222223,4.233333333333333,2024-03-11 12:14:56,2024-12-13 22:07:27,returning,100.0
944,user944@example.com,2024-08-12 04:05:28,2024-08-12T04:05:28,944,ios,ko,America/Toronto,2025-02-15 12:08:55,2.0,0.0,15.483333333333334,,2024-05-26 08:20:36,2025-04-16 13:34:10,new,0.0
945,user945@example.com,2024-12-07 02:24:49,2024-12-07T02:24:49,945,ios,ja,America/Toronto,2025-05-14 03:32:08,5.0,4.0,14.236666666666668,3.0,2024-03-11 05:57:23,2025-04-27 18:10:07,returning,80.0
946,user946@example.com,2024-04-06 14:07:12,2024-04-06T14:07:12,946,android,ja,America/Toronto,2024-08-19 00:40:00,2.0,2.0,14.216666666666667,4.8,2024-09-08 21:36:39,2024-12-30 12:54:35,new,100.0
947,user947@example.com,2024-12-30 01:09:48,2024-12-30T01:09:48,947,android,en,Asia/Tokyo,2025-03-03 05:32:06,1.0,1.0,18.05,,2024-10-16 12:52:50,2024-10-16 12:52:50,new,100.0
948,user948@example.com,2024-08-24 04:40:14,2024-08-24T04:40:14,948,android,ko,Asia/Seoul,2025-01-28 18:56:31,4.0,3.0,19.65416666666667,4.2,2024-03-05 04:34:01,2025-04-01 22:52:29,returning,75.0
949,user949@example.com,2024-11-08 15:18:09,2024-11-08T15:18:09,949,ios,zh,Asia/Seoul,2025-05-19 14:28:01,3.0,3.0,10.97777777777778,4.7,2024-01-23 17:34:05,2025-01-04 17:30:56,returning,100.0
950,user950@example.com,2024-07-30 11:02:12,2024-07-30T11:02:12,950,ios,ko,America/Toronto,2025-03-13 00:11:08,1.0,1.0,11.016666666666667,,2024-11-03 18:26:55,2024-11-03 18:26:55,new,100.0
951,user951@example.com,2025-01-23 17:28:39,2025-01-23T17:28:39,951,ios,ko,Asia/Tokyo,2025-05-06 21:18:32,2.0,2.0,17.275,,2025-02-23 22:06:49,2025-04-30 01:32:28,new,100.0
952,user952@example.com,2025-02-23 09:59:09,2025-02-23T09:59:09,952,android,zh,America/Toronto,2025-04-04 08:26:19,2.0,2.0,12.600000000000001,5.0,2024-12-25 16:00:27,2025-05-12 04:11:21,new,100.0
953,user953@example.com,2025-01-18 13:00:36,2025-01-18T13:00:36,953,android,ja,Asia/Tokyo,2025-03-26 09:23:57,2.0,1.0,15.708333333333332,4.35,2024-03-11 08:11:34,2024-09-20 07:48:14,new,50.0
954,user954@example.com,2024-12-06 00:25:00,2024-12-06T00:25:00,954,ios,zh,America/Toronto,2025-05-20 13:22:43,6.0,6.0,14.761111111111111,5.0,2024-06-14 10:49:43,2025-05-11 00:15:21,returning,100.0
955,user955@example.com,2024-03-03 11:32:41,2024-03-03T11:32:41,955,ios,ja,America/Vancouver,2024-03-04 03:15:54,2.0,1.0,14.591666666666667,4.3,2024-02-29 11:42:40,2025-01-21 15:45:41,new,50.0
956,user956@example.com,2025-04-09 12:12:41,2025-04-09T12:12:41,956,ios,ja,America/Vancouver,2025-05-02 08:21:46,4.0,3.0,15.9375,4.0,2024-04-20 06:58:06,2025-02-17 22:44:59,returning,75.0
957,user957@example.com,2024-01-31 23:03:31,2024-01-31T23:03:31,957,android,ja,Asia/Tokyo,2024-12-12 08:03:21,4.0,4.0,14.3125,3.2,2024-03-01 04:15:34,2025-04-24 20:10:40,returning,100.0
958,user958@example.com,2024-12-01 13:35:52,2024-12-01T13:35:52,958,android,ko,America/Toronto,2025-03-03 18:39:32,,,,,,,,
959,user959@example.com,2024-09-07 08:30:35,2024-09-07T08:30:35,959,ios,zh,Asia/Seoul,2025-02-16 09:25:35,2.0,2.0,14.591666666666667,,2024-04-10 00:45:12,2024-05-07 13:37:19,new,100.0
960,user960@example.com,2025-04-13 22:02:16,2025-04-13T22:02:16,960,android,ko,America/Toronto,2025-04-14 11:33:21,,,,,,,,
961,user961@example.com,2024-07-13 11:11:45,2024-07-13T11:11:45,961,ios,ko,Asia/Tokyo,2025-03-25 23:31:01,3.0,2.0,15.53888888888889,5.0,2024-02-16 08:23:08,2025-05-05 23:32:18,returning,66.7
962,user962@example.com,2024-01-21 02:09:23,2024-01-21T02:09:23,962,ios,en,America/Toronto,2024-12-09 02:15:50,2.0,1.0,17.616666666666667,3.4000000000000004,2024-05-14 20:32:25,2024-06-28 22:43:38,new,50.0
963,user963@example.com,2024-03-11 22:27:23,2024-03-11T22:27:23,963,android,ko,Asia/Tokyo,2025-04-11 14:38:19,4.0,3.0,17.566666666666666,4.4,2024-07-28 05:58:26,2025-01-18 00:05:00,returning,75.0
964,user964@example.com,2024-06-26 19:27:37,2024-06-26T19:27:37,964,android,zh,Asia/Seoul,2024-09-22 11:31:05,1.0,1.0,14.316666666666666,,2024-02-20 18:43:31,2024-02-20 18:43:31,new,100.0
965,user965@example.com,2025-03-22 18:29:18,2025-03-22T18:29:18,965,android,en,Asia/Tokyo,2025-04-14 18:09:20,1.0,1.0,11.033333333333333,,2025-05-22 16:48:17,2025-05-22 16:48:17,new,100.0
966,user966@example.com,2025-04-01 00:45:52,2025-04-01T00:45:52,966,android,zh,Asia/Seoul,2025-04-04 06:44:10,1.0,0.0,12.916666666666666,,2024-08-13 02:56:12,2024-08-13 02:56:12,new,0.0
967,user967@example.com,2024-01-17 02:43:23,2024-01-17T02:43:23,967,android,ja,America/Vancouver,2025-04-11 19:43:01,5.0,3.0,13.080000000000002,4.3,2024-06-04 08:32:45,2025-05-29 15:50:46,returning,60.0
968,user968@example.com,2024-07-28 08:02:58,2024-07-28T08:02:58,968,ios,ko,Asia/Seoul,2025-01-24 21:34:12,1.0,0.0,13.083333333333334,,2024-02-14 14:13:42,2024-02-14 14:13:42,new,0.0
969,user969@example.com,2025-03-23 14:01:20,2025-03-23T14:01:20,969,ios,en,America/Toronto,2025-05-08 10:54:51,5.0,5.0,14.87,4.0,2024-06-20 02:54:50,2025-03-29 10:57:03,returning,100.0
970,user970@example.com,2024-02-01 05:58:21,2024-02-01T05:58:21,970,android,en,Asia/Seoul,2025-03-22 19:42:55,4.0,2.0,14.654166666666667,3.9,2024-02-29 06:30:19,2025-02-16 23:16:24,returning,50.0
971,user971@example.com,2024-05-16 01:47:30,2024-05-16T01:47:30,971,android,zh,Asia/Tokyo,2024-12-24 23:32:09,5.0,5.0,16.523333333333333,,2024-02-29 13:39:54,2024-10-23 21:56:05,returning,100.0
972,user972@example.com,2024-12-31 10:46:15,2024-12-31T10:46:15,972,android,ja,Asia/Seoul,2025-02-25 14:34:47,2.0,0.0,12.941666666666666,3.4,2024-09-12 10:02:50,2024-10-07 11:55:03,new,0.0
973,user973@example.com,2025-02-07 02:11:13,2025-02-07T02:11:13,973,ios,ja,Asia/Seoul,2025-02-19 00:24:52,3.0,3.0,15.394444444444444,5.0,2024-03-28 15:26:41,2024-12-17 21:33:37,returning,100.0
974,user974@example.com,2025-05-21 01:01:01,2025-05-21T01:01:01,974,ios,en,Asia/Seoul,2025-05-30 20:37:29,3.0,2.0,9.96111111111111,,2024-02-13 18:05:43,2025-01-29 04:40:45,returning,66.7
975,user975@example.com,2024-12-09 11:45:12,2024-12-09T11:45:12,975,android,zh,America/Vancouver,2025-01-03 02:47:00,3.0,3.0,16.377777777777776,3.7,2024-05-29 00:22:53,2025-05-30 06:47:31,returning,100.0
976,user976@example.com,2024-08-04 01:12:51,2024-08-04T01:12:51,976,ios,ja,Asia/Seoul,2024-09-24 12:33:53,7.0,7.0,17.757142857142856,3.366666666666667,2024-02-27 21:23:36,2025-05-23 03:32:51,returning,100.0
977,user977@example.com,2024-05-20 23:12:10,2024-05-20T23:12:10,977,android,ja,America/Vancouver,2025-03-04 21:49:24,1.0,0.0,18.1,5.0,2024-04-19 22:20:52,2024-04-19 22:20:52,new,0.0
978,user978@example.com,2025-03-30 15:20:06,2025-03-30T15:20:06,978,ios,ko,Asia/Tokyo,2025-05-05 12:57:14,2.0,2.0,18.266666666666666,,2024-10-27 23:59:40,2025-02-24 20:57:30,new,100.0
979,user979@example.com,2024-12-04 13:29:06,2024-12-04T13:29:06,979,android,ko,Asia/Tokyo,2025-01-08 16:07:00,4.0,3.0,13.475,2.4,2024-04-06 10:49:32,2025-03-30 00:07:59,returning,75.0
980,user980@example.com,2025-05-08 01:14:41,2025-05-08T01:14:41,980,ios,ja,America/Vancouver,2025-05-31 12:45:51,,,,,,,,
981,user981@example.com,2025-01-16 22:25:59,2025-01-16T22:25:59,981,ios,zh,Asia/Tokyo,2025-04-01 08:07:14,6.0,5.0,17.777777777777775,4.333333333333333,2024-03-06 23:51:57,2025-04-04 15:38:14,returning,83.3
982,user982@example.com,2024-03-11 20:52:54,2024-03-11T20:52:54,982,android,ko,America/Toronto,2024-12-04 21:33:33,3.0,2.0,12.427777777777777,3.6500000000000004,2024-01-18 13:55:29,2024-07-13 15:31:46,returning,66.7
983,user983@example.com,2024-12-31 01:37:43,2024-12-31T01:37:43,983,android,en,America/Vancouver,2025-02-01 14:42:11,3.0,3.0,14.605555555555554,3.8,2024-07-30 05:44:50,2025-05-18 21:32:44,returning,100.0
984,user984@example.com,2024-09-27 06:27:51,2024-09-27T06:27:51,984,android,zh,Asia/Seoul,2025-03-31 05:35:14,,,,,,,,
985,user985@example.com,2024-11-13 04:09:36,2024-11-13T04:09:36,985,ios,zh,Asia/Tokyo,2025-05-16 11:39:19,2.0,2.0,12.266666666666666,,2025-02-03 04:02:40,2025-03-16 04:05:38,new,100.0
986,user986@example.com,2024-09-15 21:19:07,2024-09-15T21:19:07,986,ios,zh,America/Vancouver,2025-01-06 01:03:25,6.0,5.0,13.39722222222222,3.25,2024-01-15 02:44:02,2025-05-28 18:59:57,returning,83.3
987,user987@example.com,2024-09-06 08:57:34,2024-09-06T08:57:34,987,android,ja,America/Vancouver,2024-10-14 04:27:38,3.0,2.0,17.538888888888888,3.8499999999999996,2024-03-02 06:27:14,2024-09-28 06:58:52,returning,66.7
988,user988@example.com,2024-03-22 05:52:59,2024-03-22T05:52:59,988,android,zh,Asia/Seoul,2024-12-07 10:07:41,1.0,1.0,17.233333333333334,,2025-02-22 11:48:55,2025-02-22 11:48:55,new,100.0
989,user989@example.com,2024-05-04 21:59:33,2024-05-04T21:59:33,989,android,en,Asia/Seoul,2025-03-04 17:37:37,3.0,2.0,15.827777777777778,5.0,2024-07-12 11:32:35,2024-12-24 09:01:25,returning,66.7
990,user990@example.com,2024-09-13 03:59:09,2024-09-13T03:59:09,990,ios,ko,Asia/Seoul,2024-11-22 00:55:50,1.0,1.0,13.45,,2024-07-20 05:51:40,2024-07-20 05:51:40,new,100.0
991,user991@example.com,2024-11-15 17:37:14,2024-11-15T17:37:14,991,ios,en,America/Vancouver,2024-11-20 09:06:32,7.0,6.0,13.73095238095238,4.466666666666667,2024-01-05 20:38:57,2025-04-15 17:09:41,returning,85.7
992,user992@example.com,2025-01-19 20:12:43,2025-01-19T20:12:43,992,ios,en,Asia/Tokyo,2025-03-29 02:23:49,1.0,1.0,17.183333333333334,3.0,2024-02-09 05:20:44,2024-02-09 05:20:44,new,100.0
993,user993@example.com,2024-08-11 20:46:08,2024-08-11T20:46:08,993,android,ja,America/Toronto,2024-08-25 02:03:40,2.0,2.0,13.508333333333333,,2024-04-05 22:16:19,2025-05-15 17:47:20,new,100.0
994,user994@example.com,2025-05-29 15:27:08,2025-05-29T15:27:08,994,ios,en,America/Toronto,2025-05-31 11:05:53,5.0,4.0,15.836666666666668,2.5999999999999996,2024-08-21 04:48:55,2025-03-16 08:40:10,returning,80.0
995,user995@example.com,2024-11-07 00:58:15,2024-11-07T00:58:15,995,ios,en,America/Toronto,2025-04-02 01:09:26,2.0,1.0,14.616666666666667,4.1,2024-04-25 05:13:37,2025-04-01 08:34:31,new,50.0
996,user996@example.com,2025-03-03 06:32:38,2025-03-03T06:32:38,996,ios,ko,Asia/Seoul,2025-03-31 20:56:18,3.0,3.0,15.388888888888891,3.7,2024-06-16 16:47:43,2024-10-14 14:04:47,returning,100.0
997,user997@example.com,2024-01-29 12:05:02,2024-01-29T12:05:02,997,ios,zh,Asia/Seoul,2024-12-26 03:37:52,4.0,4.0,15.9375,2.8666666666666667,2024-05-26 04:16:28,2025-05-25 00:05:53,returning,100.0
998,user998@example.com,2024-12-19 06:34:10,2024-12-19T06:34:10,998,android,ko,America/Vancouver,2025-02-11 02:49:21,3.0,2.0,17.983333333333334,3.5,2024-05-15 19:02:17,2025-05-02 05:46:16,returning,66.7
999,user999@example.com,2024-03-09 09:33:12,2024-03-09T09:33:12,999,android,zh,Asia/Seoul,2024-04-25 01:07:39,2.0,1.0,16.025,3.6500000000000004,2024-08-08 16:01:27,2024-09-27 00:11:08,new,50.0
1000,user1000@example.com,2024-09-01 07:01:29,2024-09-01T07:01:29,1000,android,ko,Asia/Tokyo,2024-09-28 05:51:55,3.0,2.0,19.211111111111112,3.15,2024-06-26 00:14:41,2025-04-01 18:34:49,returning,66.7
