id,concerned_user_id,status,timer_duration,topic,reader_name,is_dropoff,created_at,updated_at
1,951,SESSION_END,1081,career,Oracle_4,False,2025-02-23T22:06:49,2025-02-23T22:24:50
2,224,WRAP_UP,644,general,Oracle_1,False,2024-07-20T04:02:24,2024-07-20T04:13:08
3,36,COUNSELLING,971,relationship,Oracle_4,True,2024-01-15T13:48:03,2024-01-15T14:04:14
4,153,SESSION_END,496,self-growth,Oracle_4,False,2025-05-31T05:09:02,2025-05-31T05:17:18
5,273,WRAP_UP,925,career,Oracle_4,False,2025-01-16T02:55:40,2025-01-16T03:11:05
6,447,SESSION_END,851,anxiety,Oracle_2,False,2025-02-23T12:43:44,2025-02-23T12:57:55
7,4,WRAP_UP,1139,anxiety,Oracle_3,False,2024-10-05T18:43:21,2024-10-05T19:02:20
8,699,SESSION_END,1070,family,Oracle_5,False,2024-10-10T18:43:03,2024-10-10T19:00:53
9,874,COUNSELLING,569,family,Oracle_2,True,2025-05-18T03:43:43,2025-05-18T03:53:12
10,181,COUNSELLING,805,general,Oracle_2,True,2024-10-25T09:19:47,2024-10-25T09:33:12
11,307,SESSION_END,711,self-growth,Oracle_4,False,2024-03-06T21:57:04,2024-03-06T22:08:55
12,753,COUNSELLING,1001,career,Oracle_1,True,2024-05-29T23:30:33,2024-05-29T23:47:14
13,738,WRAP_UP,950,general,Oracle_4,False,2024-08-27T00:31:09,2024-08-27T00:46:59
14,547,SESSION_END,1056,anxiety,Oracle_3,False,2024-01-29T18:31:32,2024-01-29T18:49:08
15,58,SESSION_END,785,family,Oracle_5,False,2025-05-22T20:38:46,2025-05-22T20:51:51
16,470,SESSION_END,917,self-growth,Oracle_2,False,2025-03-25T23:47:12,2025-03-26T00:02:29
17,948,COUNSELLING,1203,relationship,Oracle_5,True,2025-01-01T00:10:14,2025-01-01T00:30:17
18,47,SESSION_END,1366,career,Oracle_2,False,2024-01-12T03:47:12,2024-01-12T04:09:58
19,648,SESSION_END,902,relationship,Oracle_1,False,2025-04-04T01:49:50,2025-04-04T02:04:52
20,838,COUNSELLING,1053,relationship,Oracle_5,True,2025-04-07T03:10:57,2025-04-07T03:28:30
21,226,WRAP_UP,821,relationship,Oracle_3,False,2024-11-08T05:59:01,2024-11-08T06:12:42
22,124,SESSION_END,1164,self-growth,Oracle_2,False,2024-09-06T18:52:11,2024-09-06T19:11:35
23,783,WRAP_UP,1167,relationship,Oracle_2,False,2024-11-18T11:02:15,2024-11-18T11:21:42
24,714,WRAP_UP,961,family,Oracle_5,False,2024-07-08T05:51:52,2024-07-08T06:07:53
25,42,COUNSELLING,1298,career,Oracle_1,True,2024-05-02T12:44:29,2024-05-02T13:06:07
26,901,COUNSELLING,734,anxiety,Oracle_2,True,2024-01-06T14:39:54,2024-01-06T14:52:08
27,949,WRAP_UP,706,relationship,Oracle_2,False,2025-01-04T17:30:56,2025-01-04T17:42:42
28,212,WRAP_UP,1322,career,Oracle_2,False,2024-11-16T00:49:14,2024-11-16T01:11:16
29,961,SESSION_END,878,career,Oracle_1,False,2025-04-20T09:26:07,2025-04-20T09:40:45
30,643,SESSION_END,719,family,Oracle_2,False,2025-03-09T04:28:31,2025-03-09T04:40:30
31,197,SESSION_END,727,relationship,Oracle_5,False,2025-02-23T05:09:45,2025-02-23T05:21:52
32,225,SESSION_END,689,anxiety,Oracle_1,False,2024-08-02T16:57:54,2024-08-02T17:09:23
33,199,WRAP_UP,902,relationship,Oracle_1,False,2024-02-03T11:43:59,2024-02-03T11:59:01
34,661,WRAP_UP,901,family,Oracle_3,False,2024-07-14T06:05:45,2024-07-14T06:20:46
35,632,COUNSELLING,932,anxiety,Oracle_2,True,2024-05-16T14:46:57,2024-05-16T15:02:29
36,805,SESSION_END,565,relationship,Oracle_2,False,2024-02-25T00:55:00,2024-02-25T01:04:25
37,739,WRAP_UP,670,anxiety,Oracle_2,False,2024-09-09T23:12:27,2024-09-09T23:23:37
38,798,SESSION_END,1181,relationship,Oracle_4,False,2024-07-03T04:12:23,2024-07-03T04:32:04
39,891,SESSION_END,1377,career,Oracle_4,False,2024-02-12T04:57:32,2024-02-12T05:20:29
40,149,WRAP_UP,1258,career,Oracle_4,False,2024-05-18T07:17:35,2024-05-18T07:38:33
41,383,SESSION_END,772,career,Oracle_3,False,2024-06-06T01:29:03,2024-06-06T01:41:55
42,131,SESSION_END,618,relationship,Oracle_2,False,2024-08-05T22:50:26,2024-08-05T23:00:44
43,114,SESSION_END,969,anxiety,Oracle_5,False,2024-08-17T06:12:33,2024-08-17T06:28:42
44,161,SESSION_END,699,self-growth,Oracle_5,False,2025-03-25T00:57:53,2025-03-25T01:09:32
45,876,COUNSELLING,1284,career,Oracle_5,True,2024-06-17T02:46:57,2024-06-17T03:08:21
46,485,WRAP_UP,778,anxiety,Oracle_2,False,2024-07-10T13:58:01,2024-07-10T14:10:59
47,336,SESSION_END,1326,anxiety,Oracle_1,False,2024-11-20T11:49:54,2024-11-20T12:12:00
48,42,SESSION_END,739,anxiety,Oracle_5,False,2024-11-26T15:34:45,2024-11-26T15:47:04
49,404,SESSION_END,818,anxiety,Oracle_1,False,2025-03-09T18:57:05,2025-03-09T19:10:43
50,710,SESSION_END,883,self-growth,Oracle_3,False,2024-04-13T01:55:51,2024-04-13T02:10:34
51,303,SESSION_END,1435,career,Oracle_4,False,2024-05-05T16:13:24,2024-05-05T16:37:19
52,879,SESSION_END,749,general,Oracle_4,False,2024-12-19T06:50:49,2024-12-19T07:03:18
53,791,WRAP_UP,1301,career,Oracle_4,False,2025-05-01T20:36:11,2025-05-01T20:57:52
54,721,COUNSELLING,1211,self-growth,Oracle_1,True,2025-05-02T05:48:47,2025-05-02T06:08:58
55,395,SESSION_END,743,self-growth,Oracle_5,False,2025-04-20T17:51:02,2025-04-20T18:03:25
56,590,SESSION_END,1460,career,Oracle_3,False,2025-04-26T22:07:24,2025-04-26T22:31:44
57,754,WRAP_UP,1093,relationship,Oracle_4,False,2024-10-10T23:06:27,2024-10-10T23:24:40
58,634,SESSION_END,957,relationship,Oracle_5,False,2025-05-18T10:48:50,2025-05-18T11:04:47
59,722,SESSION_END,1136,relationship,Oracle_1,False,2025-02-23T03:30:13,2025-02-23T03:49:09
60,665,SESSION_END,1098,anxiety,Oracle_3,False,2024-06-24T02:27:16,2024-06-24T02:45:34
61,362,WRAP_UP,887,family,Oracle_4,False,2024-09-25T03:29:23,2024-09-25T03:44:10
62,498,SESSION_END,791,general,Oracle_5,False,2024-12-31T04:29:21,2024-12-31T04:42:32
63,695,WRAP_UP,459,general,Oracle_2,False,2024-02-20T23:23:13,2024-02-20T23:30:52
64,914,COUNSELLING,712,anxiety,Oracle_2,True,2024-10-30T10:50:58,2024-10-30T11:02:50
65,296,COUNSELLING,969,relationship,Oracle_2,True,2025-01-20T12:14:17,2025-01-20T12:30:26
66,896,SESSION_END,1445,career,Oracle_4,False,2024-08-15T17:04:28,2024-08-15T17:28:33
67,993,SESSION_END,634,self-growth,Oracle_1,False,2025-05-15T17:47:20,2025-05-15T17:57:54
68,299,COUNSELLING,1174,career,Oracle_5,True,2024-06-29T10:54:32,2024-06-29T11:14:06
69,661,WRAP_UP,703,family,Oracle_5,False,2025-01-12T14:27:46,2025-01-12T14:39:29
70,682,WRAP_UP,548,self-growth,Oracle_3,False,2024-12-21T17:52:15,2024-12-21T18:01:23
71,581,WRAP_UP,1213,career,Oracle_3,False,2025-01-11T02:56:45,2025-01-11T03:16:58
72,995,SESSION_END,1036,family,Oracle_3,False,2024-04-25T05:13:37,2024-04-25T05:30:53
73,292,SESSION_END,921,anxiety,Oracle_2,False,2024-05-16T04:56:06,2024-05-16T05:11:27
74,166,COUNSELLING,980,career,Oracle_5,True,2024-09-02T22:20:00,2024-09-02T22:36:20
75,130,SESSION_END,1047,anxiety,Oracle_3,False,2025-05-31T22:48:44,2025-05-31T23:06:11
76,353,SESSION_END,1441,career,Oracle_3,False,2025-02-18T11:49:32,2025-02-18T12:13:33
77,125,WRAP_UP,1076,relationship,Oracle_2,False,2024-09-05T17:17:41,2024-09-05T17:35:37
78,5,WRAP_UP,357,self-growth,Oracle_3,False,2025-05-17T17:30:06,2025-05-17T17:36:03
79,486,SESSION_END,998,family,Oracle_3,False,2024-12-09T09:26:40,2024-12-09T09:43:18
80,706,SESSION_END,712,relationship,Oracle_5,False,2024-04-18T07:02:18,2024-04-18T07:14:10
81,120,COUNSELLING,795,family,Oracle_1,True,2024-10-04T14:17:55,2024-10-04T14:31:10
82,335,SESSION_END,925,relationship,Oracle_5,False,2025-03-29T03:57:01,2025-03-29T04:12:26
83,228,COUNSELLING,1236,family,Oracle_5,True,2024-03-08T20:49:26,2024-03-08T21:10:02
84,404,SESSION_END,1335,career,Oracle_4,False,2024-10-07T10:44:13,2024-10-07T11:06:28
85,152,WRAP_UP,816,self-growth,Oracle_3,False,2024-09-24T21:46:43,2024-09-24T22:00:19
86,316,SESSION_END,980,anxiety,Oracle_4,False,2024-06-16T12:50:56,2024-06-16T13:07:16
87,760,WRAP_UP,1126,anxiety,Oracle_4,False,2024-11-25T04:48:17,2024-11-25T05:07:03
88,143,SESSION_END,996,general,Oracle_3,False,2024-06-10T09:22:14,2024-06-10T09:38:50
89,487,SESSION_END,964,general,Oracle_1,False,2024-10-18T20:54:19,2024-10-18T21:10:23
90,7,WRAP_UP,850,anxiety,Oracle_2,False,2024-11-17T23:06:04,2024-11-17T23:20:14
91,570,SESSION_END,1078,anxiety,Oracle_5,False,2024-08-12T19:59:04,2024-08-12T20:17:02
92,503,WRAP_UP,1378,relationship,Oracle_3,False,2025-03-30T13:04:21,2025-03-30T13:27:19
93,506,SESSION_END,733,general,Oracle_3,False,2024-07-23T00:39:16,2024-07-23T00:51:29
94,979,WRAP_UP,842,self-growth,Oracle_3,False,2024-04-06T10:49:32,2024-04-06T11:03:34
95,428,SESSION_END,1474,career,Oracle_1,False,2025-01-17T23:07:20,2025-01-17T23:31:54
96,614,WRAP_UP,900,self-growth,Oracle_4,False,2025-03-15T07:04:28,2025-03-15T07:19:28
97,890,WRAP_UP,1264,family,Oracle_5,False,2024-10-16T20:59:36,2024-10-16T21:20:40
98,751,COUNSELLING,660,general,Oracle_2,True,2024-07-20T14:07:25,2024-07-20T14:18:25
99,596,COUNSELLING,721,relationship,Oracle_2,True,2024-10-04T14:08:52,2024-10-04T14:20:53
100,55,WRAP_UP,974,family,Oracle_3,False,2024-02-07T20:06:41,2024-02-07T20:22:55
101,299,SESSION_END,380,general,Oracle_1,False,2024-05-22T07:58:51,2024-05-22T08:05:11
102,614,WRAP_UP,1110,career,Oracle_3,False,2024-08-21T20:23:40,2024-08-21T20:42:10
103,702,SESSION_END,658,self-growth,Oracle_1,False,2024-04-21T15:05:19,2024-04-21T15:16:17
104,141,WRAP_UP,680,general,Oracle_3,False,2024-11-16T00:08:03,2024-11-16T00:19:23
105,944,COUNSELLING,1219,career,Oracle_5,True,2024-05-26T08:20:36,2024-05-26T08:40:55
106,629,SESSION_END,956,self-growth,Oracle_4,False,2024-11-20T03:53:53,2024-11-20T04:09:49
107,939,COUNSELLING,1045,relationship,Oracle_3,True,2024-09-27T11:06:11,2024-09-27T11:23:36
108,708,COUNSELLING,927,family,Oracle_5,True,2024-12-09T06:19:10,2024-12-09T06:34:37
109,536,COUNSELLING,788,family,Oracle_2,True,2024-04-02T02:48:22,2024-04-02T03:01:30
110,132,COUNSELLING,1151,self-growth,Oracle_3,True,2024-06-24T23:39:12,2024-06-24T23:58:23
111,129,COUNSELLING,1409,career,Oracle_1,True,2024-03-27T18:39:09,2024-03-27T19:02:38
112,20,SESSION_END,1105,anxiety,Oracle_1,False,2024-06-01T12:14:52,2024-06-01T12:33:17
113,34,SESSION_END,410,self-growth,Oracle_1,False,2024-02-03T14:49:32,2024-02-03T14:56:22
114,309,COUNSELLING,924,self-growth,Oracle_1,True,2024-03-15T22:57:26,2024-03-15T23:12:50
115,943,SESSION_END,794,general,Oracle_2,False,2024-03-11T12:14:56,2024-03-11T12:28:10
116,867,WRAP_UP,1010,self-growth,Oracle_2,False,2024-09-30T13:32:41,2024-09-30T13:49:31
117,876,SESSION_END,644,general,Oracle_1,False,2025-03-25T01:11:34,2025-03-25T01:22:18
118,542,WRAP_UP,1137,career,Oracle_5,False,2024-05-13T10:05:21,2024-05-13T10:24:18
119,5,COUNSELLING,893,self-growth,Oracle_3,True,2025-01-03T17:20:18,2025-01-03T17:35:11
120,715,COUNSELLING,950,general,Oracle_2,True,2024-03-24T08:40:25,2024-03-24T08:56:15
121,855,WRAP_UP,931,family,Oracle_3,False,2024-03-28T15:35:31,2024-03-28T15:51:02
122,127,COUNSELLING,1100,anxiety,Oracle_4,True,2024-04-15T13:35:24,2024-04-15T13:53:44
123,781,SESSION_END,1102,family,Oracle_3,False,2024-10-25T20:50:23,2024-10-25T21:08:45
124,468,WRAP_UP,835,general,Oracle_5,False,2024-06-24T10:35:09,2024-06-24T10:49:04
125,418,WRAP_UP,928,family,Oracle_3,False,2025-01-04T11:15:29,2025-01-04T11:30:57
126,184,WRAP_UP,1090,relationship,Oracle_4,False,2024-03-22T16:32:45,2024-03-22T16:50:55
127,449,SESSION_END,866,general,Oracle_1,False,2025-04-03T16:47:04,2025-04-03T17:01:30
128,760,COUNSELLING,1276,career,Oracle_3,True,2024-06-03T15:14:21,2024-06-03T15:35:37
129,206,WRAP_UP,993,general,Oracle_3,False,2025-01-22T16:05:12,2025-01-22T16:21:45
130,784,WRAP_UP,1106,self-growth,Oracle_4,False,2025-05-15T01:52:58,2025-05-15T02:11:24
131,365,WRAP_UP,1198,anxiety,Oracle_4,False,2024-04-24T11:15:08,2024-04-24T11:35:06
132,111,WRAP_UP,1001,relationship,Oracle_2,False,2024-06-28T06:49:48,2024-06-28T07:06:29
133,31,SESSION_END,973,relationship,Oracle_4,False,2024-05-19T02:35:08,2024-05-19T02:51:21
134,620,WRAP_UP,840,self-growth,Oracle_5,False,2025-04-28T02:18:02,2025-04-28T02:32:02
135,99,WRAP_UP,1055,relationship,Oracle_4,False,2025-05-29T06:18:44,2025-05-29T06:36:19
136,503,WRAP_UP,590,general,Oracle_5,False,2025-02-23T20:11:26,2025-02-23T20:21:16
137,19,SESSION_END,890,relationship,Oracle_4,False,2024-10-19T07:25:19,2024-10-19T07:40:09
138,471,COUNSELLING,1136,relationship,Oracle_3,True,2025-03-08T09:00:59,2025-03-08T09:19:55
139,906,COUNSELLING,683,self-growth,Oracle_4,True,2024-10-29T04:59:09,2024-10-29T05:10:32
140,783,WRAP_UP,1093,relationship,Oracle_5,False,2025-05-27T16:45:24,2025-05-27T17:03:37
141,702,WRAP_UP,612,general,Oracle_4,False,2024-02-13T07:00:55,2024-02-13T07:11:07
142,270,WRAP_UP,915,anxiety,Oracle_3,False,2025-04-24T04:35:20,2025-04-24T04:50:35
143,785,SESSION_END,811,family,Oracle_3,False,2024-10-11T14:22:45,2024-10-11T14:36:16
144,829,WRAP_UP,783,self-growth,Oracle_1,False,2024-10-22T14:24:07,2024-10-22T14:37:10
145,439,WRAP_UP,725,family,Oracle_2,False,2024-07-11T07:51:29,2024-07-11T08:03:34
146,664,SESSION_END,1136,family,Oracle_1,False,2024-08-24T19:58:48,2024-08-24T20:17:44
147,346,COUNSELLING,1037,career,Oracle_5,True,2024-11-24T03:28:05,2024-11-24T03:45:22
148,528,WRAP_UP,1157,anxiety,Oracle_1,False,2025-04-01T16:54:49,2025-04-01T17:14:06
149,325,WRAP_UP,633,anxiety,Oracle_2,False,2024-03-18T17:11:30,2024-03-18T17:22:03
150,345,WRAP_UP,799,anxiety,Oracle_5,False,2024-05-09T10:09:23,2024-05-09T10:22:42
151,307,SESSION_END,512,family,Oracle_5,False,2024-02-28T12:05:18,2024-02-28T12:13:50
152,220,WRAP_UP,907,family,Oracle_4,False,2025-03-21T11:12:02,2025-03-21T11:27:09
153,824,SESSION_END,1087,career,Oracle_3,False,2025-04-04T17:09:24,2025-04-04T17:27:31
154,280,WRAP_UP,762,relationship,Oracle_2,False,2024-11-27T17:49:51,2024-11-27T18:02:33
155,356,WRAP_UP,851,relationship,Oracle_5,False,2025-05-30T07:43:45,2025-05-30T07:57:56
156,321,WRAP_UP,1135,career,Oracle_5,False,2025-04-30T10:10:15,2025-04-30T10:29:10
157,465,SESSION_END,1046,self-growth,Oracle_2,False,2025-02-04T23:06:53,2025-02-04T23:24:19
158,591,WRAP_UP,768,anxiety,Oracle_5,False,2024-07-27T02:41:17,2024-07-27T02:54:05
159,829,WRAP_UP,1015,general,Oracle_5,False,2024-02-16T12:16:30,2024-02-16T12:33:25
160,206,SESSION_END,771,family,Oracle_3,False,2024-04-26T21:00:48,2024-04-26T21:13:39
161,865,SESSION_END,702,anxiety,Oracle_3,False,2024-07-26T08:01:28,2024-07-26T08:13:10
162,662,SESSION_END,851,career,Oracle_2,False,2024-11-11T05:53:22,2024-11-11T06:07:33
163,117,COUNSELLING,1150,career,Oracle_4,True,2024-12-26T12:33:50,2024-12-26T12:53:00
164,574,SESSION_END,1334,anxiety,Oracle_2,False,2024-06-05T21:22:33,2024-06-05T21:44:47
165,280,COUNSELLING,1179,career,Oracle_2,True,2025-03-03T17:54:21,2025-03-03T18:14:00
166,660,WRAP_UP,863,relationship,Oracle_1,False,2024-01-16T11:07:33,2024-01-16T11:21:56
167,881,WRAP_UP,1308,relationship,Oracle_3,False,2024-11-12T03:09:27,2024-11-12T03:31:15
168,688,WRAP_UP,521,self-growth,Oracle_2,False,2024-04-19T04:13:52,2024-04-19T04:22:33
169,115,SESSION_END,347,general,Oracle_3,False,2025-02-11T23:33:31,2025-02-11T23:39:18
170,509,SESSION_END,968,relationship,Oracle_3,False,2024-08-31T10:23:31,2024-08-31T10:39:39
171,853,SESSION_END,848,general,Oracle_2,False,2024-03-23T23:09:27,2024-03-23T23:23:35
172,220,WRAP_UP,844,family,Oracle_1,False,2025-04-02T20:43:16,2025-04-02T20:57:20
173,503,SESSION_END,634,general,Oracle_3,False,2024-07-10T08:14:06,2024-07-10T08:24:40
174,901,WRAP_UP,1331,career,Oracle_1,False,2024-08-27T08:43:52,2024-08-27T09:06:03
175,661,COUNSELLING,696,general,Oracle_2,True,2024-02-12T11:09:58,2024-02-12T11:21:34
176,260,WRAP_UP,362,general,Oracle_5,False,2024-04-04T19:14:49,2024-04-04T19:20:51
177,888,WRAP_UP,1648,career,Oracle_3,False,2024-07-17T11:29:35,2024-07-17T11:57:03
178,93,SESSION_END,1165,career,Oracle_3,False,2024-12-06T20:40:46,2024-12-06T21:00:11
179,901,SESSION_END,827,self-growth,Oracle_4,False,2025-01-16T21:48:02,2025-01-16T22:01:49
180,755,WRAP_UP,1040,anxiety,Oracle_1,False,2024-11-24T01:28:22,2024-11-24T01:45:42
181,845,SESSION_END,977,career,Oracle_3,False,2025-03-01T10:23:05,2025-03-01T10:39:22
182,465,COUNSELLING,1057,self-growth,Oracle_2,True,2024-02-10T11:11:32,2024-02-10T11:29:09
183,646,SESSION_END,1093,anxiety,Oracle_3,False,2024-08-25T07:49:08,2024-08-25T08:07:21
184,590,COUNSELLING,1022,relationship,Oracle_5,True,2024-07-12T20:56:51,2024-07-12T21:13:53
185,731,WRAP_UP,886,self-growth,Oracle_2,False,2025-01-06T13:22:43,2025-01-06T13:37:29
186,267,WRAP_UP,970,career,Oracle_2,False,2024-08-06T21:04:58,2024-08-06T21:21:08
187,87,WRAP_UP,1303,anxiety,Oracle_2,False,2025-03-19T00:51:02,2025-03-19T01:12:45
188,22,SESSION_END,682,relationship,Oracle_4,False,2024-03-10T02:38:36,2024-03-10T02:49:58
189,204,SESSION_END,1164,family,Oracle_3,False,2025-04-11T08:07:54,2025-04-11T08:27:18
190,153,SESSION_END,1105,relationship,Oracle_1,False,2025-03-16T14:10:26,2025-03-16T14:28:51
191,15,WRAP_UP,948,self-growth,Oracle_2,False,2024-06-23T08:41:02,2024-06-23T08:56:50
192,196,WRAP_UP,693,family,Oracle_2,False,2024-10-23T18:21:59,2024-10-23T18:33:32
193,442,WRAP_UP,1121,career,Oracle_4,False,2024-05-20T02:20:17,2024-05-20T02:38:58
194,812,COUNSELLING,1011,career,Oracle_2,True,2024-07-22T08:17:44,2024-07-22T08:34:35
195,633,WRAP_UP,709,anxiety,Oracle_1,False,2024-03-07T14:17:05,2024-03-07T14:28:54
196,481,WRAP_UP,996,career,Oracle_4,False,2024-06-13T20:01:26,2024-06-13T20:18:02
197,726,WRAP_UP,1188,anxiety,Oracle_3,False,2024-02-10T11:26:58,2024-02-10T11:46:46
198,954,WRAP_UP,1253,career,Oracle_5,False,2025-04-15T23:38:21,2025-04-15T23:59:14
199,727,SESSION_END,833,self-growth,Oracle_4,False,2024-08-22T23:08:44,2024-08-22T23:22:37
200,688,COUNSELLING,1178,family,Oracle_1,True,2025-03-10T14:57:42,2025-03-10T15:17:20
201,595,WRAP_UP,1511,career,Oracle_1,False,2024-04-12T11:09:30,2024-04-12T11:34:41
202,325,SESSION_END,666,self-growth,Oracle_1,False,2024-07-21T06:19:11,2024-07-21T06:30:17
203,321,WRAP_UP,1282,relationship,Oracle_4,False,2024-10-07T01:55:33,2024-10-07T02:16:55
204,290,WRAP_UP,626,family,Oracle_3,False,2025-02-05T13:04:09,2025-02-05T13:14:35
205,447,WRAP_UP,1149,career,Oracle_4,False,2025-05-25T15:11:14,2025-05-25T15:30:23
206,55,COUNSELLING,1025,career,Oracle_2,True,2024-06-27T12:54:40,2024-06-27T13:11:45
207,37,WRAP_UP,357,anxiety,Oracle_1,False,2025-01-19T09:48:20,2025-01-19T09:54:17
208,453,WRAP_UP,1154,family,Oracle_4,False,2024-12-21T13:15:33,2024-12-21T13:34:47
209,116,SESSION_END,760,self-growth,Oracle_2,False,2024-08-08T16:18:52,2024-08-08T16:31:32
210,855,WRAP_UP,1249,career,Oracle_5,False,2025-03-13T11:41:32,2025-03-13T12:02:21
211,218,SESSION_END,463,general,Oracle_1,False,2024-11-19T10:36:45,2024-11-19T10:44:28
212,253,WRAP_UP,917,anxiety,Oracle_3,False,2024-01-21T03:58:11,2024-01-21T04:13:28
213,698,COUNSELLING,517,self-growth,Oracle_3,True,2024-03-23T09:17:11,2024-03-23T09:25:48
214,158,COUNSELLING,1348,relationship,Oracle_4,True,2025-05-27T06:42:14,2025-05-27T07:04:42
215,465,SESSION_END,811,self-growth,Oracle_4,False,2025-04-28T09:43:18,2025-04-28T09:56:49
216,333,SESSION_END,892,self-growth,Oracle_1,False,2024-06-13T04:09:49,2024-06-13T04:24:41
217,821,SESSION_END,830,self-growth,Oracle_4,False,2025-04-12T19:31:40,2025-04-12T19:45:30
218,95,SESSION_END,708,anxiety,Oracle_1,False,2024-11-05T20:21:24,2024-11-05T20:33:12
219,22,COUNSELLING,1170,career,Oracle_2,True,2025-05-23T00:38:32,2025-05-23T00:58:02
220,124,WRAP_UP,739,family,Oracle_5,False,2024-08-28T20:42:26,2024-08-28T20:54:45
221,135,WRAP_UP,668,family,Oracle_4,False,2024-10-28T10:30:47,2024-10-28T10:41:55
222,275,SESSION_END,701,general,Oracle_3,False,2024-11-24T04:38:54,2024-11-24T04:50:35
223,629,WRAP_UP,1340,career,Oracle_2,False,2024-12-26T00:43:47,2024-12-26T01:06:07
224,664,WRAP_UP,972,self-growth,Oracle_5,False,2025-02-13T13:11:15,2025-02-13T13:27:27
225,86,SESSION_END,1090,family,Oracle_2,False,2024-04-25T10:13:35,2024-04-25T10:31:45
226,701,WRAP_UP,774,family,Oracle_5,False,2024-08-17T12:10:36,2024-08-17T12:23:30
227,49,COUNSELLING,811,general,Oracle_4,True,2024-11-26T00:57:43,2024-11-26T01:11:14
228,97,WRAP_UP,986,anxiety,Oracle_3,False,2024-10-03T02:12:38,2024-10-03T02:29:04
229,600,SESSION_END,1242,relationship,Oracle_2,False,2024-05-19T11:05:43,2024-05-19T11:26:25
230,864,COUNSELLING,1153,anxiety,Oracle_3,True,2024-11-19T07:29:29,2024-11-19T07:48:42
231,322,WRAP_UP,608,general,Oracle_2,False,2024-05-25T09:30:24,2024-05-25T09:40:32
232,190,WRAP_UP,909,relationship,Oracle_4,False,2024-03-23T14:08:49,2024-03-23T14:23:58
233,548,COUNSELLING,1111,relationship,Oracle_4,True,2025-01-05T14:09:32,2025-01-05T14:28:03
234,709,WRAP_UP,1042,anxiety,Oracle_5,False,2024-08-23T04:36:02,2024-08-23T04:53:24
235,833,WRAP_UP,748,general,Oracle_1,False,2024-04-14T22:42:23,2024-04-14T22:54:51
236,196,SESSION_END,939,relationship,Oracle_2,False,2024-01-21T19:52:24,2024-01-21T20:08:03
237,493,COUNSELLING,859,self-growth,Oracle_2,True,2025-02-22T07:54:22,2025-02-22T08:08:41
238,89,SESSION_END,1283,family,Oracle_4,False,2025-01-03T03:47:49,2025-01-03T04:09:12
239,23,COUNSELLING,1199,relationship,Oracle_4,True,2025-01-11T17:55:42,2025-01-11T18:15:41
240,21,SESSION_END,1214,anxiety,Oracle_5,False,2024-08-17T00:03:20,2024-08-17T00:23:34
241,850,COUNSELLING,1241,anxiety,Oracle_4,True,2024-12-01T09:06:38,2024-12-01T09:27:19
242,869,WRAP_UP,973,anxiety,Oracle_4,False,2024-01-29T18:03:03,2024-01-29T18:19:16
243,410,WRAP_UP,968,anxiety,Oracle_4,False,2024-01-15T18:33:07,2024-01-15T18:49:15
244,591,WRAP_UP,970,family,Oracle_4,False,2025-05-18T13:11:35,2025-05-18T13:27:45
245,911,COUNSELLING,753,anxiety,Oracle_4,True,2024-12-14T05:23:27,2024-12-14T05:36:00
246,22,SESSION_END,939,career,Oracle_3,False,2024-12-30T11:16:32,2024-12-30T11:32:11
247,449,WRAP_UP,1485,career,Oracle_4,False,2025-05-25T06:35:14,2025-05-25T06:59:59
248,135,WRAP_UP,714,family,Oracle_3,False,2024-11-19T18:51:13,2024-11-19T19:03:07
249,816,SESSION_END,842,anxiety,Oracle_4,False,2024-03-07T22:44:00,2024-03-07T22:58:02
250,133,COUNSELLING,1027,career,Oracle_4,True,2025-04-15T11:58:47,2025-04-15T12:15:54
251,104,WRAP_UP,914,anxiety,Oracle_1,False,2024-02-06T13:03:47,2024-02-06T13:19:01
252,368,SESSION_END,1029,family,Oracle_5,False,2024-05-15T16:55:11,2024-05-15T17:12:20
253,33,SESSION_END,945,relationship,Oracle_4,False,2024-06-23T01:26:43,2024-06-23T01:42:28
254,265,SESSION_END,831,family,Oracle_3,False,2025-03-08T15:38:57,2025-03-08T15:52:48
255,918,SESSION_END,1016,career,Oracle_4,False,2024-12-06T01:40:52,2024-12-06T01:57:48
256,986,SESSION_END,579,relationship,Oracle_1,False,2025-03-12T21:15:15,2025-03-12T21:24:54
257,520,COUNSELLING,1119,relationship,Oracle_2,True,2024-10-07T21:25:44,2024-10-07T21:44:23
258,746,WRAP_UP,991,family,Oracle_2,False,2024-03-18T02:58:43,2024-03-18T03:15:14
259,663,SESSION_END,996,family,Oracle_1,False,2024-11-18T22:08:19,2024-11-18T22:24:55
260,252,SESSION_END,1053,anxiety,Oracle_3,False,2024-03-07T04:52:27,2024-03-07T05:10:00
261,382,WRAP_UP,736,self-growth,Oracle_4,False,2025-02-15T09:23:48,2025-02-15T09:36:04
262,807,COUNSELLING,1030,career,Oracle_4,True,2024-11-29T01:50:14,2024-11-29T02:07:24
263,941,WRAP_UP,1162,anxiety,Oracle_5,False,2024-01-08T17:27:26,2024-01-08T17:46:48
264,967,COUNSELLING,945,relationship,Oracle_4,True,2024-09-01T12:22:57,2024-09-01T12:38:42
265,791,WRAP_UP,1156,career,Oracle_2,False,2025-05-13T05:47:18,2025-05-13T06:06:34
266,925,COUNSELLING,426,general,Oracle_5,True,2025-05-05T14:01:05,2025-05-05T14:08:11
267,997,WRAP_UP,869,family,Oracle_1,False,2024-09-24T07:33:29,2024-09-24T07:47:58
268,847,SESSION_END,729,family,Oracle_4,False,2024-11-09T17:57:05,2024-11-09T18:09:14
269,660,WRAP_UP,1004,career,Oracle_4,False,2025-05-18T21:42:25,2025-05-18T21:59:09
270,795,SESSION_END,744,career,Oracle_5,False,2024-01-29T17:10:26,2024-01-29T17:22:50
271,343,SESSION_END,712,anxiety,Oracle_1,False,2024-06-15T00:18:00,2024-06-15T00:29:52
272,524,WRAP_UP,687,general,Oracle_2,False,2025-05-08T18:02:12,2025-05-08T18:13:39
273,24,WRAP_UP,1038,relationship,Oracle_5,False,2024-11-24T08:33:15,2024-11-24T08:50:33
274,114,COUNSELLING,1184,self-growth,Oracle_3,True,2024-10-16T16:49:48,2024-10-16T17:09:32
275,643,SESSION_END,739,general,Oracle_3,False,2024-12-14T13:03:42,2024-12-14T13:16:01
276,587,COUNSELLING,364,self-growth,Oracle_2,True,2024-09-20T07:03:02,2024-09-20T07:09:06
277,825,SESSION_END,743,self-growth,Oracle_2,False,2025-03-20T21:07:37,2025-03-20T21:20:00
278,732,SESSION_END,1092,anxiety,Oracle_3,False,2024-03-22T17:34:19,2024-03-22T17:52:31
279,529,COUNSELLING,759,general,Oracle_4,True,2024-04-23T19:57:02,2024-04-23T20:09:41
280,849,COUNSELLING,743,anxiety,Oracle_4,True,2024-02-18T07:22:26,2024-02-18T07:34:49
281,910,WRAP_UP,1405,career,Oracle_5,False,2024-11-08T19:52:23,2024-11-08T20:15:48
282,573,WRAP_UP,861,general,Oracle_4,False,2025-03-29T20:12:42,2025-03-29T20:27:03
283,652,WRAP_UP,936,anxiety,Oracle_2,False,2024-05-06T11:36:33,2024-05-06T11:52:09
284,518,WRAP_UP,933,career,Oracle_5,False,2024-04-10T11:54:52,2024-04-10T12:10:25
285,884,COUNSELLING,772,general,Oracle_5,True,2024-05-01T19:42:13,2024-05-01T19:55:05
286,379,WRAP_UP,1240,relationship,Oracle_1,False,2024-03-26T16:48:54,2024-03-26T17:09:34
287,379,SESSION_END,845,general,Oracle_3,False,2024-10-17T20:26:09,2024-10-17T20:40:14
288,302,COUNSELLING,1074,anxiety,Oracle_2,True,2024-04-20T23:16:42,2024-04-20T23:34:36
289,803,WRAP_UP,826,general,Oracle_1,False,2025-01-14T15:46:27,2025-01-14T16:00:13
290,126,SESSION_END,630,general,Oracle_4,False,2024-11-20T08:09:54,2024-11-20T08:20:24
291,587,WRAP_UP,944,family,Oracle_2,False,2025-04-15T11:14:50,2025-04-15T11:30:34
292,781,WRAP_UP,917,career,Oracle_4,False,2024-12-15T11:17:30,2024-12-15T11:32:47
293,153,WRAP_UP,513,self-growth,Oracle_5,False,2024-09-20T07:22:42,2024-09-20T07:31:15
294,47,WRAP_UP,1119,self-growth,Oracle_1,False,2025-05-16T16:45:24,2025-05-16T17:04:03
295,887,WRAP_UP,1044,career,Oracle_1,False,2025-03-10T11:05:32,2025-03-10T11:22:56
296,198,SESSION_END,681,general,Oracle_5,False,2025-03-18T22:07:32,2025-03-18T22:18:53
297,194,SESSION_END,1301,anxiety,Oracle_1,False,2024-05-19T14:39:35,2024-05-19T15:01:16
298,282,WRAP_UP,1461,career,Oracle_5,False,2024-03-06T17:57:07,2024-03-06T18:21:28
299,622,SESSION_END,434,family,Oracle_4,False,2024-09-21T01:14:58,2024-09-21T01:22:12
300,185,COUNSELLING,984,anxiety,Oracle_3,True,2025-02-14T00:48:07,2025-02-14T01:04:31
301,392,COUNSELLING,1147,family,Oracle_2,True,2024-08-09T15:20:30,2024-08-09T15:39:37
302,188,SESSION_END,868,family,Oracle_4,False,2024-08-26T07:03:31,2024-08-26T07:17:59
303,695,COUNSELLING,1262,career,Oracle_3,True,2024-02-15T10:33:08,2024-02-15T10:54:10
304,400,WRAP_UP,989,relationship,Oracle_3,False,2024-09-08T19:51:27,2024-09-08T20:07:56
305,385,COUNSELLING,1037,relationship,Oracle_4,True,2024-07-02T16:30:50,2024-07-02T16:48:07
306,521,SESSION_END,989,general,Oracle_1,False,2024-07-28T03:53:00,2024-07-28T04:09:29
307,326,SESSION_END,756,anxiety,Oracle_1,False,2024-06-30T13:14:16,2024-06-30T13:26:52
308,276,SESSION_END,740,general,Oracle_5,False,2024-07-10T07:39:53,2024-07-10T07:52:13
309,668,WRAP_UP,775,career,Oracle_2,False,2025-01-23T16:44:08,2025-01-23T16:57:03
310,802,SESSION_END,1268,career,Oracle_5,False,2024-07-09T10:08:28,2024-07-09T10:29:36
311,976,WRAP_UP,1313,anxiety,Oracle_3,False,2025-04-27T03:14:39,2025-04-27T03:36:32
312,669,COUNSELLING,1235,career,Oracle_3,True,2025-01-09T12:36:12,2025-01-09T12:56:47
313,613,WRAP_UP,1284,family,Oracle_5,False,2024-06-14T06:01:28,2024-06-14T06:22:52
314,861,SESSION_END,718,general,Oracle_5,False,2025-02-18T20:08:45,2025-02-18T20:20:43
315,72,COUNSELLING,780,family,Oracle_3,True,2025-03-08T05:31:18,2025-03-08T05:44:18
316,900,WRAP_UP,602,anxiety,Oracle_3,False,2024-09-23T03:11:02,2024-09-23T03:21:04
317,771,SESSION_END,747,self-growth,Oracle_4,False,2024-06-12T14:18:50,2024-06-12T14:31:17
318,983,SESSION_END,569,general,Oracle_1,False,2025-05-17T02:34:34,2025-05-17T02:44:03
319,624,COUNSELLING,1083,anxiety,Oracle_4,True,2025-03-07T16:41:19,2025-03-07T16:59:22
320,781,SESSION_END,967,anxiety,Oracle_1,False,2025-02-22T09:09:04,2025-02-22T09:25:11
321,914,SESSION_END,619,self-growth,Oracle_3,False,2025-04-12T01:14:49,2025-04-12T01:25:08
322,397,SESSION_END,1432,career,Oracle_4,False,2024-04-06T21:46:01,2024-04-06T22:09:53
323,380,SESSION_END,1125,career,Oracle_2,False,2024-10-04T22:16:02,2024-10-04T22:34:47
324,93,SESSION_END,383,general,Oracle_4,False,2024-06-30T22:53:04,2024-06-30T22:59:27
325,991,COUNSELLING,588,family,Oracle_2,True,2025-04-15T17:09:41,2025-04-15T17:19:29
326,8,WRAP_UP,1154,career,Oracle_3,False,2024-03-27T04:11:35,2024-03-27T04:30:49
327,583,SESSION_END,581,general,Oracle_5,False,2025-04-13T08:13:22,2025-04-13T08:23:03
328,180,SESSION_END,802,relationship,Oracle_3,False,2024-04-08T23:29:03,2024-04-08T23:42:25
329,956,WRAP_UP,827,general,Oracle_5,False,2025-02-17T22:44:59,2025-02-17T22:58:46
330,259,WRAP_UP,1121,self-growth,Oracle_4,False,2024-01-02T12:26:35,2024-01-02T12:45:16
331,657,SESSION_END,947,self-growth,Oracle_3,False,2024-11-12T00:42:59,2024-11-12T00:58:46
332,125,WRAP_UP,699,self-growth,Oracle_5,False,2024-10-07T18:19:24,2024-10-07T18:31:03
333,778,SESSION_END,1448,relationship,Oracle_4,False,2025-02-17T12:50:49,2025-02-17T13:14:57
334,324,WRAP_UP,1150,relationship,Oracle_5,False,2024-03-04T13:01:42,2024-03-04T13:20:52
335,828,SESSION_END,1228,relationship,Oracle_2,False,2024-02-27T19:40:08,2024-02-27T20:00:36
336,202,SESSION_END,1111,career,Oracle_1,False,2025-05-01T05:23:12,2025-05-01T05:41:43
337,29,SESSION_END,725,anxiety,Oracle_3,False,2024-09-16T15:51:03,2024-09-16T16:03:08
338,254,WRAP_UP,865,relationship,Oracle_3,False,2024-02-12T06:42:07,2024-02-12T06:56:32
339,533,WRAP_UP,1164,career,Oracle_1,False,2025-03-25T16:07:14,2025-03-25T16:26:38
340,88,WRAP_UP,740,relationship,Oracle_1,False,2024-08-31T07:57:06,2024-08-31T08:09:26
341,802,COUNSELLING,1161,career,Oracle_4,True,2025-04-19T08:59:36,2025-04-19T09:18:57
342,68,SESSION_END,956,relationship,Oracle_4,False,2024-08-17T01:38:49,2024-08-17T01:54:45
343,412,WRAP_UP,1048,relationship,Oracle_5,False,2025-05-27T10:08:50,2025-05-27T10:26:18
344,11,WRAP_UP,1229,anxiety,Oracle_5,False,2025-04-26T17:33:55,2025-04-26T17:54:24
345,104,SESSION_END,728,family,Oracle_1,False,2024-05-29T12:06:42,2024-05-29T12:18:50
346,106,SESSION_END,1070,relationship,Oracle_2,False,2025-04-05T12:12:19,2025-04-05T12:30:09
347,927,COUNSELLING,532,general,Oracle_5,True,2025-01-08T21:56:00,2025-01-08T22:04:52
348,456,SESSION_END,1129,career,Oracle_2,False,2024-02-16T23:38:14,2024-02-16T23:57:03
349,320,WRAP_UP,563,general,Oracle_2,False,2024-04-23T02:38:27,2024-04-23T02:47:50
350,481,WRAP_UP,1285,family,Oracle_1,False,2024-10-13T11:29:21,2024-10-13T11:50:46
351,531,SESSION_END,942,general,Oracle_1,False,2025-03-10T12:54:08,2025-03-10T13:09:50
352,433,COUNSELLING,983,family,Oracle_2,True,2024-06-04T15:12:10,2024-06-04T15:28:33
353,805,WRAP_UP,827,relationship,Oracle_3,False,2025-04-10T20:22:46,2025-04-10T20:36:33
354,873,WRAP_UP,300,general,Oracle_3,False,2025-04-23T12:59:41,2025-04-23T13:04:41
355,429,COUNSELLING,561,family,Oracle_4,True,2024-02-02T18:31:07,2024-02-02T18:40:28
356,225,SESSION_END,1119,relationship,Oracle_5,False,2024-12-28T08:52:31,2024-12-28T09:11:10
357,219,WRAP_UP,1208,career,Oracle_2,False,2024-11-06T22:22:01,2024-11-06T22:42:09
358,846,SESSION_END,838,relationship,Oracle_1,False,2024-10-04T23:29:27,2024-10-04T23:43:25
359,569,COUNSELLING,757,relationship,Oracle_1,True,2024-10-06T13:11:40,2024-10-06T13:24:17
360,999,COUNSELLING,1123,relationship,Oracle_2,True,2024-08-08T16:01:27,2024-08-08T16:20:10
361,225,WRAP_UP,986,family,Oracle_1,False,2024-06-01T05:28:22,2024-06-01T05:44:48
362,181,SESSION_END,777,family,Oracle_4,False,2024-04-16T14:24:17,2024-04-16T14:37:14
363,671,SESSION_END,969,relationship,Oracle_2,False,2024-10-16T05:06:42,2024-10-16T05:22:51
364,964,WRAP_UP,859,general,Oracle_1,False,2024-02-20T18:43:31,2024-02-20T18:57:50
365,148,SESSION_END,838,career,Oracle_5,False,2024-09-03T23:02:51,2024-09-03T23:16:49
366,440,SESSION_END,777,self-growth,Oracle_5,False,2025-04-23T11:35:39,2025-04-23T11:48:36
367,194,SESSION_END,688,general,Oracle_2,False,2024-08-05T12:56:41,2024-08-05T13:08:09
368,872,WRAP_UP,778,general,Oracle_1,False,2024-06-11T12:28:15,2024-06-11T12:41:13
369,804,SESSION_END,1058,anxiety,Oracle_5,False,2025-05-16T01:00:19,2025-05-16T01:17:57
370,384,SESSION_END,1132,anxiety,Oracle_3,False,2024-09-06T23:13:04,2024-09-06T23:31:56
371,539,WRAP_UP,579,self-growth,Oracle_5,False,2025-05-10T15:09:01,2025-05-10T15:18:40
372,666,SESSION_END,1063,relationship,Oracle_2,False,2024-12-17T03:22:59,2024-12-17T03:40:42
373,406,WRAP_UP,718,career,Oracle_3,False,2024-10-17T13:51:59,2024-10-17T14:03:57
374,564,COUNSELLING,816,relationship,Oracle_3,True,2024-03-06T06:23:53,2024-03-06T06:37:29
375,456,SESSION_END,447,general,Oracle_4,False,2024-11-26T23:07:24,2024-11-26T23:14:51
376,479,WRAP_UP,1020,anxiety,Oracle_3,False,2024-09-03T05:41:20,2024-09-03T05:58:20
377,392,COUNSELLING,1049,relationship,Oracle_1,True,2024-10-05T21:58:38,2024-10-05T22:16:07
378,302,SESSION_END,1006,general,Oracle_2,False,2024-08-02T16:56:04,2024-08-02T17:12:50
379,101,COUNSELLING,1149,relationship,Oracle_3,True,2024-06-01T17:45:11,2024-06-01T18:04:20
380,257,WRAP_UP,931,family,Oracle_5,False,2024-05-28T01:49:57,2024-05-28T02:05:28
381,142,WRAP_UP,1008,self-growth,Oracle_4,False,2024-09-26T05:41:43,2024-09-26T05:58:31
382,969,SESSION_END,969,anxiety,Oracle_5,False,2025-01-01T14:47:31,2025-01-01T15:03:40
383,780,SESSION_END,1188,career,Oracle_2,False,2025-01-03T12:10:12,2025-01-03T12:30:00
384,529,WRAP_UP,1049,general,Oracle_3,False,2024-12-24T09:08:26,2024-12-24T09:25:55
385,811,SESSION_END,589,relationship,Oracle_2,False,2024-11-20T10:15:58,2024-11-20T10:25:47
386,450,SESSION_END,1166,anxiety,Oracle_2,False,2024-10-18T00:55:02,2024-10-18T01:14:28
387,592,SESSION_END,846,career,Oracle_3,False,2024-10-02T11:23:13,2024-10-02T11:37:19
388,231,WRAP_UP,960,anxiety,Oracle_3,False,2025-02-21T13:39:54,2025-02-21T13:55:54
389,334,COUNSELLING,819,general,Oracle_3,True,2024-04-29T09:00:44,2024-04-29T09:14:23
390,582,WRAP_UP,399,self-growth,Oracle_2,False,2024-10-23T04:17:35,2024-10-23T04:24:14
391,972,COUNSELLING,788,anxiety,Oracle_5,True,2024-09-12T10:02:50,2024-09-12T10:15:58
392,986,WRAP_UP,1108,anxiety,Oracle_2,False,2024-03-13T10:08:51,2024-03-13T10:27:19
393,107,SESSION_END,965,self-growth,Oracle_2,False,2024-01-21T20:18:21,2024-01-21T20:34:26
394,204,WRAP_UP,778,relationship,Oracle_2,False,2024-08-08T10:44:38,2024-08-08T10:57:36
395,239,SESSION_END,715,family,Oracle_2,False,2024-01-09T13:55:57,2024-01-09T14:07:52
396,335,SESSION_END,1013,anxiety,Oracle_5,False,2024-04-10T07:18:02,2024-04-10T07:34:55
397,429,WRAP_UP,1344,anxiety,Oracle_2,False,2024-04-10T22:06:47,2024-04-10T22:29:11
398,318,WRAP_UP,848,anxiety,Oracle_5,False,2024-05-03T07:53:49,2024-05-03T08:07:57
399,589,WRAP_UP,896,family,Oracle_4,False,2024-04-20T19:58:17,2024-04-20T20:13:13
400,66,SESSION_END,984,anxiety,Oracle_3,False,2025-02-12T10:40:32,2025-02-12T10:56:56
401,933,WRAP_UP,665,general,Oracle_3,False,2024-03-11T18:16:37,2024-03-11T18:27:42
402,662,WRAP_UP,973,anxiety,Oracle_5,False,2024-10-30T18:27:10,2024-10-30T18:43:23
403,844,SESSION_END,1402,career,Oracle_4,False,2024-12-21T14:32:07,2024-12-21T14:55:29
404,933,COUNSELLING,648,self-growth,Oracle_1,True,2025-03-17T15:45:24,2025-03-17T15:56:12
405,403,SESSION_END,928,self-growth,Oracle_5,False,2025-05-02T20:19:10,2025-05-02T20:34:38
406,299,SESSION_END,762,self-growth,Oracle_4,False,2025-01-18T07:16:30,2025-01-18T07:29:12
407,781,COUNSELLING,492,general,Oracle_3,True,2025-01-26T18:36:04,2025-01-26T18:44:16
408,420,COUNSELLING,1206,anxiety,Oracle_5,True,2024-06-10T01:41:45,2024-06-10T02:01:51
409,46,COUNSELLING,767,anxiety,Oracle_4,True,2024-12-24T18:30:50,2024-12-24T18:43:37
410,352,SESSION_END,610,self-growth,Oracle_1,False,2024-11-04T02:32:43,2024-11-04T02:42:53
411,11,COUNSELLING,1054,family,Oracle_4,True,2024-12-26T14:09:51,2024-12-26T14:27:25
412,473,COUNSELLING,931,relationship,Oracle_2,True,2025-05-25T07:47:20,2025-05-25T08:02:51
413,731,COUNSELLING,1124,anxiety,Oracle_1,True,2024-05-12T12:00:40,2024-05-12T12:19:24
414,622,COUNSELLING,673,relationship,Oracle_5,True,2024-04-06T10:20:58,2024-04-06T10:32:11
415,760,COUNSELLING,945,anxiety,Oracle_2,True,2024-07-31T05:47:29,2024-07-31T06:03:14
416,452,COUNSELLING,873,family,Oracle_5,True,2024-01-27T18:05:54,2024-01-27T18:20:27
417,222,SESSION_END,827,anxiety,Oracle_5,False,2024-02-10T17:05:28,2024-02-10T17:19:15
418,5,SESSION_END,1128,relationship,Oracle_3,False,2024-07-12T22:44:28,2024-07-12T23:03:16
419,931,COUNSELLING,1187,career,Oracle_3,True,2024-01-12T07:25:02,2024-01-12T07:44:49
420,841,SESSION_END,1144,career,Oracle_1,False,2024-06-20T07:40:57,2024-06-20T08:00:01
421,817,COUNSELLING,943,self-growth,Oracle_3,True,2024-03-24T15:22:19,2024-03-24T15:38:02
422,331,SESSION_END,899,general,Oracle_4,False,2025-02-24T18:04:09,2025-02-24T18:19:08
423,962,COUNSELLING,1002,anxiety,Oracle_1,True,2024-05-14T20:32:25,2024-05-14T20:49:07
424,412,WRAP_UP,1022,self-growth,Oracle_4,False,2024-06-14T06:16:54,2024-06-14T06:33:56
425,226,WRAP_UP,907,relationship,Oracle_2,False,2024-02-22T07:08:44,2024-02-22T07:23:51
426,421,WRAP_UP,744,family,Oracle_5,False,2024-03-20T01:56:34,2024-03-20T02:08:58
427,811,COUNSELLING,981,general,Oracle_4,True,2025-05-05T00:20:32,2025-05-05T00:36:53
428,695,COUNSELLING,771,self-growth,Oracle_3,True,2024-05-16T04:24:27,2024-05-16T04:37:18
429,872,WRAP_UP,1278,self-growth,Oracle_4,False,2024-12-14T16:19:05,2024-12-14T16:40:23
430,524,SESSION_END,888,self-growth,Oracle_1,False,2024-06-29T16:05:18,2024-06-29T16:20:06
431,632,WRAP_UP,1032,relationship,Oracle_2,False,2024-02-16T13:02:45,2024-02-16T13:19:57
432,384,SESSION_END,682,anxiety,Oracle_2,False,2024-10-18T20:26:57,2024-10-18T20:38:19
433,658,WRAP_UP,1007,relationship,Oracle_3,False,2024-08-04T00:39:09,2024-08-04T00:55:56
434,660,WRAP_UP,841,relationship,Oracle_3,False,2025-05-18T08:27:39,2025-05-18T08:41:40
435,769,WRAP_UP,945,relationship,Oracle_2,False,2024-02-12T00:00:43,2024-02-12T00:16:28
436,821,SESSION_END,953,self-growth,Oracle_4,False,2025-04-17T07:07:10,2025-04-17T07:23:03
437,534,COUNSELLING,849,family,Oracle_1,True,2025-01-16T20:52:35,2025-01-16T21:06:44
438,977,COUNSELLING,1086,career,Oracle_2,True,2024-04-19T22:20:52,2024-04-19T22:38:58
439,129,COUNSELLING,680,relationship,Oracle_2,True,2024-06-07T17:47:42,2024-06-07T17:59:02
440,520,WRAP_UP,912,relationship,Oracle_2,False,2024-08-29T22:05:26,2024-08-29T22:20:38
441,739,SESSION_END,1006,career,Oracle_4,False,2025-03-23T17:16:54,2025-03-23T17:33:40
442,991,WRAP_UP,735,self-growth,Oracle_3,False,2024-03-03T03:36:20,2024-03-03T03:48:35
443,408,COUNSELLING,738,anxiety,Oracle_2,True,2024-12-02T15:43:47,2024-12-02T15:56:05
444,840,COUNSELLING,1045,anxiety,Oracle_4,True,2024-10-23T06:10:16,2024-10-23T06:27:41
445,875,WRAP_UP,924,relationship,Oracle_3,False,2024-05-16T11:16:21,2024-05-16T11:31:45
446,390,WRAP_UP,895,anxiety,Oracle_5,False,2024-10-18T09:14:41,2024-10-18T09:29:36
447,621,COUNSELLING,1107,anxiety,Oracle_2,True,2024-04-30T04:16:22,2024-04-30T04:34:49
448,5,WRAP_UP,1190,relationship,Oracle_4,False,2025-01-16T17:21:40,2025-01-16T17:41:30
449,948,WRAP_UP,832,anxiety,Oracle_1,False,2025-04-01T22:52:29,2025-04-01T23:06:21
450,419,SESSION_END,1134,relationship,Oracle_5,False,2024-10-25T21:40:36,2024-10-25T21:59:30
451,167,WRAP_UP,1184,career,Oracle_5,False,2024-09-27T17:58:39,2024-09-27T18:18:23
452,727,WRAP_UP,629,anxiety,Oracle_4,False,2024-02-14T19:41:31,2024-02-14T19:52:00
453,949,SESSION_END,513,anxiety,Oracle_1,False,2024-10-07T17:15:02,2024-10-07T17:23:35
454,715,WRAP_UP,902,self-growth,Oracle_4,False,2025-04-15T06:08:17,2025-04-15T06:23:19
455,967,COUNSELLING,844,self-growth,Oracle_2,True,2025-05-29T15:50:46,2025-05-29T16:04:50
456,13,WRAP_UP,1282,relationship,Oracle_5,False,2024-11-04T21:02:55,2024-11-04T21:24:17
457,998,SESSION_END,1105,relationship,Oracle_3,False,2024-11-27T13:27:39,2024-11-27T13:46:04
458,709,WRAP_UP,815,family,Oracle_3,False,2025-03-31T05:19:07,2025-03-31T05:32:42
459,752,SESSION_END,1161,anxiety,Oracle_2,False,2024-09-24T11:56:50,2024-09-24T12:16:11
460,276,WRAP_UP,1005,self-growth,Oracle_1,False,2024-08-27T07:24:24,2024-08-27T07:41:09
461,173,COUNSELLING,1239,anxiety,Oracle_4,True,2025-02-11T18:00:02,2025-02-11T18:20:41
462,671,SESSION_END,1031,family,Oracle_3,False,2024-05-17T00:21:30,2024-05-17T00:38:41
463,191,COUNSELLING,604,self-growth,Oracle_4,True,2024-03-26T14:59:23,2024-03-26T15:09:27
464,581,COUNSELLING,1160,career,Oracle_2,True,2024-02-15T19:30:19,2024-02-15T19:49:39
465,829,WRAP_UP,728,career,Oracle_2,False,2024-03-25T19:33:02,2024-03-25T19:45:10
466,82,COUNSELLING,1060,family,Oracle_3,True,2024-04-06T20:13:59,2024-04-06T20:31:39
467,66,COUNSELLING,922,family,Oracle_1,True,2024-03-19T07:13:07,2024-03-19T07:28:29
468,63,SESSION_END,1129,family,Oracle_5,False,2025-05-31T18:30:22,2025-05-31T18:49:11
469,809,COUNSELLING,996,relationship,Oracle_5,True,2025-04-13T08:27:09,2025-04-13T08:43:45
470,986,WRAP_UP,896,family,Oracle_5,False,2024-09-18T18:41:38,2024-09-18T18:56:34
471,440,WRAP_UP,1268,family,Oracle_4,False,2024-10-07T13:27:14,2024-10-07T13:48:22
472,388,COUNSELLING,718,general,Oracle_3,True,2024-10-03T12:51:57,2024-10-03T13:03:55
473,826,COUNSELLING,1159,relationship,Oracle_1,True,2024-04-17T20:35:40,2024-04-17T20:54:59
474,617,WRAP_UP,872,relationship,Oracle_3,False,2024-07-12T01:04:38,2024-07-12T01:19:10
475,463,WRAP_UP,427,general,Oracle_3,False,2024-01-03T10:19:50,2024-01-03T10:26:57
476,18,SESSION_END,812,self-growth,Oracle_4,False,2024-09-09T20:13:46,2024-09-09T20:27:18
477,240,SESSION_END,445,general,Oracle_1,False,2025-01-04T19:33:20,2025-01-04T19:40:45
478,752,SESSION_END,1345,anxiety,Oracle_5,False,2024-04-21T04:43:21,2024-04-21T05:05:46
479,898,SESSION_END,967,general,Oracle_5,False,2024-08-22T01:32:22,2024-08-22T01:48:29
480,896,COUNSELLING,1216,anxiety,Oracle_1,True,2024-12-12T15:23:13,2024-12-12T15:43:29
481,494,SESSION_END,919,self-growth,Oracle_1,False,2025-05-27T10:32:24,2025-05-27T10:47:43
482,109,SESSION_END,1284,anxiety,Oracle_3,False,2024-05-04T11:00:07,2024-05-04T11:21:31
483,925,SESSION_END,902,anxiety,Oracle_2,False,2024-04-05T14:42:54,2024-04-05T14:57:56
484,945,WRAP_UP,429,general,Oracle_3,False,2024-03-11T05:57:23,2024-03-11T06:04:32
485,893,SESSION_END,1019,career,Oracle_5,False,2024-10-23T10:28:51,2024-10-23T10:45:50
486,990,SESSION_END,807,anxiety,Oracle_1,False,2024-07-20T05:51:40,2024-07-20T06:05:07
487,298,COUNSELLING,876,relationship,Oracle_1,True,2024-05-26T03:29:20,2024-05-26T03:43:56
488,587,COUNSELLING,1125,family,Oracle_4,True,2024-08-31T09:40:58,2024-08-31T09:59:43
489,591,COUNSELLING,1069,self-growth,Oracle_4,True,2024-10-28T11:33:25,2024-10-28T11:51:14
490,328,SESSION_END,993,family,Oracle_5,False,2025-02-07T16:52:04,2025-02-07T17:08:37
491,605,COUNSELLING,1530,career,Oracle_2,True,2024-09-02T09:17:30,2024-09-02T09:43:00
492,836,WRAP_UP,922,family,Oracle_2,False,2024-12-20T00:26:22,2024-12-20T00:41:44
493,616,COUNSELLING,717,family,Oracle_5,True,2024-01-27T16:12:57,2024-01-27T16:24:54
494,328,SESSION_END,590,family,Oracle_5,False,2024-07-31T09:31:29,2024-07-31T09:41:19
495,490,WRAP_UP,705,self-growth,Oracle_3,False,2024-02-15T16:20:45,2024-02-15T16:32:30
496,157,SESSION_END,1343,self-growth,Oracle_2,False,2024-02-10T19:54:24,2024-02-10T20:16:47
497,878,WRAP_UP,1252,anxiety,Oracle_1,False,2024-05-03T15:34:36,2024-05-03T15:55:28
498,562,WRAP_UP,931,anxiety,Oracle_4,False,2024-09-27T12:54:57,2024-09-27T13:10:28
499,401,WRAP_UP,928,relationship,Oracle_4,False,2025-03-01T15:38:50,2025-03-01T15:54:18
500,100,SESSION_END,1583,career,Oracle_4,False,2024-08-24T04:21:01,2024-08-24T04:47:24
501,671,WRAP_UP,1084,career,Oracle_2,False,2024-04-22T11:41:39,2024-04-22T11:59:43
502,224,COUNSELLING,683,self-growth,Oracle_1,True,2025-05-20T19:57:22,2025-05-20T20:08:45
503,371,SESSION_END,579,self-growth,Oracle_4,False,2024-04-24T15:33:54,2024-04-24T15:43:33
504,974,SESSION_END,421,anxiety,Oracle_1,False,2024-02-13T18:05:43,2024-02-13T18:12:44
505,365,COUNSELLING,1490,anxiety,Oracle_3,True,2025-05-19T22:42:05,2025-05-19T23:06:55
506,608,WRAP_UP,1141,anxiety,Oracle_1,False,2024-07-09T07:08:59,2024-07-09T07:28:00
507,122,WRAP_UP,951,career,Oracle_4,False,2025-05-22T01:01:02,2025-05-22T01:16:53
508,795,SESSION_END,379,self-growth,Oracle_4,False,2024-12-26T03:30:20,2024-12-26T03:36:39
509,282,WRAP_UP,939,self-growth,Oracle_4,False,2024-04-04T19:12:21,2024-04-04T19:28:00
510,657,SESSION_END,847,self-growth,Oracle_5,False,2024-01-18T21:14:59,2024-01-18T21:29:06
511,587,SESSION_END,754,general,Oracle_4,False,2025-01-11T01:58:59,2025-01-11T02:11:33
512,306,COUNSELLING,598,general,Oracle_1,True,2024-09-09T14:42:27,2024-09-09T14:52:25
513,731,COUNSELLING,735,general,Oracle_5,True,2025-03-07T21:42:45,2025-03-07T21:55:00
514,803,SESSION_END,683,general,Oracle_1,False,2024-06-10T03:24:17,2024-06-10T03:35:40
515,186,SESSION_END,381,general,Oracle_1,False,2024-04-05T13:43:50,2024-04-05T13:50:11
516,132,SESSION_END,598,general,Oracle_5,False,2024-03-09T05:06:02,2024-03-09T05:16:00
517,263,COUNSELLING,1139,relationship,Oracle_2,True,2025-02-26T20:51:27,2025-02-26T21:10:26
518,434,COUNSELLING,958,self-growth,Oracle_1,True,2024-08-21T11:35:23,2024-08-21T11:51:21
519,969,WRAP_UP,602,general,Oracle_4,False,2025-03-24T05:23:30,2025-03-24T05:33:32
520,712,WRAP_UP,717,family,Oracle_5,False,2025-04-15T19:52:03,2025-04-15T20:04:00
521,523,SESSION_END,1150,career,Oracle_2,False,2024-08-20T18:59:05,2024-08-20T19:18:15
522,981,SESSION_END,1268,career,Oracle_3,False,2025-04-04T15:38:14,2025-04-04T15:59:22
523,285,WRAP_UP,1277,career,Oracle_2,False,2024-10-23T12:56:17,2024-10-23T13:17:34
524,410,COUNSELLING,1029,anxiety,Oracle_4,True,2024-07-16T10:14:50,2024-07-16T10:31:59
525,963,COUNSELLING,920,self-growth,Oracle_2,True,2024-07-28T05:58:26,2024-07-28T06:13:46
526,732,SESSION_END,1170,family,Oracle_2,False,2024-11-21T23:31:22,2024-11-21T23:50:52
527,324,SESSION_END,1051,anxiety,Oracle_5,False,2024-03-26T10:21:52,2024-03-26T10:39:23
528,417,SESSION_END,1068,relationship,Oracle_3,False,2024-10-08T19:26:43,2024-10-08T19:44:31
529,797,COUNSELLING,947,family,Oracle_4,True,2024-03-17T01:51:42,2024-03-17T02:07:29
530,993,SESSION_END,987,career,Oracle_2,False,2024-04-05T22:16:19,2024-04-05T22:32:46
531,540,WRAP_UP,992,self-growth,Oracle_3,False,2025-03-20T09:47:58,2025-03-20T10:04:30
532,565,SESSION_END,1004,family,Oracle_3,False,2024-05-12T14:57:45,2024-05-12T15:14:29
533,970,COUNSELLING,1063,anxiety,Oracle_5,True,2025-02-16T23:16:24,2025-02-16T23:34:07
534,609,SESSION_END,677,anxiety,Oracle_1,False,2024-07-20T05:14:51,2024-07-20T05:26:08
535,704,SESSION_END,881,general,Oracle_1,False,2024-07-26T16:08:10,2024-07-26T16:22:51
536,941,WRAP_UP,1042,self-growth,Oracle_5,False,2024-07-12T11:46:38,2024-07-12T12:04:00
537,429,WRAP_UP,1196,self-growth,Oracle_3,False,2025-01-25T02:13:54,2025-01-25T02:33:50
538,283,SESSION_END,929,anxiety,Oracle_1,False,2024-08-25T01:06:21,2024-08-25T01:21:50
539,971,WRAP_UP,1059,family,Oracle_2,False,2024-02-29T13:39:54,2024-02-29T13:57:33
540,968,COUNSELLING,785,relationship,Oracle_1,True,2024-02-14T14:13:42,2024-02-14T14:26:47
541,762,WRAP_UP,910,family,Oracle_5,False,2024-11-25T07:37:39,2024-11-25T07:52:49
542,955,COUNSELLING,812,self-growth,Oracle_5,True,2025-01-21T15:45:41,2025-01-21T15:59:13
543,702,SESSION_END,610,self-growth,Oracle_4,False,2024-01-06T15:54:00,2024-01-06T16:04:10
544,720,SESSION_END,874,general,Oracle_5,False,2025-05-28T13:10:43,2025-05-28T13:25:17
545,701,COUNSELLING,604,general,Oracle_2,True,2025-02-10T15:03:11,2025-02-10T15:13:15
546,180,SESSION_END,1058,relationship,Oracle_3,False,2025-02-02T23:46:22,2025-02-03T00:04:00
547,976,WRAP_UP,1273,relationship,Oracle_2,False,2024-09-19T12:00:17,2024-09-19T12:21:30
548,852,SESSION_END,1184,general,Oracle_3,False,2024-08-13T07:11:55,2024-08-13T07:31:39
549,495,SESSION_END,880,family,Oracle_3,False,2024-06-17T21:48:27,2024-06-17T22:03:07
550,952,SESSION_END,581,self-growth,Oracle_5,False,2024-12-25T16:00:27,2024-12-25T16:10:08
551,869,COUNSELLING,1181,anxiety,Oracle_3,True,2024-08-19T17:39:33,2024-08-19T17:59:14
552,110,SESSION_END,1028,relationship,Oracle_3,False,2024-11-08T07:05:32,2024-11-08T07:22:40
553,10,SESSION_END,1227,relationship,Oracle_4,False,2024-04-29T09:22:28,2024-04-29T09:42:55
554,127,COUNSELLING,1082,anxiety,Oracle_3,True,2025-05-25T00:32:04,2025-05-25T00:50:06
555,232,WRAP_UP,681,anxiety,Oracle_3,False,2025-02-20T15:43:52,2025-02-20T15:55:13
556,112,WRAP_UP,1277,anxiety,Oracle_2,False,2024-05-05T16:48:36,2024-05-05T17:09:53
557,363,WRAP_UP,1073,self-growth,Oracle_2,False,2024-03-26T22:57:25,2024-03-26T23:15:18
558,292,COUNSELLING,810,relationship,Oracle_3,True,2024-11-23T01:02:54,2024-11-23T01:16:24
559,923,COUNSELLING,1091,relationship,Oracle_3,True,2025-05-31T17:01:34,2025-05-31T17:19:45
560,122,WRAP_UP,1176,anxiety,Oracle_3,False,2024-04-08T23:32:30,2024-04-08T23:52:06
561,770,WRAP_UP,1301,anxiety,Oracle_2,False,2024-01-17T10:18:20,2024-01-17T10:40:01
562,160,SESSION_END,1269,family,Oracle_3,False,2024-02-10T10:05:34,2024-02-10T10:26:43
563,440,WRAP_UP,558,general,Oracle_4,False,2024-03-05T04:03:11,2024-03-05T04:12:29
564,254,COUNSELLING,740,general,Oracle_2,True,2025-02-01T02:12:04,2025-02-01T02:24:24
565,256,WRAP_UP,1050,family,Oracle_2,False,2024-11-29T08:06:08,2024-11-29T08:23:38
566,486,SESSION_END,834,self-growth,Oracle_5,False,2025-01-25T04:11:00,2025-01-25T04:24:54
567,186,SESSION_END,1153,career,Oracle_3,False,2024-01-30T19:12:07,2024-01-30T19:31:20
568,197,SESSION_END,1245,career,Oracle_1,False,2024-03-11T15:09:33,2024-03-11T15:30:18
569,390,SESSION_END,997,anxiety,Oracle_5,False,2024-02-17T15:38:30,2024-02-17T15:55:07
570,438,COUNSELLING,1047,self-growth,Oracle_3,True,2024-03-26T11:34:22,2024-03-26T11:51:49
571,373,WRAP_UP,908,family,Oracle_1,False,2024-05-21T04:05:45,2024-05-21T04:20:53
572,1,WRAP_UP,1444,relationship,Oracle_3,False,2024-06-13T15:32:52,2024-06-13T15:56:56
573,484,SESSION_END,761,family,Oracle_3,False,2025-01-16T14:14:28,2025-01-16T14:27:09
574,343,COUNSELLING,964,family,Oracle_5,True,2024-01-11T14:40:13,2024-01-11T14:56:17
575,789,WRAP_UP,1128,career,Oracle_3,False,2025-04-14T16:40:56,2025-04-14T16:59:44
576,244,WRAP_UP,573,self-growth,Oracle_1,False,2024-03-08T18:06:24,2024-03-08T18:15:57
577,134,SESSION_END,1348,self-growth,Oracle_2,False,2025-05-23T06:03:51,2025-05-23T06:26:19
578,198,SESSION_END,974,self-growth,Oracle_5,False,2024-02-28T03:51:24,2024-02-28T04:07:38
579,634,WRAP_UP,1034,family,Oracle_1,False,2024-04-29T08:39:37,2024-04-29T08:56:51
580,131,WRAP_UP,1131,career,Oracle_3,False,2025-03-11T05:36:26,2025-03-11T05:55:17
581,917,SESSION_END,963,family,Oracle_5,False,2024-11-21T10:48:13,2024-11-21T11:04:16
582,954,SESSION_END,680,general,Oracle_3,False,2025-04-10T09:02:01,2025-04-10T09:13:21
583,714,SESSION_END,1224,career,Oracle_4,False,2024-11-04T17:49:19,2024-11-04T18:09:43
584,702,SESSION_END,424,general,Oracle_4,False,2024-05-08T13:28:59,2024-05-08T13:36:03
585,769,WRAP_UP,590,general,Oracle_1,False,2024-05-22T23:14:43,2024-05-22T23:24:33
586,164,SESSION_END,812,general,Oracle_4,False,2025-02-02T07:12:15,2025-02-02T07:25:47
587,516,WRAP_UP,793,self-growth,Oracle_5,False,2024-07-27T13:28:33,2024-07-27T13:41:46
588,122,SESSION_END,1273,career,Oracle_1,False,2024-08-14T16:21:12,2024-08-14T16:42:25
589,655,WRAP_UP,1282,career,Oracle_2,False,2024-02-10T00:24:06,2024-02-10T00:45:28
590,844,SESSION_END,1069,career,Oracle_3,False,2025-05-18T19:37:42,2025-05-18T19:55:31
591,648,WRAP_UP,990,general,Oracle_3,False,2025-03-02T15:13:46,2025-03-02T15:30:16
592,740,WRAP_UP,1296,career,Oracle_1,False,2024-09-09T03:38:15,2024-09-09T03:59:51
593,641,SESSION_END,1000,relationship,Oracle_1,False,2024-07-17T19:56:50,2024-07-17T20:13:30
594,551,SESSION_END,679,self-growth,Oracle_3,False,2024-10-23T16:38:29,2024-10-23T16:49:48
595,891,SESSION_END,897,self-growth,Oracle_2,False,2024-07-27T18:40:26,2024-07-27T18:55:23
596,596,WRAP_UP,711,self-growth,Oracle_4,False,2024-04-30T21:22:02,2024-04-30T21:33:53
597,238,WRAP_UP,976,self-growth,Oracle_2,False,2025-01-20T05:23:11,2025-01-20T05:39:27
598,471,SESSION_END,1323,career,Oracle_5,False,2024-05-26T16:36:14,2024-05-26T16:58:17
599,503,COUNSELLING,805,self-growth,Oracle_4,True,2024-05-18T01:12:24,2024-05-18T01:25:49
600,704,COUNSELLING,888,general,Oracle_1,True,2024-04-21T11:27:02,2024-04-21T11:41:50
601,437,WRAP_UP,1337,career,Oracle_5,False,2024-01-10T03:45:14,2024-01-10T04:07:31
602,103,SESSION_END,1104,anxiety,Oracle_1,False,2024-01-11T12:37:43,2024-01-11T12:56:07
603,136,WRAP_UP,1315,career,Oracle_1,False,2024-01-11T11:36:01,2024-01-11T11:57:56
604,981,WRAP_UP,1239,relationship,Oracle_2,False,2024-03-06T23:51:57,2024-03-07T00:12:36
605,143,WRAP_UP,1028,anxiety,Oracle_2,False,2025-01-06T23:29:57,2025-01-06T23:47:05
606,250,WRAP_UP,862,relationship,Oracle_5,False,2025-05-02T09:11:02,2025-05-02T09:25:24
607,127,SESSION_END,930,relationship,Oracle_2,False,2024-11-18T13:28:02,2024-11-18T13:43:32
608,2,COUNSELLING,1114,career,Oracle_4,True,2024-11-27T18:22:53,2024-11-27T18:41:27
609,151,SESSION_END,1167,family,Oracle_4,False,2024-03-28T07:26:58,2024-03-28T07:46:25
610,174,WRAP_UP,876,relationship,Oracle_1,False,2024-10-04T12:42:07,2024-10-04T12:56:43
611,631,COUNSELLING,1298,family,Oracle_5,True,2024-02-03T16:02:36,2024-02-03T16:24:14
612,155,WRAP_UP,931,career,Oracle_2,False,2025-04-10T17:34:05,2025-04-10T17:49:36
613,696,COUNSELLING,875,anxiety,Oracle_3,True,2024-08-10T22:10:16,2024-08-10T22:24:51
614,897,WRAP_UP,872,relationship,Oracle_3,False,2025-05-28T23:34:23,2025-05-28T23:48:55
615,956,SESSION_END,996,family,Oracle_2,False,2024-04-25T10:54:19,2024-04-25T11:10:55
616,328,WRAP_UP,753,career,Oracle_1,False,2024-02-22T06:49:01,2024-02-22T07:01:34
617,592,WRAP_UP,1068,anxiety,Oracle_2,False,2024-04-09T01:26:19,2024-04-09T01:44:07
618,786,WRAP_UP,1099,anxiety,Oracle_4,False,2024-11-25T04:48:08,2024-11-25T05:06:27
619,711,WRAP_UP,1270,anxiety,Oracle_4,False,2024-07-10T00:03:34,2024-07-10T00:24:44
620,429,WRAP_UP,1086,general,Oracle_5,False,2025-02-17T14:02:34,2025-02-17T14:20:40
621,842,WRAP_UP,798,career,Oracle_1,False,2024-06-19T08:40:54,2024-06-19T08:54:12
622,241,COUNSELLING,841,family,Oracle_3,True,2024-01-14T07:47:09,2024-01-14T08:01:10
623,572,SESSION_END,1132,anxiety,Oracle_3,False,2024-04-18T05:39:31,2024-04-18T05:58:23
624,472,WRAP_UP,1207,career,Oracle_2,False,2024-07-07T08:28:45,2024-07-07T08:48:52
625,848,COUNSELLING,1471,career,Oracle_4,True,2024-04-21T03:08:26,2024-04-21T03:32:57
626,751,WRAP_UP,1409,relationship,Oracle_1,False,2024-10-15T16:41:46,2024-10-15T17:05:15
627,719,SESSION_END,754,relationship,Oracle_1,False,2024-05-02T20:33:43,2024-05-02T20:46:17
628,151,COUNSELLING,938,family,Oracle_1,True,2024-07-09T07:59:05,2024-07-09T08:14:43
629,13,WRAP_UP,794,general,Oracle_5,False,2024-04-18T19:53:03,2024-04-18T20:06:17
630,716,WRAP_UP,1002,family,Oracle_1,False,2024-12-10T20:16:06,2024-12-10T20:32:48
631,294,COUNSELLING,1057,relationship,Oracle_5,True,2024-05-14T19:46:10,2024-05-14T20:03:47
632,165,WRAP_UP,985,relationship,Oracle_5,False,2024-12-18T20:42:02,2024-12-18T20:58:27
633,729,WRAP_UP,846,family,Oracle_3,False,2024-05-01T18:58:32,2024-05-01T19:12:38
634,997,SESSION_END,816,relationship,Oracle_4,False,2024-06-13T13:26:08,2024-06-13T13:39:44
635,634,SESSION_END,1260,relationship,Oracle_1,False,2025-04-14T23:34:19,2025-04-14T23:55:19
636,837,WRAP_UP,349,self-growth,Oracle_4,False,2025-05-21T23:12:32,2025-05-21T23:18:21
637,848,COUNSELLING,1054,anxiety,Oracle_3,True,2024-05-31T06:02:28,2024-05-31T06:20:02
638,112,COUNSELLING,747,relationship,Oracle_3,True,2025-04-13T12:16:46,2025-04-13T12:29:13
639,29,SESSION_END,1387,career,Oracle_2,False,2024-08-28T02:24:59,2024-08-28T02:48:06
640,565,SESSION_END,1247,career,Oracle_3,False,2024-07-05T16:10:19,2024-07-05T16:31:06
641,88,WRAP_UP,886,general,Oracle_1,False,2024-08-27T16:48:41,2024-08-27T17:03:27
642,366,SESSION_END,949,family,Oracle_4,False,2024-09-01T06:11:28,2024-09-01T06:27:17
643,744,SESSION_END,691,family,Oracle_1,False,2025-01-26T03:22:54,2025-01-26T03:34:25
644,515,COUNSELLING,1511,career,Oracle_4,True,2024-10-23T19:04:44,2024-10-23T19:29:55
645,601,SESSION_END,986,relationship,Oracle_1,False,2025-05-01T04:36:16,2025-05-01T04:52:42
646,976,SESSION_END,766,self-growth,Oracle_2,False,2025-05-23T03:32:51,2025-05-23T03:45:37
647,788,COUNSELLING,1074,self-growth,Oracle_5,True,2025-04-17T19:42:57,2025-04-17T20:00:51
648,953,SESSION_END,845,family,Oracle_3,False,2024-09-20T07:48:14,2024-09-20T08:02:19
649,369,WRAP_UP,1025,general,Oracle_2,False,2024-10-28T02:01:35,2024-10-28T02:18:40
650,214,SESSION_END,798,general,Oracle_4,False,2025-03-16T07:47:52,2025-03-16T08:01:10
651,100,COUNSELLING,1192,relationship,Oracle_4,True,2024-03-08T16:55:24,2024-03-08T17:15:16
652,97,WRAP_UP,776,anxiety,Oracle_1,False,2024-05-05T10:03:55,2024-05-05T10:16:51
653,287,SESSION_END,1004,general,Oracle_3,False,2024-12-23T20:50:15,2024-12-23T21:06:59
654,485,WRAP_UP,1036,family,Oracle_2,False,2025-05-20T02:19:22,2025-05-20T02:36:38
655,963,WRAP_UP,1403,relationship,Oracle_4,False,2024-11-07T10:02:55,2024-11-07T10:26:18
656,878,SESSION_END,817,general,Oracle_3,False,2024-12-08T09:37:24,2024-12-08T09:51:01
657,525,WRAP_UP,898,general,Oracle_3,False,2024-12-15T14:19:41,2024-12-15T14:34:39
658,899,COUNSELLING,943,self-growth,Oracle_1,True,2025-05-15T02:32:48,2025-05-15T02:48:31
659,759,SESSION_END,1193,career,Oracle_2,False,2024-10-18T21:49:26,2024-10-18T22:09:19
660,584,SESSION_END,1037,anxiety,Oracle_4,False,2024-10-28T13:00:04,2024-10-28T13:17:21
661,686,WRAP_UP,751,relationship,Oracle_1,False,2024-12-27T01:29:16,2024-12-27T01:41:47
662,88,WRAP_UP,804,career,Oracle_2,False,2024-12-02T09:50:15,2024-12-02T10:03:39
663,412,COUNSELLING,750,family,Oracle_4,True,2024-06-14T03:48:25,2024-06-14T04:00:55
664,118,SESSION_END,1127,family,Oracle_2,False,2024-12-31T00:49:48,2024-12-31T01:08:35
665,656,SESSION_END,1484,career,Oracle_3,False,2024-02-18T11:13:30,2024-02-18T11:38:14
666,809,SESSION_END,933,anxiety,Oracle_2,False,2024-02-12T00:04:40,2024-02-12T00:20:13
667,889,WRAP_UP,984,relationship,Oracle_2,False,2024-03-05T22:15:16,2024-03-05T22:31:40
668,71,WRAP_UP,1182,family,Oracle_4,False,2024-12-16T15:05:45,2024-12-16T15:25:27
669,538,WRAP_UP,1166,career,Oracle_3,False,2024-11-28T20:27:29,2024-11-28T20:46:55
670,987,COUNSELLING,960,family,Oracle_4,True,2024-09-28T06:58:52,2024-09-28T07:14:52
671,494,SESSION_END,1169,anxiety,Oracle_4,False,2025-03-18T23:28:37,2025-03-18T23:48:06
672,843,SESSION_END,974,relationship,Oracle_5,False,2024-03-01T10:27:34,2024-03-01T10:43:48
673,632,WRAP_UP,1564,career,Oracle_4,False,2024-04-24T13:20:57,2024-04-24T13:47:01
674,886,COUNSELLING,937,family,Oracle_3,True,2024-11-11T15:35:45,2024-11-11T15:51:22
675,534,COUNSELLING,480,self-growth,Oracle_4,True,2024-04-07T15:32:18,2024-04-07T15:40:18
676,655,COUNSELLING,835,general,Oracle_2,True,2024-06-18T19:25:25,2024-06-18T19:39:20
677,431,SESSION_END,727,self-growth,Oracle_2,False,2024-06-11T22:16:01,2024-06-11T22:28:08
678,996,SESSION_END,757,self-growth,Oracle_3,False,2024-10-14T14:04:47,2024-10-14T14:17:24
679,17,SESSION_END,809,family,Oracle_4,False,2024-12-20T04:24:33,2024-12-20T04:38:02
680,421,WRAP_UP,625,family,Oracle_3,False,2025-02-10T08:35:32,2025-02-10T08:45:57
681,117,WRAP_UP,1259,career,Oracle_4,False,2025-02-25T13:50:00,2025-02-25T14:10:59
682,391,WRAP_UP,1140,family,Oracle_3,False,2025-05-07T12:36:56,2025-05-07T12:55:56
683,719,SESSION_END,1082,general,Oracle_1,False,2024-03-21T15:11:48,2024-03-21T15:29:50
684,666,WRAP_UP,1009,relationship,Oracle_4,False,2024-03-21T12:38:51,2024-03-21T12:55:40
685,768,SESSION_END,561,general,Oracle_3,False,2024-01-26T08:22:13,2024-01-26T08:31:34
686,873,WRAP_UP,783,anxiety,Oracle_4,False,2025-03-04T10:20:38,2025-03-04T10:33:41
687,118,SESSION_END,930,career,Oracle_4,False,2024-12-26T08:36:04,2024-12-26T08:51:34
688,930,WRAP_UP,1126,self-growth,Oracle_3,False,2024-01-06T21:46:11,2024-01-06T22:04:57
689,801,WRAP_UP,1254,career,Oracle_2,False,2024-11-18T02:52:34,2024-11-18T03:13:28
690,5,COUNSELLING,852,anxiety,Oracle_2,True,2024-01-21T09:16:34,2024-01-21T09:30:46
691,810,WRAP_UP,642,family,Oracle_2,False,2024-11-30T00:08:52,2024-11-30T00:19:34
692,570,COUNSELLING,1395,anxiety,Oracle_4,True,2025-05-15T13:07:37,2025-05-15T13:30:52
693,849,WRAP_UP,1216,relationship,Oracle_4,False,2024-05-14T22:19:28,2024-05-14T22:39:44
694,926,WRAP_UP,1105,family,Oracle_1,False,2024-06-28T09:35:01,2024-06-28T09:53:26
695,728,WRAP_UP,1295,career,Oracle_5,False,2024-07-21T03:02:27,2024-07-21T03:24:02
696,163,SESSION_END,665,family,Oracle_4,False,2024-01-20T21:58:06,2024-01-20T22:09:11
697,12,SESSION_END,1148,self-growth,Oracle_5,False,2024-03-02T04:25:33,2024-03-02T04:44:41
698,392,SESSION_END,1074,relationship,Oracle_3,False,2024-12-18T09:41:51,2024-12-18T09:59:45
699,192,SESSION_END,1068,career,Oracle_4,False,2024-07-09T11:52:25,2024-07-09T12:10:13
700,789,WRAP_UP,1136,family,Oracle_2,False,2024-03-05T10:32:57,2024-03-05T10:51:53
701,643,SESSION_END,1371,relationship,Oracle_1,False,2024-04-05T07:00:05,2024-04-05T07:22:56
702,146,SESSION_END,1193,family,Oracle_1,False,2024-03-13T01:29:28,2024-03-13T01:49:21
703,507,SESSION_END,720,family,Oracle_4,False,2024-01-18T01:18:27,2024-01-18T01:30:27
704,76,SESSION_END,1107,anxiety,Oracle_4,False,2024-06-12T08:12:03,2024-06-12T08:30:30
705,385,WRAP_UP,945,family,Oracle_2,False,2024-01-08T21:01:43,2024-01-08T21:17:28
706,676,SESSION_END,602,general,Oracle_3,False,2024-04-01T00:53:57,2024-04-01T01:03:59
707,356,SESSION_END,1139,anxiety,Oracle_2,False,2024-04-04T10:40:09,2024-04-04T10:59:08
708,621,SESSION_END,1296,relationship,Oracle_3,False,2024-06-17T00:14:45,2024-06-17T00:36:21
709,118,COUNSELLING,1193,career,Oracle_3,True,2024-04-08T07:37:36,2024-04-08T07:57:29
710,281,COUNSELLING,1023,anxiety,Oracle_3,True,2024-03-12T10:26:31,2024-03-12T10:43:34
711,726,WRAP_UP,712,general,Oracle_4,False,2025-02-02T04:36:38,2025-02-02T04:48:30
712,945,SESSION_END,906,career,Oracle_4,False,2024-08-06T07:45:44,2024-08-06T08:00:50
713,106,WRAP_UP,788,general,Oracle_4,False,2025-01-13T21:50:37,2025-01-13T22:03:45
714,905,WRAP_UP,1077,anxiety,Oracle_5,False,2024-09-04T13:54:22,2024-09-04T14:12:19
715,111,SESSION_END,543,general,Oracle_1,False,2025-05-06T10:21:15,2025-05-06T10:30:18
716,461,WRAP_UP,1060,career,Oracle_4,False,2025-03-31T20:02:08,2025-03-31T20:19:48
717,301,WRAP_UP,640,general,Oracle_4,False,2024-09-07T15:12:46,2024-09-07T15:23:26
718,810,SESSION_END,1198,career,Oracle_3,False,2024-06-16T03:19:24,2024-06-16T03:39:22
719,381,SESSION_END,1444,career,Oracle_2,False,2024-09-12T10:34:11,2024-09-12T10:58:15
720,477,SESSION_END,738,general,Oracle_1,False,2025-03-12T05:44:21,2025-03-12T05:56:39
721,395,SESSION_END,1028,family,Oracle_1,False,2025-04-17T04:09:31,2025-04-17T04:26:39
722,588,WRAP_UP,937,self-growth,Oracle_3,False,2024-09-03T19:54:35,2024-09-03T20:10:12
723,203,COUNSELLING,1078,career,Oracle_4,True,2024-08-01T03:28:29,2024-08-01T03:46:27
724,123,WRAP_UP,1022,relationship,Oracle_4,False,2025-04-04T04:13:40,2025-04-04T04:30:42
725,243,COUNSELLING,1067,general,Oracle_1,True,2025-03-23T04:55:14,2025-03-23T05:13:01
726,934,WRAP_UP,999,anxiety,Oracle_5,False,2024-01-29T17:52:57,2024-01-29T18:09:36
727,941,COUNSELLING,673,general,Oracle_4,True,2024-03-14T21:09:42,2024-03-14T21:20:55
728,741,WRAP_UP,840,family,Oracle_1,False,2024-11-06T22:57:34,2024-11-06T23:11:34
729,570,SESSION_END,657,family,Oracle_4,False,2024-12-19T02:01:04,2024-12-19T02:12:01
730,870,SESSION_END,1031,self-growth,Oracle_5,False,2024-10-17T10:06:52,2024-10-17T10:24:03
731,106,SESSION_END,1428,relationship,Oracle_2,False,2024-12-04T09:42:35,2024-12-04T10:06:23
732,175,COUNSELLING,1506,relationship,Oracle_5,True,2024-10-13T12:24:46,2024-10-13T12:49:52
733,6,WRAP_UP,884,self-growth,Oracle_3,False,2024-02-07T06:50:52,2024-02-07T07:05:36
734,77,WRAP_UP,860,family,Oracle_2,False,2024-07-28T15:31:31,2024-07-28T15:45:51
735,948,SESSION_END,1419,career,Oracle_4,False,2025-03-29T16:58:40,2025-03-29T17:22:19
736,653,SESSION_END,1243,anxiety,Oracle_4,False,2025-03-24T20:33:07,2025-03-24T20:53:50
737,678,WRAP_UP,992,anxiety,Oracle_3,False,2024-03-12T07:15:51,2024-03-12T07:32:23
738,785,WRAP_UP,672,family,Oracle_2,False,2025-03-09T19:28:42,2025-03-09T19:39:54
739,676,SESSION_END,813,self-growth,Oracle_1,False,2025-01-19T04:07:10,2025-01-19T04:20:43
740,218,WRAP_UP,945,relationship,Oracle_2,False,2024-10-26T02:02:34,2024-10-26T02:18:19
741,500,WRAP_UP,1031,relationship,Oracle_2,False,2024-12-18T15:34:58,2024-12-18T15:52:09
742,869,COUNSELLING,547,general,Oracle_2,True,2024-04-11T00:30:13,2024-04-11T00:39:20
743,939,WRAP_UP,1061,family,Oracle_2,False,2024-11-06T20:21:36,2024-11-06T20:39:17
744,71,WRAP_UP,722,family,Oracle_1,False,2025-03-24T08:34:33,2025-03-24T08:46:35
745,151,SESSION_END,985,anxiety,Oracle_3,False,2024-05-25T06:29:15,2024-05-25T06:45:40
746,30,WRAP_UP,1383,anxiety,Oracle_3,False,2024-09-30T08:57:02,2024-09-30T09:20:05
747,122,COUNSELLING,616,general,Oracle_4,True,2025-01-25T01:30:26,2025-01-25T01:40:42
748,521,COUNSELLING,947,family,Oracle_3,True,2024-07-30T17:25:29,2024-07-30T17:41:16
749,101,WRAP_UP,1064,relationship,Oracle_5,False,2024-05-17T04:54:12,2024-05-17T05:11:56
750,283,WRAP_UP,841,general,Oracle_1,False,2024-03-25T19:20:51,2024-03-25T19:34:52
751,662,SESSION_END,1458,career,Oracle_3,False,2025-03-22T19:04:25,2025-03-22T19:28:43
752,245,WRAP_UP,1301,relationship,Oracle_5,False,2024-06-24T21:36:49,2024-06-24T21:58:30
753,717,WRAP_UP,1101,self-growth,Oracle_4,False,2024-07-27T08:51:30,2024-07-27T09:09:51
754,211,WRAP_UP,1333,career,Oracle_3,False,2025-05-09T16:39:42,2025-05-09T17:01:55
755,723,SESSION_END,916,general,Oracle_4,False,2025-04-28T05:07:35,2025-04-28T05:22:51
756,757,SESSION_END,1032,family,Oracle_3,False,2024-05-12T05:21:54,2024-05-12T05:39:06
757,698,COUNSELLING,911,relationship,Oracle_4,True,2024-01-10T21:23:39,2024-01-10T21:38:50
758,439,COUNSELLING,1091,family,Oracle_1,True,2024-07-23T22:11:18,2024-07-23T22:29:29
759,175,SESSION_END,401,self-growth,Oracle_1,False,2025-03-28T22:52:08,2025-03-28T22:58:49
760,501,SESSION_END,845,career,Oracle_5,False,2024-01-14T12:11:18,2024-01-14T12:25:23
761,697,SESSION_END,910,family,Oracle_3,False,2024-03-18T15:59:40,2024-03-18T16:14:50
762,824,WRAP_UP,494,self-growth,Oracle_5,False,2024-09-29T11:01:57,2024-09-29T11:10:11
763,264,WRAP_UP,477,self-growth,Oracle_3,False,2024-08-21T21:32:42,2024-08-21T21:40:39
764,913,WRAP_UP,816,general,Oracle_3,False,2024-03-28T14:01:07,2024-03-28T14:14:43
765,703,SESSION_END,843,general,Oracle_2,False,2024-06-20T01:51:43,2024-06-20T02:05:46
766,366,COUNSELLING,1124,anxiety,Oracle_4,True,2025-03-24T14:56:59,2025-03-24T15:15:43
767,369,SESSION_END,1311,career,Oracle_3,False,2024-03-24T19:59:30,2024-03-24T20:21:21
768,899,WRAP_UP,746,self-growth,Oracle_2,False,2025-02-13T06:15:22,2025-02-13T06:27:48
769,272,WRAP_UP,678,self-growth,Oracle_3,False,2024-08-02T13:37:11,2024-08-02T13:48:29
770,196,WRAP_UP,1151,relationship,Oracle_1,False,2025-04-20T15:21:22,2025-04-20T15:40:33
771,444,WRAP_UP,833,anxiety,Oracle_2,False,2025-01-22T12:40:25,2025-01-22T12:54:18
772,478,COUNSELLING,1353,self-growth,Oracle_5,True,2024-08-13T01:55:25,2024-08-13T02:17:58
773,572,COUNSELLING,767,self-growth,Oracle_1,True,2024-08-16T22:06:16,2024-08-16T22:19:03
774,465,SESSION_END,1026,relationship,Oracle_4,False,2024-02-11T07:35:40,2024-02-11T07:52:46
775,314,SESSION_END,1123,relationship,Oracle_5,False,2024-08-08T00:27:08,2024-08-08T00:45:51
776,682,COUNSELLING,753,general,Oracle_3,True,2024-03-07T19:13:14,2024-03-07T19:25:47
777,147,COUNSELLING,769,self-growth,Oracle_1,True,2024-06-18T23:48:16,2024-06-19T00:01:05
778,485,WRAP_UP,858,family,Oracle_4,False,2024-11-24T05:09:02,2024-11-24T05:23:20
779,991,WRAP_UP,918,relationship,Oracle_3,False,2024-12-04T12:12:14,2024-12-04T12:27:32
780,824,COUNSELLING,649,general,Oracle_3,True,2024-06-03T23:04:25,2024-06-03T23:15:14
781,139,WRAP_UP,903,anxiety,Oracle_4,False,2025-05-03T00:42:42,2025-05-03T00:57:45
782,559,WRAP_UP,1298,career,Oracle_2,False,2024-03-15T14:21:29,2024-03-15T14:43:07
783,540,WRAP_UP,752,anxiety,Oracle_4,False,2024-11-22T14:47:37,2024-11-22T15:00:09
784,473,SESSION_END,1061,relationship,Oracle_1,False,2024-11-22T22:29:30,2024-11-22T22:47:11
785,774,WRAP_UP,1200,career,Oracle_2,False,2024-10-16T19:17:45,2024-10-16T19:37:45
786,636,WRAP_UP,463,general,Oracle_4,False,2024-02-11T13:59:01,2024-02-11T14:06:44
787,129,WRAP_UP,1104,anxiety,Oracle_1,False,2024-12-23T11:08:11,2024-12-23T11:26:35
788,87,SESSION_END,638,relationship,Oracle_5,False,2024-09-16T00:34:55,2024-09-16T00:45:33
789,100,WRAP_UP,966,family,Oracle_5,False,2025-03-30T02:03:35,2025-03-30T02:19:41
790,758,COUNSELLING,763,self-growth,Oracle_5,True,2024-06-08T06:40:42,2024-06-08T06:53:25
791,148,WRAP_UP,998,general,Oracle_2,False,2025-05-11T20:16:41,2025-05-11T20:33:19
792,309,SESSION_END,1161,self-growth,Oracle_5,False,2025-01-11T16:13:08,2025-01-11T16:32:29
793,705,COUNSELLING,1412,career,Oracle_5,True,2024-04-04T00:14:42,2024-04-04T00:38:14
794,100,WRAP_UP,1140,career,Oracle_5,False,2024-01-20T03:37:41,2024-01-20T03:56:41
795,455,COUNSELLING,1106,anxiety,Oracle_2,True,2024-05-22T22:49:39,2024-05-22T23:08:05
796,862,WRAP_UP,861,general,Oracle_5,False,2025-05-26T04:58:44,2025-05-26T05:13:05
797,127,COUNSELLING,1069,anxiety,Oracle_2,True,2025-05-25T16:02:33,2025-05-25T16:20:22
798,175,SESSION_END,734,general,Oracle_4,False,2025-01-04T20:14:09,2025-01-04T20:26:23
799,297,WRAP_UP,792,family,Oracle_1,False,2024-10-26T16:13:14,2024-10-26T16:26:26
800,476,SESSION_END,1078,anxiety,Oracle_3,False,2024-01-22T17:24:39,2024-01-22T17:42:37
801,469,SESSION_END,973,relationship,Oracle_5,False,2025-05-20T04:45:03,2025-05-20T05:01:16
802,456,WRAP_UP,994,relationship,Oracle_4,False,2024-04-18T04:48:21,2024-04-18T05:04:55
803,904,SESSION_END,1026,self-growth,Oracle_2,False,2025-01-25T20:25:57,2025-01-25T20:43:03
804,358,SESSION_END,818,self-growth,Oracle_2,False,2024-05-15T12:51:27,2024-05-15T13:05:05
805,361,WRAP_UP,457,self-growth,Oracle_3,False,2024-04-18T18:31:18,2024-04-18T18:38:55
806,804,WRAP_UP,939,self-growth,Oracle_4,False,2024-02-22T23:31:42,2024-02-22T23:47:21
807,386,SESSION_END,553,anxiety,Oracle_5,False,2025-05-26T18:52:52,2025-05-26T19:02:05
808,266,WRAP_UP,929,career,Oracle_5,False,2025-03-29T23:44:36,2025-03-30T00:00:05
809,850,COUNSELLING,1279,anxiety,Oracle_1,True,2024-06-28T23:16:53,2024-06-28T23:38:12
810,682,WRAP_UP,1079,relationship,Oracle_2,False,2024-09-08T09:26:53,2024-09-08T09:44:52
811,791,SESSION_END,939,self-growth,Oracle_4,False,2024-10-25T07:50:04,2024-10-25T08:05:43
812,945,COUNSELLING,947,relationship,Oracle_1,True,2024-07-13T13:21:26,2024-07-13T13:37:13
813,39,COUNSELLING,862,self-growth,Oracle_2,True,2024-01-23T21:09:50,2024-01-23T21:24:12
814,329,WRAP_UP,747,relationship,Oracle_5,False,2024-04-13T11:20:17,2024-04-13T11:32:44
815,570,COUNSELLING,839,career,Oracle_2,True,2024-06-24T03:33:36,2024-06-24T03:47:35
816,760,SESSION_END,1156,career,Oracle_5,False,2024-03-07T19:29:50,2024-03-07T19:49:06
817,25,SESSION_END,944,self-growth,Oracle_3,False,2024-01-05T01:36:41,2024-01-05T01:52:25
818,793,SESSION_END,1309,anxiety,Oracle_2,False,2024-09-21T15:19:09,2024-09-21T15:40:58
819,699,WRAP_UP,890,self-growth,Oracle_5,False,2025-01-02T23:01:14,2025-01-02T23:16:04
820,361,SESSION_END,1026,family,Oracle_4,False,2024-02-22T03:51:14,2024-02-22T04:08:20
821,438,SESSION_END,745,self-growth,Oracle_3,False,2025-02-05T18:10:49,2025-02-05T18:23:14
822,104,SESSION_END,976,relationship,Oracle_5,False,2025-04-12T04:34:42,2025-04-12T04:50:58
823,339,WRAP_UP,1154,relationship,Oracle_1,False,2024-10-04T23:50:11,2024-10-05T00:09:25
824,894,SESSION_END,1068,career,Oracle_5,False,2025-02-19T02:22:54,2025-02-19T02:40:42
825,248,WRAP_UP,664,general,Oracle_5,False,2024-03-27T02:50:59,2024-03-27T03:02:03
826,483,SESSION_END,940,family,Oracle_4,False,2024-09-19T13:37:12,2024-09-19T13:52:52
827,268,SESSION_END,1301,career,Oracle_1,False,2024-09-13T00:21:36,2024-09-13T00:43:17
828,242,COUNSELLING,1153,anxiety,Oracle_5,True,2025-03-13T23:02:28,2025-03-13T23:21:41
829,720,SESSION_END,1276,relationship,Oracle_1,False,2025-04-20T16:34:19,2025-04-20T16:55:35
830,909,SESSION_END,636,general,Oracle_1,False,2024-07-29T02:38:31,2024-07-29T02:49:07
831,107,SESSION_END,895,relationship,Oracle_2,False,2024-08-23T16:07:40,2024-08-23T16:22:35
832,22,COUNSELLING,847,relationship,Oracle_5,True,2024-06-01T08:57:13,2024-06-01T09:11:20
833,623,SESSION_END,898,anxiety,Oracle_2,False,2024-10-20T00:02:09,2024-10-20T00:17:07
834,441,SESSION_END,818,self-growth,Oracle_4,False,2024-03-30T18:37:37,2024-03-30T18:51:15
835,121,WRAP_UP,610,general,Oracle_2,False,2024-02-14T23:45:13,2024-02-14T23:55:23
836,238,SESSION_END,1167,relationship,Oracle_5,False,2024-11-16T20:05:55,2024-11-16T20:25:22
837,582,SESSION_END,1126,relationship,Oracle_1,False,2024-02-14T04:23:17,2024-02-14T04:42:03
838,59,WRAP_UP,1031,career,Oracle_3,False,2024-02-03T22:59:21,2024-02-03T23:16:32
839,359,SESSION_END,825,general,Oracle_4,False,2024-11-04T23:52:37,2024-11-05T00:06:22
840,674,SESSION_END,1018,relationship,Oracle_5,False,2024-07-13T08:02:40,2024-07-13T08:19:38
841,211,WRAP_UP,1276,anxiety,Oracle_3,False,2024-12-10T12:13:08,2024-12-10T12:34:24
842,965,WRAP_UP,662,family,Oracle_2,False,2025-05-22T16:48:17,2025-05-22T16:59:19
843,540,SESSION_END,1305,family,Oracle_4,False,2025-04-28T00:31:48,2025-04-28T00:53:33
844,287,SESSION_END,1162,relationship,Oracle_2,False,2025-02-08T16:02:59,2025-02-08T16:22:21
845,313,SESSION_END,583,self-growth,Oracle_1,False,2024-04-20T06:20:57,2024-04-20T06:30:40
846,241,WRAP_UP,1104,self-growth,Oracle_1,False,2024-03-29T17:33:45,2024-03-29T17:52:09
847,511,WRAP_UP,858,relationship,Oracle_3,False,2024-02-16T09:15:44,2024-02-16T09:30:02
848,876,SESSION_END,1212,general,Oracle_4,False,2024-10-24T03:57:38,2024-10-24T04:17:50
849,455,WRAP_UP,1105,relationship,Oracle_3,False,2024-02-10T14:11:25,2024-02-10T14:29:50
850,33,SESSION_END,914,general,Oracle_3,False,2025-04-17T19:43:22,2025-04-17T19:58:36
851,945,SESSION_END,908,family,Oracle_4,False,2025-04-27T18:10:07,2025-04-27T18:25:15
852,887,SESSION_END,777,anxiety,Oracle_5,False,2024-03-25T19:49:32,2024-03-25T20:02:29
853,398,WRAP_UP,1137,self-growth,Oracle_4,False,2024-12-26T00:18:48,2024-12-26T00:37:45
854,587,WRAP_UP,473,self-growth,Oracle_4,False,2024-05-06T06:07:49,2024-05-06T06:15:42
855,479,SESSION_END,863,self-growth,Oracle_1,False,2024-08-01T03:03:10,2024-08-01T03:17:33
856,256,WRAP_UP,745,general,Oracle_5,False,2024-01-30T23:40:18,2024-01-30T23:52:43
857,281,WRAP_UP,973,family,Oracle_1,False,2025-04-17T05:55:34,2025-04-17T06:11:47
858,128,WRAP_UP,542,family,Oracle_2,False,2024-07-24T10:57:51,2024-07-24T11:06:53
859,455,COUNSELLING,1014,anxiety,Oracle_4,True,2024-10-05T15:05:36,2024-10-05T15:22:30
860,654,SESSION_END,723,general,Oracle_1,False,2025-03-26T03:58:25,2025-03-26T04:10:28
861,284,SESSION_END,576,general,Oracle_3,False,2024-08-02T11:42:13,2024-08-02T11:51:49
862,890,COUNSELLING,1016,anxiety,Oracle_2,True,2025-05-04T14:21:19,2025-05-04T14:38:15
863,151,SESSION_END,762,general,Oracle_4,False,2025-01-28T13:55:48,2025-01-28T14:08:30
864,594,COUNSELLING,936,family,Oracle_1,True,2024-06-26T01:20:28,2024-06-26T01:36:04
865,975,WRAP_UP,1224,self-growth,Oracle_5,False,2024-10-01T10:38:33,2024-10-01T10:58:57
866,736,WRAP_UP,1059,relationship,Oracle_1,False,2024-03-25T18:57:17,2024-03-25T19:14:56
867,520,COUNSELLING,1079,anxiety,Oracle_3,True,2025-03-19T00:23:27,2025-03-19T00:41:26
868,850,WRAP_UP,903,self-growth,Oracle_2,False,2024-08-07T21:04:32,2024-08-07T21:19:35
869,26,WRAP_UP,795,family,Oracle_3,False,2025-05-21T09:45:17,2025-05-21T09:58:32
870,482,SESSION_END,1076,family,Oracle_1,False,2024-10-13T01:38:43,2024-10-13T01:56:39
871,298,SESSION_END,1248,career,Oracle_5,False,2024-08-31T04:42:52,2024-08-31T05:03:40
872,733,WRAP_UP,925,self-growth,Oracle_4,False,2024-06-15T21:26:35,2024-06-15T21:42:00
873,851,COUNSELLING,690,general,Oracle_1,True,2025-05-19T06:11:25,2025-05-19T06:22:55
874,979,SESSION_END,826,relationship,Oracle_5,False,2025-03-15T03:51:51,2025-03-15T04:05:37
875,589,WRAP_UP,741,self-growth,Oracle_1,False,2025-02-13T22:05:32,2025-02-13T22:17:53
876,622,WRAP_UP,935,anxiety,Oracle_3,False,2024-09-03T04:10:40,2024-09-03T04:26:15
877,200,SESSION_END,550,general,Oracle_2,False,2024-10-08T03:30:57,2024-10-08T03:40:07
878,467,SESSION_END,1215,family,Oracle_4,False,2024-07-06T05:25:55,2024-07-06T05:46:10
879,751,WRAP_UP,885,anxiety,Oracle_4,False,2024-10-08T09:42:19,2024-10-08T09:57:04
880,620,WRAP_UP,1110,career,Oracle_5,False,2024-06-27T11:05:54,2024-06-27T11:24:24
881,848,SESSION_END,1173,career,Oracle_2,False,2025-03-30T04:37:46,2025-03-30T04:57:19
882,621,WRAP_UP,698,family,Oracle_1,False,2024-08-31T18:28:57,2024-08-31T18:40:35
883,84,SESSION_END,708,anxiety,Oracle_2,False,2024-06-02T20:55:48,2024-06-02T21:07:36
884,898,COUNSELLING,829,anxiety,Oracle_4,True,2024-04-03T19:40:02,2024-04-03T19:53:51
885,270,WRAP_UP,715,general,Oracle_4,False,2024-01-27T11:12:59,2024-01-27T11:24:54
886,25,COUNSELLING,736,self-growth,Oracle_2,True,2024-02-26T17:05:34,2024-02-26T17:17:50
887,528,WRAP_UP,596,general,Oracle_2,False,2025-03-08T14:07:43,2025-03-08T14:17:39
888,730,COUNSELLING,1060,family,Oracle_5,True,2024-09-18T11:26:00,2024-09-18T11:43:40
889,624,COUNSELLING,706,general,Oracle_4,True,2024-10-02T16:53:23,2024-10-02T17:05:09
890,933,WRAP_UP,882,anxiety,Oracle_4,False,2024-08-12T16:46:39,2024-08-12T17:01:21
891,717,SESSION_END,1154,career,Oracle_3,False,2025-04-05T15:13:16,2025-04-05T15:32:30
892,691,WRAP_UP,860,self-growth,Oracle_2,False,2024-12-06T15:51:18,2024-12-06T16:05:38
893,521,SESSION_END,865,self-growth,Oracle_5,False,2024-02-07T12:09:09,2024-02-07T12:23:34
894,531,WRAP_UP,951,general,Oracle_3,False,2024-08-09T13:34:46,2024-08-09T13:50:37
895,394,SESSION_END,1365,family,Oracle_4,False,2024-06-12T15:22:21,2024-06-12T15:45:06
896,532,WRAP_UP,1025,family,Oracle_3,False,2024-03-18T06:11:26,2024-03-18T06:28:31
897,292,COUNSELLING,1107,career,Oracle_3,True,2024-05-11T12:22:04,2024-05-11T12:40:31
898,962,SESSION_END,1112,family,Oracle_3,False,2024-06-28T22:43:38,2024-06-28T23:02:10
899,145,SESSION_END,1445,relationship,Oracle_5,False,2025-02-23T07:09:21,2025-02-23T07:33:26
900,819,COUNSELLING,1213,career,Oracle_3,True,2024-01-21T00:31:25,2024-01-21T00:51:38
901,209,WRAP_UP,872,family,Oracle_3,False,2024-12-18T12:21:56,2024-12-18T12:36:28
902,941,SESSION_END,778,relationship,Oracle_4,False,2024-12-11T04:18:38,2024-12-11T04:31:36
903,506,COUNSELLING,1005,family,Oracle_3,True,2024-03-31T11:01:15,2024-03-31T11:18:00
904,823,SESSION_END,1142,relationship,Oracle_3,False,2024-02-27T17:59:26,2024-02-27T18:18:28
905,161,WRAP_UP,556,general,Oracle_3,False,2024-02-27T13:06:35,2024-02-27T13:15:51
906,914,WRAP_UP,844,relationship,Oracle_5,False,2024-05-27T21:17:18,2024-05-27T21:31:22
907,677,COUNSELLING,823,self-growth,Oracle_5,True,2024-04-16T07:31:43,2024-04-16T07:45:26
908,386,WRAP_UP,1121,career,Oracle_2,False,2024-12-31T03:35:11,2024-12-31T03:53:52
909,497,WRAP_UP,1331,career,Oracle_5,False,2024-03-09T21:42:21,2024-03-09T22:04:32
910,878,SESSION_END,1049,self-growth,Oracle_1,False,2024-12-03T08:17:20,2024-12-03T08:34:49
911,503,SESSION_END,1016,general,Oracle_4,False,2025-04-21T10:11:55,2025-04-21T10:28:51
912,647,WRAP_UP,793,general,Oracle_5,False,2025-01-11T02:45:30,2025-01-11T02:58:43
913,673,SESSION_END,1350,career,Oracle_4,False,2025-01-15T18:23:59,2025-01-15T18:46:29
914,613,WRAP_UP,690,family,Oracle_2,False,2024-03-15T23:30:35,2024-03-15T23:42:05
915,116,WRAP_UP,765,family,Oracle_2,False,2024-03-30T23:01:33,2024-03-30T23:14:18
916,476,WRAP_UP,1162,family,Oracle_2,False,2024-11-05T04:55:21,2024-11-05T05:14:43
917,793,WRAP_UP,714,anxiety,Oracle_3,False,2024-01-23T11:54:03,2024-01-23T12:05:57
918,275,WRAP_UP,539,general,Oracle_5,False,2024-02-17T05:27:17,2024-02-17T05:36:16
919,791,WRAP_UP,591,family,Oracle_4,False,2024-11-26T06:17:20,2024-11-26T06:27:11
920,267,SESSION_END,1212,relationship,Oracle_1,False,2024-09-20T23:06:20,2024-09-20T23:26:32
921,316,SESSION_END,621,anxiety,Oracle_5,False,2024-03-26T16:25:55,2024-03-26T16:36:16
922,626,COUNSELLING,821,family,Oracle_1,True,2025-02-23T05:59:31,2025-02-23T06:13:12
923,974,COUNSELLING,587,self-growth,Oracle_3,True,2024-09-15T20:56:24,2024-09-15T21:06:11
924,786,COUNSELLING,959,general,Oracle_5,True,2024-02-08T05:26:16,2024-02-08T05:42:15
925,216,SESSION_END,1005,family,Oracle_3,False,2024-06-27T03:06:15,2024-06-27T03:23:00
926,821,WRAP_UP,969,career,Oracle_2,False,2024-11-17T02:14:47,2024-11-17T02:30:56
927,567,SESSION_END,879,self-growth,Oracle_1,False,2025-02-12T23:42:13,2025-02-12T23:56:52
928,514,SESSION_END,969,anxiety,Oracle_3,False,2024-05-01T21:40:34,2024-05-01T21:56:43
929,309,SESSION_END,1345,relationship,Oracle_4,False,2024-10-20T11:45:36,2024-10-20T12:08:01
930,135,SESSION_END,910,self-growth,Oracle_1,False,2024-02-29T10:34:05,2024-02-29T10:49:15
931,517,WRAP_UP,1166,self-growth,Oracle_5,False,2025-02-24T17:58:54,2025-02-24T18:18:20
932,942,COUNSELLING,1181,career,Oracle_4,True,2025-04-01T20:45:51,2025-04-01T21:05:32
933,199,WRAP_UP,425,general,Oracle_3,False,2024-08-22T16:33:30,2024-08-22T16:40:35
934,470,COUNSELLING,1289,career,Oracle_5,True,2025-05-24T13:40:17,2025-05-24T14:01:46
935,483,SESSION_END,995,anxiety,Oracle_4,False,2024-08-04T08:41:44,2024-08-04T08:58:19
936,292,SESSION_END,1041,self-growth,Oracle_1,False,2024-10-24T00:36:29,2024-10-24T00:53:50
937,509,WRAP_UP,865,self-growth,Oracle_2,False,2024-12-17T06:55:49,2024-12-17T07:10:14
938,592,SESSION_END,704,relationship,Oracle_3,False,2024-12-13T06:16:25,2024-12-13T06:28:09
939,489,COUNSELLING,678,general,Oracle_1,True,2025-05-04T06:26:41,2025-05-04T06:37:59
940,98,COUNSELLING,823,general,Oracle_5,True,2025-01-15T10:44:50,2025-01-15T10:58:33
941,256,COUNSELLING,851,relationship,Oracle_2,True,2025-03-16T02:55:13,2025-03-16T03:09:24
942,61,WRAP_UP,808,anxiety,Oracle_2,False,2024-09-19T10:19:29,2024-09-19T10:32:57
943,38,WRAP_UP,1009,family,Oracle_5,False,2024-06-11T12:13:16,2024-06-11T12:30:05
944,814,WRAP_UP,845,anxiety,Oracle_2,False,2025-05-21T10:19:18,2025-05-21T10:33:23
945,330,SESSION_END,1145,anxiety,Oracle_4,False,2024-03-01T04:47:15,2024-03-01T05:06:20
946,131,COUNSELLING,919,relationship,Oracle_2,True,2024-04-04T08:30:29,2024-04-04T08:45:48
947,203,SESSION_END,1163,anxiety,Oracle_5,False,2024-05-12T14:29:25,2024-05-12T14:48:48
948,499,WRAP_UP,1191,career,Oracle_1,False,2024-11-06T05:27:40,2024-11-06T05:47:31
949,304,WRAP_UP,942,relationship,Oracle_5,False,2024-07-29T13:48:45,2024-07-29T14:04:27
950,331,SESSION_END,315,general,Oracle_3,False,2024-04-19T22:04:45,2024-04-19T22:10:00
951,536,WRAP_UP,688,self-growth,Oracle_2,False,2024-12-25T12:42:42,2024-12-25T12:54:10
952,959,SESSION_END,881,family,Oracle_5,False,2024-05-07T13:37:19,2024-05-07T13:52:00
953,733,COUNSELLING,861,anxiety,Oracle_1,True,2024-02-22T01:51:55,2024-02-22T02:06:16
954,320,COUNSELLING,897,self-growth,Oracle_5,True,2024-03-13T21:27:02,2024-03-13T21:41:59
955,470,COUNSELLING,709,family,Oracle_3,True,2024-02-21T20:43:13,2024-02-21T20:55:02
956,652,WRAP_UP,530,general,Oracle_1,False,2025-05-03T10:05:13,2025-05-03T10:14:03
957,951,WRAP_UP,992,career,Oracle_4,False,2025-04-30T01:32:28,2025-04-30T01:49:00
958,957,SESSION_END,813,family,Oracle_5,False,2024-03-01T04:15:34,2024-03-01T04:29:07
959,157,WRAP_UP,1132,relationship,Oracle_5,False,2024-04-08T09:56:07,2024-04-08T10:14:59
960,602,WRAP_UP,1071,self-growth,Oracle_5,False,2025-03-23T03:00:00,2025-03-23T03:17:51
961,620,WRAP_UP,903,family,Oracle_2,False,2024-06-29T01:38:37,2024-06-29T01:53:40
962,94,COUNSELLING,734,general,Oracle_4,True,2024-05-08T00:26:14,2024-05-08T00:38:28
963,896,SESSION_END,1256,relationship,Oracle_4,False,2024-11-26T10:08:15,2024-11-26T10:29:11
964,335,SESSION_END,1175,family,Oracle_5,False,2024-07-06T00:19:55,2024-07-06T00:39:30
965,403,WRAP_UP,725,anxiety,Oracle_5,False,2024-09-03T04:47:05,2024-09-03T04:59:10
966,81,SESSION_END,1021,general,Oracle_3,False,2025-05-07T06:19:36,2025-05-07T06:36:37
967,729,WRAP_UP,787,career,Oracle_5,False,2024-04-03T09:25:56,2024-04-03T09:39:03
968,922,SESSION_END,981,anxiety,Oracle_3,False,2024-01-20T15:32:35,2024-01-20T15:48:56
969,876,WRAP_UP,941,anxiety,Oracle_2,False,2025-03-10T19:19:00,2025-03-10T19:34:41
970,392,COUNSELLING,762,family,Oracle_2,True,2024-01-09T06:56:54,2024-01-09T07:09:36
971,453,SESSION_END,747,family,Oracle_3,False,2024-10-13T12:11:13,2024-10-13T12:23:40
972,515,SESSION_END,928,relationship,Oracle_3,False,2025-05-17T17:01:12,2025-05-17T17:16:40
973,658,WRAP_UP,949,anxiety,Oracle_1,False,2025-03-20T10:13:31,2025-03-20T10:29:20
974,884,WRAP_UP,907,self-growth,Oracle_2,False,2025-01-15T19:51:48,2025-01-15T20:06:55
975,485,SESSION_END,886,self-growth,Oracle_2,False,2024-04-28T23:42:04,2024-04-28T23:56:50
976,892,COUNSELLING,1151,career,Oracle_1,True,2024-04-02T18:16:34,2024-04-02T18:35:45
977,455,WRAP_UP,1045,self-growth,Oracle_5,False,2024-05-30T19:49:18,2024-05-30T20:06:43
978,756,WRAP_UP,1164,relationship,Oracle_5,False,2024-05-11T10:22:08,2024-05-11T10:41:32
979,740,WRAP_UP,643,family,Oracle_1,False,2024-02-17T18:08:01,2024-02-17T18:18:44
980,198,COUNSELLING,868,general,Oracle_1,True,2024-07-26T02:27:14,2024-07-26T02:41:42
981,177,COUNSELLING,722,anxiety,Oracle_2,True,2024-11-13T21:00:04,2024-11-13T21:12:06
982,651,SESSION_END,647,self-growth,Oracle_3,False,2024-08-29T16:31:37,2024-08-29T16:42:24
983,575,COUNSELLING,528,family,Oracle_5,True,2024-03-07T20:55:53,2024-03-07T21:04:41
984,953,COUNSELLING,1040,anxiety,Oracle_2,True,2024-03-11T08:11:34,2024-03-11T08:28:54
985,748,COUNSELLING,583,relationship,Oracle_1,True,2024-05-11T12:38:55,2024-05-11T12:48:38
986,223,SESSION_END,558,self-growth,Oracle_3,False,2024-07-10T15:25:12,2024-07-10T15:34:30
987,858,SESSION_END,834,self-growth,Oracle_1,False,2024-08-29T03:53:54,2024-08-29T04:07:48
988,389,WRAP_UP,512,self-growth,Oracle_5,False,2024-04-19T01:43:54,2024-04-19T01:52:26
989,324,SESSION_END,940,anxiety,Oracle_3,False,2024-08-17T01:56:14,2024-08-17T02:11:54
990,715,WRAP_UP,1091,anxiety,Oracle_5,False,2024-10-02T20:32:01,2024-10-02T20:50:12
991,373,WRAP_UP,1046,family,Oracle_1,False,2024-05-12T09:52:39,2024-05-12T10:10:05
992,973,SESSION_END,452,general,Oracle_3,False,2024-12-02T23:36:48,2024-12-02T23:44:20
993,662,SESSION_END,552,self-growth,Oracle_3,False,2025-03-04T10:46:41,2025-03-04T10:55:53
994,93,WRAP_UP,1160,general,Oracle_4,False,2024-06-18T12:33:59,2024-06-18T12:53:19
995,268,SESSION_END,798,relationship,Oracle_3,False,2024-09-07T20:59:16,2024-09-07T21:12:34
996,578,SESSION_END,994,anxiety,Oracle_1,False,2024-09-07T09:27:01,2024-09-07T09:43:35
997,645,SESSION_END,1023,family,Oracle_1,False,2024-09-18T12:01:04,2024-09-18T12:18:07
998,192,WRAP_UP,1090,family,Oracle_2,False,2025-02-28T16:40:57,2025-02-28T16:59:07
999,771,WRAP_UP,763,relationship,Oracle_4,False,2024-11-06T04:06:56,2024-11-06T04:19:39
1000,855,WRAP_UP,969,career,Oracle_3,False,2025-04-11T18:22:09,2025-04-11T18:38:18
1001,495,SESSION_END,1242,self-growth,Oracle_1,False,2025-01-28T18:26:00,2025-01-28T18:46:42
1002,432,WRAP_UP,885,anxiety,Oracle_1,False,2025-04-05T15:44:20,2025-04-05T15:59:05
1003,168,COUNSELLING,635,general,Oracle_2,True,2025-02-11T01:39:39,2025-02-11T01:50:14
1004,975,SESSION_END,976,general,Oracle_3,False,2025-05-30T06:47:31,2025-05-30T07:03:47
1005,808,WRAP_UP,1049,relationship,Oracle_4,False,2024-09-25T19:49:02,2024-09-25T20:06:31
1006,406,SESSION_END,1033,career,Oracle_2,False,2024-06-04T15:50:54,2024-06-04T16:08:07
1007,309,COUNSELLING,911,family,Oracle_2,True,2024-03-11T00:49:57,2024-03-11T01:05:08
1008,158,WRAP_UP,974,self-growth,Oracle_4,False,2024-01-04T20:10:38,2024-01-04T20:26:52
1009,164,COUNSELLING,709,family,Oracle_4,True,2024-06-14T01:08:08,2024-06-14T01:19:57
1010,685,SESSION_END,898,anxiety,Oracle_4,False,2024-03-15T10:18:17,2024-03-15T10:33:15
1011,132,SESSION_END,756,family,Oracle_4,False,2024-08-07T23:07:47,2024-08-07T23:20:23
1012,612,WRAP_UP,1064,anxiety,Oracle_5,False,2025-01-14T06:44:44,2025-01-14T07:02:28
1013,28,SESSION_END,1161,career,Oracle_5,False,2024-09-20T23:16:51,2024-09-20T23:36:12
1014,843,WRAP_UP,829,relationship,Oracle_2,False,2024-03-01T00:24:37,2024-03-01T00:38:26
1015,142,COUNSELLING,1011,anxiety,Oracle_4,True,2024-09-20T18:21:14,2024-09-20T18:38:05
1016,670,WRAP_UP,1347,career,Oracle_4,False,2024-08-29T15:10:35,2024-08-29T15:33:02
1017,692,COUNSELLING,1162,anxiety,Oracle_4,True,2024-05-07T00:39:36,2024-05-07T00:58:58
1018,699,WRAP_UP,666,general,Oracle_3,False,2024-03-05T04:31:48,2024-03-05T04:42:54
1019,703,COUNSELLING,1074,self-growth,Oracle_2,True,2024-01-10T11:52:51,2024-01-10T12:10:45
1020,327,WRAP_UP,865,career,Oracle_1,False,2024-12-19T04:04:28,2024-12-19T04:18:53
1021,498,WRAP_UP,780,self-growth,Oracle_3,False,2024-11-26T02:13:25,2024-11-26T02:26:25
1022,760,COUNSELLING,871,self-growth,Oracle_5,True,2024-12-15T17:38:24,2024-12-15T17:52:55
1023,382,WRAP_UP,1055,anxiety,Oracle_5,False,2024-11-25T09:08:48,2024-11-25T09:26:23
1024,778,SESSION_END,1041,anxiety,Oracle_1,False,2024-04-26T19:25:15,2024-04-26T19:42:36
1025,346,SESSION_END,565,self-growth,Oracle_4,False,2024-12-19T09:36:59,2024-12-19T09:46:24
1026,50,SESSION_END,934,anxiety,Oracle_4,False,2025-01-15T07:12:16,2025-01-15T07:27:50
1027,376,WRAP_UP,1017,relationship,Oracle_1,False,2024-08-18T00:31:57,2024-08-18T00:48:54
1028,556,COUNSELLING,1081,family,Oracle_4,True,2024-10-04T04:49:31,2024-10-04T05:07:32
1029,18,SESSION_END,804,anxiety,Oracle_5,False,2024-01-29T10:30:13,2024-01-29T10:43:37
1030,757,SESSION_END,853,anxiety,Oracle_1,False,2025-02-19T12:50:49,2025-02-19T13:05:02
1031,130,COUNSELLING,417,self-growth,Oracle_4,True,2024-09-25T06:28:00,2024-09-25T06:34:57
1032,706,WRAP_UP,737,general,Oracle_1,False,2024-02-01T13:36:10,2024-02-01T13:48:27
1033,335,COUNSELLING,651,family,Oracle_4,True,2024-03-19T13:03:50,2024-03-19T13:14:41
1034,525,COUNSELLING,636,self-growth,Oracle_3,True,2025-05-09T13:42:49,2025-05-09T13:53:25
1035,433,COUNSELLING,1106,anxiety,Oracle_1,True,2025-05-22T02:51:10,2025-05-22T03:09:36
1036,857,SESSION_END,912,anxiety,Oracle_3,False,2025-03-19T10:15:23,2025-03-19T10:30:35
1037,311,SESSION_END,698,general,Oracle_4,False,2025-03-21T07:45:28,2025-03-21T07:57:06
1038,221,SESSION_END,900,anxiety,Oracle_5,False,2024-08-03T00:55:44,2024-08-03T01:10:44
1039,688,SESSION_END,950,relationship,Oracle_2,False,2024-11-12T06:26:14,2024-11-12T06:42:04
1040,20,WRAP_UP,816,anxiety,Oracle_4,False,2024-07-26T10:14:02,2024-07-26T10:27:38
1041,614,SESSION_END,889,self-growth,Oracle_1,False,2024-06-20T16:48:52,2024-06-20T17:03:41
1042,627,WRAP_UP,1210,family,Oracle_4,False,2025-04-01T15:30:51,2025-04-01T15:51:01
1043,651,WRAP_UP,467,general,Oracle_3,False,2024-09-23T09:03:53,2024-09-23T09:11:40
1044,328,SESSION_END,939,family,Oracle_4,False,2024-12-24T19:19:35,2024-12-24T19:35:14
1045,216,WRAP_UP,718,general,Oracle_1,False,2025-03-19T18:03:05,2025-03-19T18:15:03
1046,647,WRAP_UP,1011,anxiety,Oracle_2,False,2024-03-05T12:56:49,2024-03-05T13:13:40
1047,766,WRAP_UP,721,general,Oracle_1,False,2024-12-29T00:35:48,2024-12-29T00:47:49
1048,160,WRAP_UP,500,general,Oracle_4,False,2025-03-14T18:21:29,2025-03-14T18:29:49
1049,426,WRAP_UP,802,relationship,Oracle_4,False,2024-07-01T07:28:16,2024-07-01T07:41:38
1050,944,COUNSELLING,639,general,Oracle_1,True,2025-04-16T13:34:10,2025-04-16T13:44:49
1051,100,SESSION_END,846,anxiety,Oracle_4,False,2024-05-03T14:09:55,2024-05-03T14:24:01
1052,564,SESSION_END,906,anxiety,Oracle_5,False,2024-11-20T19:26:24,2024-11-20T19:41:30
1053,286,SESSION_END,743,family,Oracle_3,False,2025-05-06T18:15:37,2025-05-06T18:28:00
1054,515,SESSION_END,458,general,Oracle_4,False,2024-11-09T18:28:17,2024-11-09T18:35:55
1055,775,WRAP_UP,1184,anxiety,Oracle_3,False,2024-11-06T17:33:13,2024-11-06T17:52:57
1056,4,WRAP_UP,1059,general,Oracle_2,False,2025-05-24T16:16:46,2025-05-24T16:34:25
1057,700,WRAP_UP,1222,relationship,Oracle_1,False,2025-05-09T07:40:13,2025-05-09T08:00:35
1058,634,COUNSELLING,1106,career,Oracle_5,True,2025-04-26T12:09:06,2025-04-26T12:27:32
1059,83,WRAP_UP,887,general,Oracle_2,False,2024-07-13T03:14:00,2024-07-13T03:28:47
1060,583,SESSION_END,780,self-growth,Oracle_1,False,2024-10-14T14:48:58,2024-10-14T15:01:58
1061,761,WRAP_UP,342,general,Oracle_4,False,2024-05-05T08:19:39,2024-05-05T08:25:21
1062,378,SESSION_END,711,self-growth,Oracle_2,False,2025-01-01T17:51:57,2025-01-01T18:03:48
1063,331,SESSION_END,1199,career,Oracle_5,False,2024-07-09T08:00:23,2024-07-09T08:20:22
1064,455,WRAP_UP,1354,career,Oracle_1,False,2025-01-23T12:40:56,2025-01-23T13:03:30
1065,823,SESSION_END,730,general,Oracle_1,False,2024-02-24T05:57:15,2024-02-24T06:09:25
1066,767,WRAP_UP,1339,relationship,Oracle_4,False,2025-02-07T17:10:07,2025-02-07T17:32:26
1067,883,COUNSELLING,825,anxiety,Oracle_1,True,2025-02-21T08:46:14,2025-02-21T08:59:59
1068,733,SESSION_END,797,general,Oracle_4,False,2024-12-06T14:37:34,2024-12-06T14:50:51
1069,848,COUNSELLING,981,self-growth,Oracle_3,True,2024-01-31T23:54:37,2024-02-01T00:10:58
1070,410,WRAP_UP,492,self-growth,Oracle_1,False,2024-11-28T21:28:09,2024-11-28T21:36:21
1071,107,SESSION_END,1106,career,Oracle_3,False,2025-05-24T22:44:12,2025-05-24T23:02:38
1072,146,SESSION_END,951,career,Oracle_1,False,2024-07-24T10:46:51,2024-07-24T11:02:42
1073,338,WRAP_UP,1027,self-growth,Oracle_3,False,2024-07-09T02:04:07,2024-07-09T02:21:14
1074,351,WRAP_UP,762,family,Oracle_3,False,2024-12-15T19:37:12,2024-12-15T19:49:54
1075,582,SESSION_END,998,family,Oracle_3,False,2024-06-20T16:08:24,2024-06-20T16:25:02
1076,578,WRAP_UP,1032,family,Oracle_5,False,2024-05-02T22:58:17,2024-05-02T23:15:29
1077,650,WRAP_UP,846,family,Oracle_2,False,2024-04-09T20:24:11,2024-04-09T20:38:17
1078,623,WRAP_UP,797,family,Oracle_2,False,2025-05-09T14:06:36,2025-05-09T14:19:53
1079,29,SESSION_END,1006,career,Oracle_5,False,2025-01-30T00:50:01,2025-01-30T01:06:47
1080,416,SESSION_END,881,anxiety,Oracle_2,False,2024-09-24T08:36:19,2024-09-24T08:51:00
1081,602,WRAP_UP,391,general,Oracle_2,False,2025-05-18T14:36:50,2025-05-18T14:43:21
1082,892,WRAP_UP,1036,general,Oracle_1,False,2024-10-22T01:20:03,2024-10-22T01:37:19
1083,685,WRAP_UP,1050,relationship,Oracle_1,False,2025-04-17T17:53:41,2025-04-17T18:11:11
1084,666,WRAP_UP,1249,career,Oracle_1,False,2025-03-18T06:32:03,2025-03-18T06:52:52
1085,861,SESSION_END,829,self-growth,Oracle_4,False,2024-01-26T12:11:30,2024-01-26T12:25:19
1086,642,SESSION_END,830,relationship,Oracle_5,False,2024-07-29T20:38:02,2024-07-29T20:51:52
1087,985,SESSION_END,786,general,Oracle_5,False,2025-03-16T04:05:38,2025-03-16T04:18:44
1088,254,SESSION_END,1127,career,Oracle_2,False,2025-05-20T11:55:32,2025-05-20T12:14:19
1089,234,SESSION_END,1105,self-growth,Oracle_3,False,2025-03-04T17:34:19,2025-03-04T17:52:44
1090,94,COUNSELLING,908,self-growth,Oracle_2,True,2024-02-19T10:52:29,2024-02-19T11:07:37
1091,536,COUNSELLING,937,family,Oracle_4,True,2025-03-27T11:39:58,2025-03-27T11:55:35
1092,476,SESSION_END,1282,relationship,Oracle_1,False,2024-09-04T15:57:00,2024-09-04T16:18:22
1093,202,COUNSELLING,1074,anxiety,Oracle_5,True,2025-02-25T06:29:16,2025-02-25T06:47:10
1094,221,SESSION_END,786,general,Oracle_4,False,2025-03-27T19:55:35,2025-03-27T20:08:41
1095,882,WRAP_UP,1042,relationship,Oracle_5,False,2025-05-08T04:00:02,2025-05-08T04:17:24
1096,774,WRAP_UP,830,anxiety,Oracle_5,False,2024-11-12T06:10:40,2024-11-12T06:24:30
1097,278,WRAP_UP,719,anxiety,Oracle_3,False,2025-05-16T04:53:03,2025-05-16T05:05:02
1098,271,WRAP_UP,708,general,Oracle_5,False,2025-03-11T22:43:30,2025-03-11T22:55:18
1099,317,SESSION_END,665,self-growth,Oracle_4,False,2025-01-30T18:39:42,2025-01-30T18:50:47
1100,508,COUNSELLING,1153,career,Oracle_3,True,2024-12-01T13:20:30,2024-12-01T13:39:43
1101,97,SESSION_END,993,anxiety,Oracle_2,False,2024-06-29T01:07:02,2024-06-29T01:23:35
1102,315,WRAP_UP,809,general,Oracle_3,False,2024-03-20T22:30:50,2024-03-20T22:44:19
1103,950,SESSION_END,661,general,Oracle_2,False,2024-11-03T18:26:55,2024-11-03T18:37:56
1104,873,SESSION_END,1256,career,Oracle_5,False,2024-09-09T23:08:19,2024-09-09T23:29:15
1105,486,WRAP_UP,869,self-growth,Oracle_4,False,2024-07-23T03:58:48,2024-07-23T04:13:17
1106,957,WRAP_UP,744,family,Oracle_3,False,2024-09-16T05:01:55,2024-09-16T05:14:19
1107,850,WRAP_UP,661,self-growth,Oracle_1,False,2024-11-19T23:44:53,2024-11-19T23:55:54
1108,781,COUNSELLING,1050,anxiety,Oracle_3,True,2024-11-13T12:21:23,2024-11-13T12:38:53
1109,662,WRAP_UP,1449,career,Oracle_3,False,2024-06-11T00:45:15,2024-06-11T01:09:24
1110,302,COUNSELLING,938,family,Oracle_4,True,2024-11-28T01:08:48,2024-11-28T01:24:26
1111,334,SESSION_END,801,general,Oracle_3,False,2024-12-07T20:07:02,2024-12-07T20:20:23
1112,110,WRAP_UP,754,relationship,Oracle_5,False,2025-01-07T13:56:00,2025-01-07T14:08:34
1113,482,WRAP_UP,853,relationship,Oracle_2,False,2025-01-13T07:06:31,2025-01-13T07:20:44
1114,287,SESSION_END,315,general,Oracle_1,False,2024-03-19T18:58:37,2024-03-19T19:03:52
1115,655,WRAP_UP,748,family,Oracle_2,False,2025-01-01T11:45:04,2025-01-01T11:57:32
1116,902,COUNSELLING,901,self-growth,Oracle_2,True,2024-11-17T09:22:09,2024-11-17T09:37:10
1117,895,SESSION_END,941,career,Oracle_5,False,2024-09-11T15:25:11,2024-09-11T15:40:52
1118,560,WRAP_UP,758,self-growth,Oracle_2,False,2024-01-17T23:20:50,2024-01-17T23:33:28
1119,791,WRAP_UP,1202,relationship,Oracle_2,False,2024-12-12T07:04:00,2024-12-12T07:24:02
1120,189,WRAP_UP,849,family,Oracle_3,False,2024-10-08T07:58:05,2024-10-08T08:12:14
1121,204,WRAP_UP,828,self-growth,Oracle_2,False,2024-01-18T23:19:45,2024-01-18T23:33:33
1122,123,WRAP_UP,1171,self-growth,Oracle_1,False,2025-01-12T18:21:41,2025-01-12T18:41:12
1123,852,COUNSELLING,912,general,Oracle_4,True,2025-03-15T09:41:03,2025-03-15T09:56:15
1124,33,WRAP_UP,707,general,Oracle_4,False,2025-02-22T12:08:06,2025-02-22T12:19:53
1125,290,SESSION_END,694,general,Oracle_1,False,2025-03-09T15:17:30,2025-03-09T15:29:04
1126,545,SESSION_END,883,career,Oracle_4,False,2025-03-21T18:44:30,2025-03-21T18:59:13
1127,625,SESSION_END,862,self-growth,Oracle_4,False,2024-08-03T01:08:09,2024-08-03T01:22:31
1128,463,COUNSELLING,628,self-growth,Oracle_1,True,2024-09-13T15:39:04,2024-09-13T15:49:32
1129,187,WRAP_UP,537,self-growth,Oracle_1,False,2024-12-01T20:28:02,2024-12-01T20:36:59
1130,412,WRAP_UP,666,general,Oracle_1,False,2024-01-15T15:47:35,2024-01-15T15:58:41
1131,231,WRAP_UP,1063,family,Oracle_5,False,2024-09-10T16:37:28,2024-09-10T16:55:11
1132,469,WRAP_UP,631,self-growth,Oracle_2,False,2025-03-24T01:22:36,2025-03-24T01:33:07
1133,194,SESSION_END,1338,career,Oracle_2,False,2024-01-31T15:26:58,2024-01-31T15:49:16
1134,554,WRAP_UP,1046,family,Oracle_2,False,2024-09-01T22:17:37,2024-09-01T22:35:03
1135,674,SESSION_END,998,career,Oracle_3,False,2024-06-17T17:34:08,2024-06-17T17:50:46
1136,28,WRAP_UP,1212,career,Oracle_4,False,2024-04-05T14:56:18,2024-04-05T15:16:30
1137,27,SESSION_END,800,anxiety,Oracle_2,False,2024-11-06T01:13:15,2024-11-06T01:26:35
1138,211,SESSION_END,1108,anxiety,Oracle_2,False,2024-03-13T02:52:59,2024-03-13T03:11:27
1139,519,SESSION_END,791,general,Oracle_5,False,2025-01-14T21:38:30,2025-01-14T21:51:41
1140,367,WRAP_UP,957,self-growth,Oracle_2,False,2024-05-28T08:08:47,2024-05-28T08:24:44
1141,93,WRAP_UP,300,general,Oracle_1,False,2024-01-13T12:58:23,2024-01-13T13:03:23
1142,390,SESSION_END,933,anxiety,Oracle_3,False,2024-10-02T11:44:05,2024-10-02T11:59:38
1143,969,WRAP_UP,1173,family,Oracle_1,False,2024-06-27T03:33:30,2024-06-27T03:53:03
1144,667,WRAP_UP,743,self-growth,Oracle_3,False,2024-01-13T07:27:57,2024-01-13T07:40:20
1145,748,SESSION_END,935,self-growth,Oracle_1,False,2025-03-14T12:31:12,2025-03-14T12:46:47
1146,132,COUNSELLING,837,general,Oracle_1,True,2024-12-30T21:56:36,2024-12-30T22:10:33
1147,63,WRAP_UP,576,general,Oracle_4,False,2024-05-02T07:41:24,2024-05-02T07:51:00
1148,177,SESSION_END,1289,career,Oracle_3,False,2024-05-21T01:32:35,2024-05-21T01:54:04
1149,901,SESSION_END,849,relationship,Oracle_3,False,2025-04-30T16:40:10,2025-04-30T16:54:19
1150,931,SESSION_END,902,family,Oracle_3,False,2024-01-21T01:30:24,2024-01-21T01:45:26
1151,30,COUNSELLING,1267,anxiety,Oracle_5,True,2024-02-06T02:48:45,2024-02-06T03:09:52
1152,387,SESSION_END,401,general,Oracle_1,False,2024-05-02T20:33:02,2024-05-02T20:39:43
1153,16,SESSION_END,835,family,Oracle_4,False,2025-01-04T11:29:33,2025-01-04T11:43:28
1154,426,SESSION_END,755,general,Oracle_4,False,2024-08-29T21:29:32,2024-08-29T21:42:07
1155,481,COUNSELLING,794,family,Oracle_1,True,2025-04-21T14:30:41,2025-04-21T14:43:55
1156,490,SESSION_END,801,anxiety,Oracle_2,False,2024-04-07T17:41:48,2024-04-07T17:55:09
1157,528,SESSION_END,1152,career,Oracle_4,False,2024-03-14T14:59:54,2024-03-14T15:19:06
1158,290,COUNSELLING,801,general,Oracle_3,True,2024-06-24T17:06:35,2024-06-24T17:19:56
1159,190,WRAP_UP,785,self-growth,Oracle_5,False,2025-04-03T21:01:27,2025-04-03T21:14:32
1160,530,WRAP_UP,504,general,Oracle_3,False,2024-04-12T07:11:53,2024-04-12T07:20:17
1161,433,SESSION_END,895,family,Oracle_1,False,2025-05-05T19:06:04,2025-05-05T19:20:59
1162,814,SESSION_END,781,career,Oracle_1,False,2024-04-21T00:51:51,2024-04-21T01:04:52
1163,856,COUNSELLING,1025,career,Oracle_3,True,2025-01-10T19:31:18,2025-01-10T19:48:23
1164,193,WRAP_UP,1073,self-growth,Oracle_2,False,2024-12-17T03:49:53,2024-12-17T04:07:46
1165,465,WRAP_UP,839,general,Oracle_3,False,2025-02-03T14:48:20,2025-02-03T15:02:19
1166,346,WRAP_UP,1249,career,Oracle_4,False,2025-03-02T08:15:08,2025-03-02T08:35:57
1167,680,WRAP_UP,1033,relationship,Oracle_4,False,2024-10-10T19:57:51,2024-10-10T20:15:04
1168,658,SESSION_END,864,relationship,Oracle_2,False,2024-03-14T11:09:52,2024-03-14T11:24:16
1169,999,SESSION_END,800,anxiety,Oracle_3,False,2024-09-27T00:11:08,2024-09-27T00:24:28
1170,464,SESSION_END,907,anxiety,Oracle_2,False,2025-01-27T00:43:55,2025-01-27T00:59:02
1171,408,COUNSELLING,795,general,Oracle_2,True,2024-01-13T23:40:09,2024-01-13T23:53:24
1172,752,SESSION_END,720,self-growth,Oracle_5,False,2025-03-13T04:53:58,2025-03-13T05:05:58
1173,538,WRAP_UP,721,relationship,Oracle_2,False,2025-02-16T08:08:07,2025-02-16T08:20:08
1174,384,COUNSELLING,1064,career,Oracle_5,True,2024-05-08T15:40:11,2024-05-08T15:57:55
1175,232,COUNSELLING,1096,self-growth,Oracle_3,True,2024-06-06T01:12:32,2024-06-06T01:30:48
1176,51,WRAP_UP,862,anxiety,Oracle_4,False,2025-01-05T03:27:29,2025-01-05T03:41:51
1177,330,WRAP_UP,1292,career,Oracle_3,False,2025-03-07T16:04:06,2025-03-07T16:25:38
1178,214,SESSION_END,840,self-growth,Oracle_4,False,2024-02-15T23:58:56,2024-02-16T00:12:56
1179,144,SESSION_END,1173,career,Oracle_4,False,2024-07-07T07:50:20,2024-07-07T08:09:53
1180,806,WRAP_UP,778,career,Oracle_2,False,2025-04-04T08:48:03,2025-04-04T09:01:01
1181,255,COUNSELLING,1056,family,Oracle_1,True,2024-11-07T19:23:38,2024-11-07T19:41:14
1182,744,SESSION_END,803,self-growth,Oracle_4,False,2024-06-08T20:58:10,2024-06-08T21:11:33
1183,146,WRAP_UP,939,self-growth,Oracle_5,False,2024-08-29T16:27:13,2024-08-29T16:42:52
1184,106,SESSION_END,846,self-growth,Oracle_4,False,2025-05-27T23:08:52,2025-05-27T23:22:58
1185,306,WRAP_UP,1254,relationship,Oracle_3,False,2024-09-22T03:43:55,2024-09-22T04:04:49
1186,973,WRAP_UP,1358,relationship,Oracle_4,False,2024-03-28T15:26:41,2024-03-28T15:49:19
1187,437,COUNSELLING,619,general,Oracle_3,True,2025-01-13T12:00:25,2025-01-13T12:10:44
1188,231,COUNSELLING,332,general,Oracle_5,True,2025-04-13T14:37:35,2025-04-13T14:43:07
1189,886,WRAP_UP,1166,family,Oracle_1,False,2024-11-23T12:34:31,2024-11-23T12:53:57
1190,654,WRAP_UP,580,relationship,Oracle_3,False,2024-08-02T06:30:29,2024-08-02T06:40:09
1191,656,WRAP_UP,802,general,Oracle_4,False,2024-03-19T13:13:05,2024-03-19T13:26:27
1192,249,WRAP_UP,711,general,Oracle_1,False,2024-07-25T10:01:00,2024-07-25T10:12:51
1193,800,WRAP_UP,523,self-growth,Oracle_1,False,2024-10-24T03:56:34,2024-10-24T04:05:17
1194,617,SESSION_END,768,relationship,Oracle_1,False,2025-03-23T02:26:15,2025-03-23T02:39:03
1195,121,WRAP_UP,1266,career,Oracle_3,False,2024-01-31T23:08:09,2024-01-31T23:29:15
1196,663,SESSION_END,668,anxiety,Oracle_4,False,2024-11-05T16:10:16,2024-11-05T16:21:24
1197,686,SESSION_END,1497,relationship,Oracle_3,False,2024-03-17T17:50:37,2024-03-17T18:15:34
1198,943,WRAP_UP,1033,anxiety,Oracle_3,False,2024-07-15T21:50:51,2024-07-15T22:08:04
1199,839,SESSION_END,781,self-growth,Oracle_4,False,2024-09-09T01:20:58,2024-09-09T01:33:59
1200,716,SESSION_END,1185,self-growth,Oracle_5,False,2024-06-11T15:08:42,2024-06-11T15:28:27
1201,790,WRAP_UP,727,general,Oracle_4,False,2024-05-13T15:23:37,2024-05-13T15:35:44
1202,878,SESSION_END,671,relationship,Oracle_3,False,2024-09-02T20:37:26,2024-09-02T20:48:37
1203,104,COUNSELLING,608,self-growth,Oracle_2,True,2025-05-11T16:40:41,2025-05-11T16:50:49
1204,775,WRAP_UP,1115,anxiety,Oracle_3,False,2024-09-29T07:32:38,2024-09-29T07:51:13
1205,826,SESSION_END,1130,anxiety,Oracle_2,False,2024-03-27T14:08:56,2024-03-27T14:27:46
1206,596,WRAP_UP,855,family,Oracle_5,False,2025-03-10T21:41:19,2025-03-10T21:55:34
1207,183,SESSION_END,987,anxiety,Oracle_4,False,2025-04-09T10:57:25,2025-04-09T11:13:52
1208,873,COUNSELLING,982,family,Oracle_5,True,2024-09-21T05:06:56,2024-09-21T05:23:18
1209,363,COUNSELLING,669,anxiety,Oracle_5,True,2024-08-16T06:55:17,2024-08-16T07:06:26
1210,584,SESSION_END,1274,relationship,Oracle_1,False,2024-12-09T17:28:11,2024-12-09T17:49:25
1211,252,COUNSELLING,766,general,Oracle_2,True,2024-06-23T08:23:52,2024-06-23T08:36:38
1212,252,SESSION_END,1137,career,Oracle_1,False,2024-04-22T22:01:05,2024-04-22T22:20:02
1213,304,WRAP_UP,1248,career,Oracle_5,False,2025-03-04T03:36:00,2025-03-04T03:56:48
1214,197,COUNSELLING,783,anxiety,Oracle_5,True,2025-02-06T18:52:16,2025-02-06T19:05:19
1215,410,WRAP_UP,833,self-growth,Oracle_3,False,2024-10-09T16:52:20,2024-10-09T17:06:13
1216,442,SESSION_END,586,family,Oracle_5,False,2024-09-05T16:06:59,2024-09-05T16:16:45
1217,366,SESSION_END,856,relationship,Oracle_5,False,2024-07-10T18:27:46,2024-07-10T18:42:02
1218,593,COUNSELLING,1477,career,Oracle_4,True,2025-01-29T03:37:30,2025-01-29T04:02:07
1219,549,COUNSELLING,966,family,Oracle_5,True,2024-09-27T13:34:48,2024-09-27T13:50:54
1220,841,SESSION_END,1012,career,Oracle_5,False,2024-12-23T11:28:27,2024-12-23T11:45:19
1221,449,SESSION_END,1077,anxiety,Oracle_4,False,2025-03-10T22:23:14,2025-03-10T22:41:11
1222,573,COUNSELLING,804,self-growth,Oracle_4,True,2024-09-26T23:47:29,2024-09-27T00:00:53
1223,889,COUNSELLING,809,self-growth,Oracle_5,True,2024-08-02T10:41:51,2024-08-02T10:55:20
1224,259,COUNSELLING,773,self-growth,Oracle_4,True,2025-04-09T06:39:12,2025-04-09T06:52:05
1225,442,SESSION_END,978,self-growth,Oracle_3,False,2024-12-17T03:58:24,2024-12-17T04:14:42
1226,552,WRAP_UP,827,self-growth,Oracle_5,False,2024-06-29T15:18:49,2024-06-29T15:32:36
1227,818,SESSION_END,777,general,Oracle_3,False,2025-03-31T20:05:44,2025-03-31T20:18:41
1228,884,SESSION_END,462,relationship,Oracle_5,False,2024-10-05T08:07:08,2024-10-05T08:14:50
1229,123,WRAP_UP,980,relationship,Oracle_5,False,2024-07-12T05:57:33,2024-07-12T06:13:53
1230,793,SESSION_END,817,career,Oracle_4,False,2025-05-19T09:49:26,2025-05-19T10:03:03
1231,747,SESSION_END,1266,relationship,Oracle_4,False,2024-10-27T22:36:45,2024-10-27T22:57:51
1232,391,WRAP_UP,753,self-growth,Oracle_1,False,2024-05-22T03:10:24,2024-05-22T03:22:57
1233,319,COUNSELLING,761,family,Oracle_2,True,2024-03-11T11:24:48,2024-03-11T11:37:29
1234,267,WRAP_UP,1024,anxiety,Oracle_1,False,2025-05-17T17:09:12,2025-05-17T17:26:16
1235,348,WRAP_UP,1230,anxiety,Oracle_1,False,2025-03-08T17:37:33,2025-03-08T17:58:03
1236,700,COUNSELLING,934,family,Oracle_5,True,2024-01-02T08:13:44,2024-01-02T08:29:18
1237,13,WRAP_UP,1447,relationship,Oracle_3,False,2025-03-13T13:52:45,2025-03-13T14:16:52
1238,880,SESSION_END,1095,relationship,Oracle_5,False,2025-05-09T08:52:47,2025-05-09T09:11:02
1239,511,WRAP_UP,1388,career,Oracle_5,False,2024-04-30T03:16:46,2024-04-30T03:39:54
1240,384,COUNSELLING,893,general,Oracle_2,True,2024-12-08T07:11:54,2024-12-08T07:26:47
1241,520,WRAP_UP,1195,career,Oracle_1,False,2025-02-21T13:24:03,2025-02-21T13:43:58
1242,827,SESSION_END,910,family,Oracle_2,False,2024-09-28T02:50:18,2024-09-28T03:05:28
1243,605,COUNSELLING,826,general,Oracle_5,True,2024-04-30T14:07:06,2024-04-30T14:20:52
1244,943,WRAP_UP,976,family,Oracle_1,False,2024-12-13T22:07:27,2024-12-13T22:23:43
1245,685,COUNSELLING,722,general,Oracle_2,True,2025-01-16T04:34:53,2025-01-16T04:46:55
1246,814,COUNSELLING,1070,anxiety,Oracle_4,True,2024-02-15T12:50:02,2024-02-15T13:07:52
1247,831,SESSION_END,890,self-growth,Oracle_3,False,2025-05-23T14:26:01,2025-05-23T14:40:51
1248,934,WRAP_UP,648,general,Oracle_2,False,2025-02-28T09:16:56,2025-02-28T09:27:44
1249,290,COUNSELLING,914,family,Oracle_4,True,2025-05-01T11:48:37,2025-05-01T12:03:51
1250,414,WRAP_UP,794,anxiety,Oracle_4,False,2024-01-19T12:18:02,2024-01-19T12:31:16
1251,107,WRAP_UP,685,family,Oracle_1,False,2024-08-11T01:40:58,2024-08-11T01:52:23
1252,541,COUNSELLING,1605,relationship,Oracle_3,True,2024-03-10T06:34:31,2024-03-10T07:01:16
1253,914,SESSION_END,512,general,Oracle_1,False,2025-02-18T23:55:38,2025-02-19T00:04:10
1254,49,WRAP_UP,646,family,Oracle_1,False,2025-02-21T16:38:29,2025-02-21T16:49:15
1255,844,SESSION_END,538,self-growth,Oracle_2,False,2024-02-04T17:39:15,2024-02-04T17:48:13
1256,102,SESSION_END,943,anxiety,Oracle_1,False,2024-09-05T19:01:15,2024-09-05T19:16:58
1257,732,SESSION_END,1328,career,Oracle_3,False,2024-03-31T08:34:02,2024-03-31T08:56:10
1258,5,WRAP_UP,1194,career,Oracle_4,False,2024-05-17T12:35:44,2024-05-17T12:55:38
1259,847,WRAP_UP,1246,career,Oracle_5,False,2024-07-10T05:00:01,2024-07-10T05:20:47
1260,685,WRAP_UP,930,family,Oracle_3,False,2025-03-19T03:37:53,2025-03-19T03:53:23
1261,210,WRAP_UP,815,self-growth,Oracle_4,False,2024-11-17T06:48:20,2024-11-17T07:01:55
1262,285,WRAP_UP,1155,career,Oracle_5,False,2024-07-15T20:11:36,2024-07-15T20:30:51
1263,11,SESSION_END,767,self-growth,Oracle_2,False,2025-05-29T22:31:35,2025-05-29T22:44:22
1264,73,COUNSELLING,634,self-growth,Oracle_4,True,2024-05-03T10:33:17,2024-05-03T10:43:51
1265,69,SESSION_END,1284,career,Oracle_3,False,2024-11-05T07:04:14,2024-11-05T07:25:38
1266,550,WRAP_UP,846,family,Oracle_1,False,2024-03-25T06:26:18,2024-03-25T06:40:24
1267,405,WRAP_UP,1213,career,Oracle_4,False,2024-01-28T17:24:23,2024-01-28T17:44:36
1268,491,COUNSELLING,1250,relationship,Oracle_4,True,2024-01-30T12:57:14,2024-01-30T13:18:04
1269,189,SESSION_END,1034,relationship,Oracle_2,False,2024-12-06T06:56:07,2024-12-06T07:13:21
1270,453,SESSION_END,996,general,Oracle_3,False,2024-06-12T10:43:29,2024-06-12T11:00:05
1271,45,COUNSELLING,947,general,Oracle_2,True,2024-07-13T19:17:28,2024-07-13T19:33:15
1272,359,SESSION_END,1284,anxiety,Oracle_4,False,2024-10-30T22:34:54,2024-10-30T22:56:18
1273,157,SESSION_END,953,family,Oracle_4,False,2025-05-26T02:14:12,2025-05-26T02:30:05
1274,26,COUNSELLING,1080,anxiety,Oracle_5,True,2024-07-09T21:35:56,2024-07-09T21:53:56
1275,542,SESSION_END,732,family,Oracle_1,False,2024-03-27T12:00:32,2024-03-27T12:12:44
1276,420,SESSION_END,668,general,Oracle_3,False,2024-09-06T20:06:26,2024-09-06T20:17:34
1277,40,SESSION_END,1156,career,Oracle_4,False,2024-02-15T08:58:54,2024-02-15T09:18:10
1278,788,COUNSELLING,720,general,Oracle_1,True,2024-06-23T09:19:12,2024-06-23T09:31:12
1279,578,COUNSELLING,458,general,Oracle_4,True,2025-03-19T21:22:50,2025-03-19T21:30:28
1280,290,WRAP_UP,486,self-growth,Oracle_4,False,2024-07-03T14:28:19,2024-07-03T14:36:25
1281,628,WRAP_UP,475,family,Oracle_5,False,2024-12-18T19:20:02,2024-12-18T19:27:57
1282,901,WRAP_UP,955,family,Oracle_2,False,2025-05-09T20:16:41,2025-05-09T20:32:36
1283,987,SESSION_END,932,anxiety,Oracle_2,False,2024-08-20T21:45:07,2024-08-20T22:00:39
1284,44,SESSION_END,990,anxiety,Oracle_2,False,2024-11-08T10:07:42,2024-11-08T10:24:12
1285,861,WRAP_UP,657,self-growth,Oracle_4,False,2024-12-17T07:42:11,2024-12-17T07:53:08
1286,976,WRAP_UP,1058,anxiety,Oracle_4,False,2024-09-10T05:17:06,2024-09-10T05:34:44
1287,137,SESSION_END,866,self-growth,Oracle_5,False,2024-05-31T03:38:34,2024-05-31T03:53:00
1288,373,WRAP_UP,1087,anxiety,Oracle_3,False,2024-10-18T03:05:18,2024-10-18T03:23:25
1289,219,COUNSELLING,1185,anxiety,Oracle_5,True,2024-08-21T06:22:32,2024-08-21T06:42:17
1290,423,COUNSELLING,1203,relationship,Oracle_5,True,2024-09-19T06:52:12,2024-09-19T07:12:15
1291,912,WRAP_UP,1231,career,Oracle_4,False,2024-06-09T08:34:05,2024-06-09T08:54:36
1292,582,COUNSELLING,1035,self-growth,Oracle_2,True,2025-03-13T13:51:58,2025-03-13T14:09:13
1293,657,SESSION_END,1061,anxiety,Oracle_2,False,2024-07-09T20:09:05,2024-07-09T20:26:46
1294,781,SESSION_END,1101,anxiety,Oracle_1,False,2024-03-16T09:24:55,2024-03-16T09:43:16
1295,88,COUNSELLING,1062,relationship,Oracle_3,True,2024-03-10T20:43:59,2024-03-10T21:01:41
1296,954,SESSION_END,849,family,Oracle_3,False,2024-06-14T10:49:43,2024-06-14T11:03:52
1297,861,WRAP_UP,695,relationship,Oracle_3,False,2025-01-04T00:16:11,2025-01-04T00:27:46
1298,721,SESSION_END,952,career,Oracle_2,False,2025-03-12T10:20:35,2025-03-12T10:36:27
1299,923,COUNSELLING,1463,career,Oracle_2,True,2024-11-14T04:59:12,2024-11-14T05:23:35
1300,576,WRAP_UP,1017,general,Oracle_1,False,2024-07-12T16:57:45,2024-07-12T17:14:42
1301,680,SESSION_END,1143,career,Oracle_4,False,2024-10-22T21:24:24,2024-10-22T21:43:27
1302,389,COUNSELLING,852,anxiety,Oracle_5,True,2024-01-16T11:58:18,2024-01-16T12:12:30
1303,705,SESSION_END,862,family,Oracle_5,False,2025-01-16T23:12:06,2025-01-16T23:26:28
1304,353,WRAP_UP,913,family,Oracle_2,False,2024-02-23T12:12:09,2024-02-23T12:27:22
1305,139,WRAP_UP,804,general,Oracle_3,False,2024-06-02T02:48:12,2024-06-02T03:01:36
1306,300,SESSION_END,791,self-growth,Oracle_5,False,2024-10-02T12:18:29,2024-10-02T12:31:40
1307,819,COUNSELLING,1121,anxiety,Oracle_3,True,2024-05-11T07:30:35,2024-05-11T07:49:16
1308,872,COUNSELLING,768,family,Oracle_5,True,2024-08-05T16:09:39,2024-08-05T16:22:27
1309,926,SESSION_END,1159,relationship,Oracle_3,False,2024-08-26T04:06:41,2024-08-26T04:26:00
1310,460,WRAP_UP,1007,anxiety,Oracle_4,False,2025-05-25T01:39:07,2025-05-25T01:55:54
1311,676,SESSION_END,1397,relationship,Oracle_1,False,2025-04-29T19:21:56,2025-04-29T19:45:13
1312,753,COUNSELLING,1124,general,Oracle_2,True,2024-10-22T16:13:26,2024-10-22T16:32:10
1313,927,SESSION_END,906,anxiety,Oracle_3,False,2024-10-18T09:09:10,2024-10-18T09:24:16
1314,376,WRAP_UP,570,general,Oracle_3,False,2024-11-12T06:39:56,2024-11-12T06:49:26
1315,136,SESSION_END,742,family,Oracle_1,False,2024-12-15T10:15:47,2024-12-15T10:28:09
1316,825,SESSION_END,851,self-growth,Oracle_2,False,2024-01-18T20:53:24,2024-01-18T21:07:35
1317,826,SESSION_END,939,relationship,Oracle_1,False,2024-07-03T00:58:51,2024-07-03T01:14:30
1318,885,COUNSELLING,1102,relationship,Oracle_3,True,2024-01-11T10:40:27,2024-01-11T10:58:49
1319,892,COUNSELLING,300,general,Oracle_3,True,2024-12-23T21:14:41,2024-12-23T21:19:41
1320,805,COUNSELLING,581,self-growth,Oracle_1,True,2024-04-04T17:50:31,2024-04-04T18:00:12
1321,722,COUNSELLING,1137,career,Oracle_1,True,2024-03-12T05:29:03,2024-03-12T05:48:00
1322,4,SESSION_END,877,anxiety,Oracle_1,False,2024-06-12T06:46:01,2024-06-12T07:00:38
1323,735,SESSION_END,888,relationship,Oracle_5,False,2025-01-19T17:04:05,2025-01-19T17:18:53
1324,724,SESSION_END,1159,career,Oracle_2,False,2024-12-09T17:06:08,2024-12-09T17:25:27
1325,520,COUNSELLING,1174,relationship,Oracle_5,True,2025-02-24T23:34:59,2025-02-24T23:54:33
1326,997,SESSION_END,1114,career,Oracle_2,False,2024-05-26T04:16:28,2024-05-26T04:35:02
1327,869,SESSION_END,1048,family,Oracle_3,False,2025-04-05T01:25:30,2025-04-05T01:42:58
1328,616,WRAP_UP,1202,anxiety,Oracle_4,False,2024-06-18T12:37:41,2024-06-18T12:57:43
1329,257,SESSION_END,604,family,Oracle_3,False,2024-07-14T11:26:05,2024-07-14T11:36:09
1330,773,COUNSELLING,706,career,Oracle_4,True,2024-02-18T18:21:34,2024-02-18T18:33:20
1331,353,COUNSELLING,847,self-growth,Oracle_1,True,2024-12-12T08:46:30,2024-12-12T09:00:37
1332,763,COUNSELLING,628,self-growth,Oracle_3,True,2025-04-01T19:41:54,2025-04-01T19:52:22
1333,715,SESSION_END,547,self-growth,Oracle_4,False,2024-09-04T19:47:01,2024-09-04T19:56:08
1334,367,WRAP_UP,704,self-growth,Oracle_3,False,2025-01-23T02:59:19,2025-01-23T03:11:03
1335,782,SESSION_END,976,anxiety,Oracle_4,False,2024-10-01T02:26:20,2024-10-01T02:42:36
1336,477,WRAP_UP,1081,anxiety,Oracle_4,False,2024-12-26T02:34:30,2024-12-26T02:52:31
1337,464,COUNSELLING,1140,career,Oracle_2,True,2024-01-20T00:20:12,2024-01-20T00:39:12
1338,808,SESSION_END,691,family,Oracle_3,False,2024-11-06T05:41:45,2024-11-06T05:53:16
1339,15,SESSION_END,1241,anxiety,Oracle_1,False,2024-06-17T13:03:26,2024-06-17T13:24:07
1340,17,WRAP_UP,1352,anxiety,Oracle_2,False,2024-09-19T00:00:41,2024-09-19T00:23:13
1341,23,WRAP_UP,1148,anxiety,Oracle_2,False,2024-08-03T16:08:11,2024-08-03T16:27:19
1342,195,WRAP_UP,616,anxiety,Oracle_4,False,2024-12-02T05:01:30,2024-12-02T05:11:46
1343,971,SESSION_END,1082,career,Oracle_4,False,2024-09-08T02:25:21,2024-09-08T02:43:23
1344,623,COUNSELLING,975,family,Oracle_4,True,2025-02-06T22:26:15,2025-02-06T22:42:30
1345,823,SESSION_END,1412,career,Oracle_3,False,2024-09-19T23:35:53,2024-09-19T23:59:25
1346,701,SESSION_END,644,general,Oracle_2,False,2025-04-10T08:19:42,2025-04-10T08:30:26
1347,543,WRAP_UP,1040,family,Oracle_5,False,2024-10-14T01:14:17,2024-10-14T01:31:37
1348,994,COUNSELLING,585,anxiety,Oracle_3,True,2024-12-13T06:08:30,2024-12-13T06:18:15
1349,428,WRAP_UP,973,career,Oracle_4,False,2024-08-30T18:06:45,2024-08-30T18:22:58
1350,806,WRAP_UP,493,family,Oracle_2,False,2024-05-30T23:27:51,2024-05-30T23:36:04
1351,989,SESSION_END,828,family,Oracle_4,False,2024-07-12T11:32:35,2024-07-12T11:46:23
1352,577,WRAP_UP,695,anxiety,Oracle_1,False,2025-01-31T20:59:36,2025-01-31T21:11:11
1353,394,SESSION_END,920,career,Oracle_1,False,2024-07-25T14:44:09,2024-07-25T14:59:29
1354,461,WRAP_UP,919,anxiety,Oracle_3,False,2024-04-21T03:16:01,2024-04-21T03:31:20
1355,869,SESSION_END,900,relationship,Oracle_4,False,2025-04-27T01:48:05,2025-04-27T02:03:05
1356,576,WRAP_UP,1007,career,Oracle_3,False,2025-01-11T11:25:12,2025-01-11T11:41:59
1357,620,SESSION_END,980,general,Oracle_3,False,2024-04-03T11:43:05,2024-04-03T11:59:25
1358,752,SESSION_END,949,relationship,Oracle_5,False,2025-02-10T14:47:17,2025-02-10T15:03:06
1359,290,WRAP_UP,1020,career,Oracle_3,False,2024-08-19T14:25:20,2024-08-19T14:42:20
1360,210,SESSION_END,767,career,Oracle_4,False,2025-05-21T03:21:22,2025-05-21T03:34:09
1361,81,SESSION_END,714,family,Oracle_5,False,2024-05-01T22:17:23,2024-05-01T22:29:17
1362,455,COUNSELLING,964,family,Oracle_4,True,2024-07-31T11:22:47,2024-07-31T11:38:51
1363,283,WRAP_UP,1082,career,Oracle_1,False,2024-09-07T17:29:50,2024-09-07T17:47:52
1364,127,WRAP_UP,1279,relationship,Oracle_2,False,2024-10-13T11:20:25,2024-10-13T11:41:44
1365,323,SESSION_END,641,self-growth,Oracle_2,False,2024-11-03T05:21:25,2024-11-03T05:32:06
1366,335,SESSION_END,511,general,Oracle_3,False,2025-05-14T21:57:52,2025-05-14T22:06:23
1367,332,SESSION_END,770,general,Oracle_4,False,2024-04-12T10:10:28,2024-04-12T10:23:18
1368,66,COUNSELLING,974,relationship,Oracle_5,True,2024-03-20T10:08:17,2024-03-20T10:24:31
1369,168,WRAP_UP,1018,self-growth,Oracle_3,False,2024-11-16T12:12:01,2024-11-16T12:28:59
1370,769,SESSION_END,988,relationship,Oracle_4,False,2025-02-11T12:43:54,2025-02-11T13:00:22
1371,658,SESSION_END,1045,anxiety,Oracle_3,False,2024-03-30T12:23:59,2024-03-30T12:41:24
1372,233,COUNSELLING,939,career,Oracle_1,True,2025-03-09T03:59:38,2025-03-09T04:15:17
1373,54,SESSION_END,781,self-growth,Oracle_2,False,2024-06-29T17:12:07,2024-06-29T17:25:08
1374,978,WRAP_UP,1147,career,Oracle_4,False,2024-10-27T23:59:40,2024-10-28T00:18:47
1375,20,WRAP_UP,1033,general,Oracle_5,False,2024-11-18T07:01:05,2024-11-18T07:18:18
1376,70,SESSION_END,1066,relationship,Oracle_2,False,2024-06-11T04:59:47,2024-06-11T05:17:33
1377,597,COUNSELLING,881,anxiety,Oracle_5,True,2024-10-12T22:13:16,2024-10-12T22:27:57
1378,921,SESSION_END,887,career,Oracle_1,False,2025-02-20T12:03:05,2025-02-20T12:17:52
1379,938,WRAP_UP,820,self-growth,Oracle_2,False,2024-10-28T16:40:10,2024-10-28T16:53:50
1380,855,WRAP_UP,1332,career,Oracle_2,False,2024-09-16T19:15:58,2024-09-16T19:38:10
1381,335,WRAP_UP,692,family,Oracle_5,False,2025-05-20T23:08:12,2025-05-20T23:19:44
1382,789,SESSION_END,1024,anxiety,Oracle_4,False,2024-02-02T08:36:01,2024-02-02T08:53:05
1383,824,SESSION_END,1100,relationship,Oracle_2,False,2024-08-19T22:29:23,2024-08-19T22:47:43
1384,908,WRAP_UP,967,general,Oracle_1,False,2024-12-26T05:28:53,2024-12-26T05:45:00
1385,664,WRAP_UP,849,self-growth,Oracle_2,False,2024-01-10T14:24:48,2024-01-10T14:38:57
1386,850,SESSION_END,1182,career,Oracle_4,False,2025-01-23T01:04:59,2025-01-23T01:24:41
1387,738,WRAP_UP,803,family,Oracle_4,False,2025-01-16T21:37:17,2025-01-16T21:50:40
1388,575,SESSION_END,648,general,Oracle_5,False,2024-03-01T07:57:02,2024-03-01T08:07:50
1389,110,SESSION_END,1322,relationship,Oracle_3,False,2024-01-01T00:10:36,2024-01-01T00:32:38
1390,456,SESSION_END,581,anxiety,Oracle_1,False,2024-03-16T12:32:54,2024-03-16T12:42:35
1391,377,WRAP_UP,1130,career,Oracle_4,False,2024-08-05T11:10:51,2024-08-05T11:29:41
1392,670,SESSION_END,827,relationship,Oracle_3,False,2024-04-03T06:23:18,2024-04-03T06:37:05
1393,146,SESSION_END,1107,family,Oracle_4,False,2024-01-24T14:05:35,2024-01-24T14:24:02
1394,179,COUNSELLING,1215,relationship,Oracle_4,True,2024-07-01T09:02:30,2024-07-01T09:22:45
1395,891,WRAP_UP,680,general,Oracle_1,False,2025-01-07T14:43:19,2025-01-07T14:54:39
1396,749,COUNSELLING,1149,self-growth,Oracle_4,True,2024-02-20T14:37:43,2024-02-20T14:56:52
1397,695,COUNSELLING,583,anxiety,Oracle_2,True,2024-11-16T08:08:43,2024-11-16T08:18:26
1398,997,SESSION_END,1026,relationship,Oracle_1,False,2025-05-25T00:05:53,2025-05-25T00:22:59
1399,983,WRAP_UP,946,family,Oracle_2,False,2024-07-30T05:44:50,2024-07-30T06:00:36
1400,241,SESSION_END,990,self-growth,Oracle_1,False,2025-05-20T00:16:30,2025-05-20T00:33:00
1401,895,WRAP_UP,429,general,Oracle_1,False,2024-06-28T19:51:43,2024-06-28T19:58:52
1402,294,COUNSELLING,787,family,Oracle_4,True,2024-10-12T06:54:54,2024-10-12T07:08:01
1403,841,WRAP_UP,855,anxiety,Oracle_5,False,2025-03-03T23:49:58,2025-03-04T00:04:13
1404,150,WRAP_UP,738,family,Oracle_2,False,2024-11-12T03:03:38,2024-11-12T03:15:56
1405,595,WRAP_UP,972,anxiety,Oracle_5,False,2025-01-19T02:20:49,2025-01-19T02:37:01
1406,418,SESSION_END,787,family,Oracle_3,False,2025-04-12T16:55:29,2025-04-12T17:08:36
1407,907,WRAP_UP,1006,career,Oracle_2,False,2025-02-22T19:38:10,2025-02-22T19:54:56
1408,912,SESSION_END,846,relationship,Oracle_3,False,2025-04-10T02:18:07,2025-04-10T02:32:13
1409,554,SESSION_END,994,self-growth,Oracle_4,False,2024-06-08T20:37:42,2024-06-08T20:54:16
1410,84,SESSION_END,749,anxiety,Oracle_1,False,2025-02-07T13:27:55,2025-02-07T13:40:24
1411,590,SESSION_END,1000,relationship,Oracle_4,False,2024-09-17T02:59:00,2024-09-17T03:15:40
1412,120,WRAP_UP,597,family,Oracle_4,False,2025-03-01T23:51:43,2025-03-02T00:01:40
1413,536,SESSION_END,545,self-growth,Oracle_2,False,2024-03-23T15:56:10,2024-03-23T16:05:15
1414,656,SESSION_END,685,self-growth,Oracle_5,False,2024-01-01T11:06:44,2024-01-01T11:18:09
1415,820,SESSION_END,961,relationship,Oracle_3,False,2024-11-11T10:37:23,2024-11-11T10:53:24
1416,846,SESSION_END,979,career,Oracle_1,False,2024-05-28T08:37:14,2024-05-28T08:53:33
1417,17,SESSION_END,1155,relationship,Oracle_1,False,2024-02-25T09:48:08,2024-02-25T10:07:23
1418,260,WRAP_UP,1278,anxiety,Oracle_4,False,2024-10-04T16:32:57,2024-10-04T16:54:15
1419,11,WRAP_UP,735,self-growth,Oracle_5,False,2024-11-28T20:15:50,2024-11-28T20:28:05
1420,604,SESSION_END,1048,anxiety,Oracle_1,False,2025-01-16T15:07:10,2025-01-16T15:24:38
1421,512,WRAP_UP,778,family,Oracle_5,False,2024-10-25T01:43:00,2024-10-25T01:55:58
1422,789,WRAP_UP,641,relationship,Oracle_1,False,2025-01-15T20:00:43,2025-01-15T20:11:24
1423,390,SESSION_END,772,relationship,Oracle_2,False,2024-03-05T10:34:25,2024-03-05T10:47:17
1424,742,SESSION_END,879,self-growth,Oracle_4,False,2024-12-19T03:57:54,2024-12-19T04:12:33
1425,768,WRAP_UP,1068,family,Oracle_2,False,2024-12-16T10:57:31,2024-12-16T11:15:19
1426,629,COUNSELLING,996,anxiety,Oracle_5,True,2024-04-09T17:15:14,2024-04-09T17:31:50
1427,884,WRAP_UP,954,self-growth,Oracle_5,False,2024-08-01T09:32:46,2024-08-01T09:48:40
1428,398,SESSION_END,773,general,Oracle_5,False,2024-07-15T16:04:13,2024-07-15T16:17:06
1429,121,SESSION_END,976,self-growth,Oracle_1,False,2024-05-06T09:48:31,2024-05-06T10:04:47
1430,298,SESSION_END,623,general,Oracle_1,False,2024-04-30T05:36:36,2024-04-30T05:46:59
1431,204,SESSION_END,709,anxiety,Oracle_2,False,2025-05-22T21:02:55,2025-05-22T21:14:44
1432,792,COUNSELLING,1174,anxiety,Oracle_2,True,2024-05-21T21:21:39,2024-05-21T21:41:13
1433,349,WRAP_UP,868,self-growth,Oracle_1,False,2024-03-31T04:03:57,2024-03-31T04:18:25
1434,169,COUNSELLING,1354,career,Oracle_5,True,2025-04-15T01:51:25,2025-04-15T02:13:59
1435,25,WRAP_UP,1202,anxiety,Oracle_5,False,2024-10-13T01:23:29,2024-10-13T01:43:31
1436,109,WRAP_UP,991,anxiety,Oracle_5,False,2024-12-04T21:03:21,2024-12-04T21:19:52
1437,719,COUNSELLING,1309,anxiety,Oracle_3,True,2025-05-31T06:56:57,2025-05-31T07:18:46
1438,487,SESSION_END,1173,anxiety,Oracle_1,False,2024-04-16T19:41:39,2024-04-16T20:01:12
1439,25,COUNSELLING,1191,career,Oracle_5,True,2025-05-27T12:43:06,2025-05-27T13:02:57
1440,383,SESSION_END,842,general,Oracle_2,False,2025-05-24T17:37:24,2025-05-24T17:51:26
1441,597,COUNSELLING,1090,anxiety,Oracle_2,True,2024-08-21T06:48:04,2024-08-21T07:06:14
1442,765,WRAP_UP,873,self-growth,Oracle_5,False,2024-02-16T14:22:08,2024-02-16T14:36:41
1443,808,COUNSELLING,886,relationship,Oracle_3,True,2024-01-07T21:06:56,2024-01-07T21:21:42
1444,902,SESSION_END,910,career,Oracle_2,False,2025-01-08T03:06:11,2025-01-08T03:21:21
1445,194,WRAP_UP,867,self-growth,Oracle_5,False,2025-03-05T13:16:25,2025-03-05T13:30:52
1446,880,COUNSELLING,1139,relationship,Oracle_5,True,2024-04-08T14:37:24,2024-04-08T14:56:23
1447,149,SESSION_END,882,relationship,Oracle_3,False,2024-11-17T04:21:33,2024-11-17T04:36:15
1448,961,WRAP_UP,1079,career,Oracle_4,False,2024-02-16T08:23:08,2024-02-16T08:41:07
1449,44,SESSION_END,1013,family,Oracle_4,False,2024-10-17T05:56:30,2024-10-17T06:13:23
1450,461,SESSION_END,1021,general,Oracle_4,False,2024-04-08T21:32:06,2024-04-08T21:49:07
1451,630,SESSION_END,733,general,Oracle_1,False,2025-01-21T03:14:23,2025-01-21T03:26:36
1452,444,COUNSELLING,962,general,Oracle_5,True,2024-02-21T12:33:17,2024-02-21T12:49:19
1453,87,SESSION_END,848,self-growth,Oracle_4,False,2024-08-03T10:54:49,2024-08-03T11:08:57
1454,288,WRAP_UP,903,anxiety,Oracle_5,False,2024-08-23T17:35:31,2024-08-23T17:50:34
1455,620,WRAP_UP,702,family,Oracle_5,False,2025-04-02T22:12:55,2025-04-02T22:24:37
1456,946,SESSION_END,825,self-growth,Oracle_3,False,2024-12-30T12:54:35,2024-12-30T13:08:20
1457,94,WRAP_UP,568,self-growth,Oracle_3,False,2024-02-18T21:10:54,2024-02-18T21:20:22
1458,645,WRAP_UP,843,family,Oracle_5,False,2025-04-06T17:02:58,2025-04-06T17:17:01
1459,234,WRAP_UP,1115,family,Oracle_3,False,2024-09-27T16:45:25,2024-09-27T17:04:00
1460,197,WRAP_UP,757,family,Oracle_3,False,2024-08-04T08:01:44,2024-08-04T08:14:21
1461,613,SESSION_END,1008,anxiety,Oracle_3,False,2024-04-18T04:19:26,2024-04-18T04:36:14
1462,195,WRAP_UP,422,self-growth,Oracle_4,False,2024-06-07T19:29:39,2024-06-07T19:36:41
1463,596,COUNSELLING,655,general,Oracle_2,True,2025-05-11T00:16:49,2025-05-11T00:27:44
1464,211,WRAP_UP,316,general,Oracle_4,False,2024-05-22T04:49:05,2024-05-22T04:54:21
1465,384,WRAP_UP,1342,career,Oracle_2,False,2024-09-22T04:08:48,2024-09-22T04:31:10
1466,261,COUNSELLING,628,general,Oracle_4,True,2024-04-06T15:31:47,2024-04-06T15:42:15
1467,833,SESSION_END,1054,general,Oracle_4,False,2024-07-16T22:01:07,2024-07-16T22:18:41
1468,466,WRAP_UP,868,general,Oracle_5,False,2025-01-31T23:56:15,2025-02-01T00:10:43
1469,431,WRAP_UP,979,career,Oracle_4,False,2024-03-24T22:44:30,2024-03-24T23:00:49
1470,448,SESSION_END,792,anxiety,Oracle_1,False,2024-05-20T16:02:12,2024-05-20T16:15:24
1471,371,COUNSELLING,1106,relationship,Oracle_3,True,2025-02-19T17:16:23,2025-02-19T17:34:49
1472,131,WRAP_UP,1060,relationship,Oracle_1,False,2024-06-08T03:28:39,2024-06-08T03:46:19
1473,913,SESSION_END,1259,self-growth,Oracle_3,False,2024-08-03T06:53:39,2024-08-03T07:14:38
1474,441,WRAP_UP,1493,career,Oracle_3,False,2025-03-05T05:30:18,2025-03-05T05:55:11
1475,861,COUNSELLING,975,career,Oracle_2,True,2024-06-19T18:43:00,2024-06-19T18:59:15
1476,826,SESSION_END,902,anxiety,Oracle_1,False,2024-05-04T13:59:38,2024-05-04T14:14:40
1477,585,WRAP_UP,877,self-growth,Oracle_4,False,2024-07-10T05:22:09,2024-07-10T05:36:46
1478,227,SESSION_END,1043,career,Oracle_2,False,2024-05-14T19:04:40,2024-05-14T19:22:03
1479,287,COUNSELLING,918,relationship,Oracle_4,True,2025-04-10T19:31:21,2025-04-10T19:46:39
1480,457,SESSION_END,951,career,Oracle_4,False,2024-11-13T07:38:13,2024-11-13T07:54:04
1481,454,WRAP_UP,1336,career,Oracle_5,False,2024-01-18T21:14:48,2024-01-18T21:37:04
1482,784,WRAP_UP,631,family,Oracle_5,False,2024-12-05T03:45:04,2024-12-05T03:55:35
1483,351,COUNSELLING,702,family,Oracle_5,True,2024-12-09T11:00:33,2024-12-09T11:12:15
1484,211,COUNSELLING,890,family,Oracle_5,True,2024-03-01T02:02:17,2024-03-01T02:17:07
1485,858,SESSION_END,872,self-growth,Oracle_3,False,2024-09-01T01:19:55,2024-09-01T01:34:27
1486,415,WRAP_UP,767,family,Oracle_4,False,2024-06-28T08:12:13,2024-06-28T08:25:00
1487,615,SESSION_END,915,anxiety,Oracle_4,False,2024-01-17T23:51:35,2024-01-18T00:06:50
1488,586,SESSION_END,842,family,Oracle_4,False,2025-01-16T08:06:38,2025-01-16T08:20:40
1489,742,SESSION_END,789,anxiety,Oracle_3,False,2024-07-28T00:47:27,2024-07-28T01:00:36
1490,934,SESSION_END,970,family,Oracle_5,False,2024-06-19T05:00:19,2024-06-19T05:16:29
1491,661,SESSION_END,1035,general,Oracle_1,False,2024-10-10T04:06:42,2024-10-10T04:23:57
1492,779,COUNSELLING,681,career,Oracle_1,True,2024-05-03T07:22:58,2024-05-03T07:34:19
1493,631,WRAP_UP,1247,self-growth,Oracle_2,False,2024-12-17T22:24:42,2024-12-17T22:45:29
1494,301,WRAP_UP,1361,career,Oracle_2,False,2024-05-24T11:39:55,2024-05-24T12:02:36
1495,420,COUNSELLING,1270,family,Oracle_1,True,2025-04-27T07:14:50,2025-04-27T07:36:00
1496,587,SESSION_END,1005,self-growth,Oracle_5,False,2024-08-11T21:14:19,2024-08-11T21:31:04
1497,482,SESSION_END,1467,anxiety,Oracle_1,False,2025-04-13T01:55:05,2025-04-13T02:19:32
1498,69,SESSION_END,1074,relationship,Oracle_1,False,2025-02-18T17:36:41,2025-02-18T17:54:35
1499,798,WRAP_UP,940,anxiety,Oracle_2,False,2024-05-25T02:19:46,2024-05-25T02:35:26
1500,806,SESSION_END,906,relationship,Oracle_5,False,2024-07-30T12:44:16,2024-07-30T12:59:22
1501,833,SESSION_END,925,relationship,Oracle_2,False,2024-12-30T08:02:26,2024-12-30T08:17:51
1502,867,WRAP_UP,1214,career,Oracle_3,False,2025-03-21T17:36:34,2025-03-21T17:56:48
1503,474,SESSION_END,1112,career,Oracle_1,False,2025-04-15T16:51:33,2025-04-15T17:10:05
1504,69,COUNSELLING,844,anxiety,Oracle_4,True,2024-08-11T01:50:33,2024-08-11T02:04:37
1505,542,WRAP_UP,654,anxiety,Oracle_4,False,2025-02-11T19:39:21,2025-02-11T19:50:15
1506,986,WRAP_UP,739,self-growth,Oracle_5,False,2025-04-15T07:39:28,2025-04-15T07:51:47
1507,736,WRAP_UP,637,self-growth,Oracle_4,False,2025-01-25T19:26:35,2025-01-25T19:37:12
1508,130,WRAP_UP,989,relationship,Oracle_1,False,2024-08-19T19:21:55,2024-08-19T19:38:24
1509,619,WRAP_UP,838,anxiety,Oracle_1,False,2024-06-03T08:05:22,2024-06-03T08:19:20
1510,221,SESSION_END,1083,anxiety,Oracle_5,False,2024-12-15T11:29:51,2024-12-15T11:47:54
1511,810,COUNSELLING,894,self-growth,Oracle_1,True,2024-04-20T12:57:00,2024-04-20T13:11:54
1512,923,WRAP_UP,946,career,Oracle_4,False,2025-01-13T02:09:33,2025-01-13T02:25:19
1513,478,SESSION_END,638,self-growth,Oracle_2,False,2024-02-09T21:09:48,2024-02-09T21:20:26
1514,971,SESSION_END,1187,career,Oracle_3,False,2024-08-17T10:59:32,2024-08-17T11:19:19
1515,55,WRAP_UP,1207,family,Oracle_5,False,2024-03-01T16:19:37,2024-03-01T16:39:44
1516,302,WRAP_UP,635,family,Oracle_4,False,2024-02-01T11:25:47,2024-02-01T11:36:22
1517,70,WRAP_UP,1006,family,Oracle_2,False,2024-03-19T16:25:11,2024-03-19T16:41:57
1518,763,SESSION_END,783,self-growth,Oracle_5,False,2024-01-20T04:08:02,2024-01-20T04:21:05
1519,224,SESSION_END,669,self-growth,Oracle_4,False,2025-04-21T01:46:10,2025-04-21T01:57:19
1520,356,WRAP_UP,777,general,Oracle_5,False,2024-02-09T13:08:58,2024-02-09T13:21:55
1521,600,WRAP_UP,800,relationship,Oracle_5,False,2025-03-01T15:16:09,2025-03-01T15:29:29
1522,519,SESSION_END,1117,relationship,Oracle_3,False,2024-10-20T13:01:56,2024-10-20T13:20:33
1523,677,WRAP_UP,1049,self-growth,Oracle_1,False,2024-06-01T11:56:08,2024-06-01T12:13:37
1524,632,SESSION_END,1226,anxiety,Oracle_1,False,2024-02-02T12:55:01,2024-02-02T13:15:27
1525,311,SESSION_END,905,relationship,Oracle_4,False,2024-04-27T18:53:41,2024-04-27T19:08:46
1526,561,SESSION_END,784,general,Oracle_1,False,2024-01-01T10:34:09,2024-01-01T10:47:13
1527,168,WRAP_UP,1052,relationship,Oracle_4,False,2024-05-08T15:04:51,2024-05-08T15:22:23
1528,117,WRAP_UP,883,relationship,Oracle_3,False,2025-04-24T01:57:16,2025-04-24T02:11:59
1529,872,WRAP_UP,736,anxiety,Oracle_3,False,2024-09-13T18:49:41,2024-09-13T19:01:57
1530,540,WRAP_UP,1022,career,Oracle_2,False,2025-04-06T06:10:20,2025-04-06T06:27:22
1531,232,WRAP_UP,907,relationship,Oracle_4,False,2025-01-22T11:41:32,2025-01-22T11:56:39
1532,53,WRAP_UP,930,general,Oracle_2,False,2024-03-23T17:14:39,2024-03-23T17:30:09
1533,569,SESSION_END,1250,career,Oracle_1,False,2024-04-29T00:56:27,2024-04-29T01:17:17
1534,715,WRAP_UP,616,general,Oracle_4,False,2024-11-06T13:45:26,2024-11-06T13:55:42
1535,581,SESSION_END,1019,family,Oracle_1,False,2025-05-29T21:01:20,2025-05-29T21:18:19
1536,794,SESSION_END,1095,family,Oracle_4,False,2024-12-04T08:36:33,2024-12-04T08:54:48
1537,835,COUNSELLING,910,anxiety,Oracle_1,True,2024-10-14T16:23:07,2024-10-14T16:38:17
1538,316,WRAP_UP,1148,career,Oracle_5,False,2024-11-03T20:24:00,2024-11-03T20:43:08
1539,220,SESSION_END,897,anxiety,Oracle_3,False,2024-05-08T01:51:17,2024-05-08T02:06:14
1540,164,WRAP_UP,987,general,Oracle_1,False,2024-03-05T08:57:53,2024-03-05T09:14:20
1541,85,SESSION_END,1144,relationship,Oracle_2,False,2024-03-12T16:52:37,2024-03-12T17:11:41
1542,53,SESSION_END,1191,relationship,Oracle_3,False,2024-04-13T16:18:32,2024-04-13T16:38:23
1543,864,WRAP_UP,856,family,Oracle_3,False,2024-05-08T07:57:11,2024-05-08T08:11:27
1544,339,COUNSELLING,946,relationship,Oracle_1,True,2025-03-28T17:21:47,2025-03-28T17:37:33
1545,41,COUNSELLING,1032,general,Oracle_4,True,2024-10-30T14:14:09,2024-10-30T14:31:21
1546,111,SESSION_END,734,family,Oracle_3,False,2025-04-20T22:14:41,2025-04-20T22:26:55
1547,142,WRAP_UP,1210,relationship,Oracle_1,False,2025-02-03T22:16:20,2025-02-03T22:36:30
1548,509,WRAP_UP,1009,general,Oracle_4,False,2024-01-25T21:09:07,2024-01-25T21:25:56
1549,873,WRAP_UP,969,family,Oracle_3,False,2025-01-30T06:08:02,2025-01-30T06:24:11
1550,301,WRAP_UP,664,self-growth,Oracle_2,False,2024-11-20T15:31:04,2024-11-20T15:42:08
1551,814,SESSION_END,906,family,Oracle_1,False,2024-04-30T13:29:36,2024-04-30T13:44:42
1552,82,SESSION_END,1133,relationship,Oracle_1,False,2024-04-24T16:57:15,2024-04-24T17:16:08
1553,460,COUNSELLING,1447,career,Oracle_5,True,2024-09-05T12:18:27,2024-09-05T12:42:34
1554,245,WRAP_UP,992,self-growth,Oracle_5,False,2024-04-05T05:46:28,2024-04-05T06:03:00
1555,747,SESSION_END,951,general,Oracle_2,False,2024-10-09T21:21:14,2024-10-09T21:37:05
1556,401,SESSION_END,961,career,Oracle_3,False,2024-01-25T08:57:23,2024-01-25T09:13:24
1557,399,WRAP_UP,1030,career,Oracle_4,False,2024-09-08T07:57:38,2024-09-08T08:14:48
1558,137,WRAP_UP,731,family,Oracle_3,False,2025-05-26T09:33:19,2025-05-26T09:45:30
1559,982,SESSION_END,1069,general,Oracle_4,False,2024-07-13T15:31:46,2024-07-13T15:49:35
1560,96,WRAP_UP,976,anxiety,Oracle_1,False,2024-04-25T02:02:51,2024-04-25T02:19:07
1561,906,WRAP_UP,1560,career,Oracle_4,False,2024-05-20T05:00:17,2024-05-20T05:26:17
1562,40,WRAP_UP,903,relationship,Oracle_3,False,2025-04-22T14:08:12,2025-04-22T14:23:15
1563,346,COUNSELLING,1091,relationship,Oracle_2,True,2024-06-05T16:12:25,2024-06-05T16:30:36
1564,152,WRAP_UP,377,family,Oracle_4,False,2025-02-16T08:07:02,2025-02-16T08:13:19
1565,911,SESSION_END,300,general,Oracle_4,False,2024-01-31T14:56:22,2024-01-31T15:01:22
1566,988,WRAP_UP,1034,self-growth,Oracle_4,False,2025-02-22T11:48:55,2025-02-22T12:06:09
1567,46,WRAP_UP,461,family,Oracle_4,False,2024-02-18T18:38:53,2024-02-18T18:46:34
1568,850,SESSION_END,684,anxiety,Oracle_5,False,2024-09-01T19:22:21,2024-09-01T19:33:45
1569,229,SESSION_END,1080,anxiety,Oracle_3,False,2025-03-26T03:51:03,2025-03-26T04:09:03
1570,405,COUNSELLING,628,family,Oracle_1,True,2024-06-27T00:59:10,2024-06-27T01:09:38
1571,228,SESSION_END,503,anxiety,Oracle_5,False,2024-07-31T12:55:14,2024-07-31T13:03:37
1572,834,SESSION_END,934,general,Oracle_3,False,2025-01-24T17:19:55,2025-01-24T17:35:29
1573,788,WRAP_UP,858,general,Oracle_5,False,2025-05-28T15:18:45,2025-05-28T15:33:03
1574,295,WRAP_UP,1010,relationship,Oracle_3,False,2025-03-11T13:13:31,2025-03-11T13:30:21
1575,182,SESSION_END,687,general,Oracle_2,False,2025-05-17T10:01:37,2025-05-17T10:13:04
1576,970,COUNSELLING,885,anxiety,Oracle_3,True,2024-04-10T21:05:29,2024-04-10T21:20:14
1577,174,WRAP_UP,464,self-growth,Oracle_2,False,2024-06-07T12:34:31,2024-06-07T12:42:15
1578,371,WRAP_UP,1240,relationship,Oracle_5,False,2024-08-28T09:21:24,2024-08-28T09:42:04
1579,709,SESSION_END,1124,general,Oracle_2,False,2024-01-03T14:02:32,2024-01-03T14:21:16
1580,68,SESSION_END,856,family,Oracle_3,False,2024-12-16T12:41:06,2024-12-16T12:55:22
1581,125,WRAP_UP,491,general,Oracle_3,False,2025-04-22T04:36:44,2025-04-22T04:44:55
1582,805,SESSION_END,1004,relationship,Oracle_2,False,2024-10-01T08:52:26,2024-10-01T09:09:10
1583,398,WRAP_UP,1072,career,Oracle_1,False,2025-04-26T20:00:44,2025-04-26T20:18:36
1584,65,COUNSELLING,705,career,Oracle_5,True,2024-05-04T12:57:03,2024-05-04T13:08:48
1585,835,WRAP_UP,1176,self-growth,Oracle_1,False,2024-09-29T22:14:46,2024-09-29T22:34:22
1586,349,WRAP_UP,941,anxiety,Oracle_5,False,2024-03-21T10:40:23,2024-03-21T10:56:04
1587,795,SESSION_END,793,anxiety,Oracle_1,False,2025-03-31T10:26:22,2025-03-31T10:39:35
1588,1000,WRAP_UP,681,self-growth,Oracle_4,False,2025-03-08T23:45:57,2025-03-08T23:57:18
1589,397,SESSION_END,944,family,Oracle_1,False,2024-05-26T02:04:30,2024-05-26T02:20:14
1590,585,COUNSELLING,867,family,Oracle_3,True,2025-05-31T04:40:24,2025-05-31T04:54:51
1591,665,SESSION_END,1290,family,Oracle_2,False,2024-03-07T04:42:50,2024-03-07T05:04:20
1592,864,SESSION_END,944,relationship,Oracle_2,False,2025-04-05T12:11:12,2025-04-05T12:26:56
1593,485,WRAP_UP,1226,anxiety,Oracle_3,False,2025-05-10T14:40:43,2025-05-10T15:01:09
1594,252,WRAP_UP,1149,family,Oracle_1,False,2024-08-15T22:19:44,2024-08-15T22:38:53
1595,880,COUNSELLING,859,relationship,Oracle_3,True,2024-04-16T08:21:50,2024-04-16T08:36:09
1596,836,WRAP_UP,1450,anxiety,Oracle_4,False,2024-09-21T00:57:47,2024-09-21T01:21:57
1597,77,WRAP_UP,659,general,Oracle_1,False,2024-01-18T15:45:34,2024-01-18T15:56:33
1598,292,COUNSELLING,1057,family,Oracle_2,True,2024-03-13T07:04:01,2024-03-13T07:21:38
1599,954,SESSION_END,661,general,Oracle_3,False,2024-07-24T05:02:31,2024-07-24T05:13:32
1600,326,COUNSELLING,1087,relationship,Oracle_5,True,2024-06-13T21:45:14,2024-06-13T22:03:21
1601,820,WRAP_UP,892,relationship,Oracle_1,False,2025-02-24T10:40:52,2025-02-24T10:55:44
1602,832,WRAP_UP,1153,self-growth,Oracle_3,False,2025-03-05T00:51:44,2025-03-05T01:10:57
1603,103,SESSION_END,804,anxiety,Oracle_3,False,2024-03-13T05:02:21,2024-03-13T05:15:45
1604,276,COUNSELLING,1219,self-growth,Oracle_1,True,2024-02-23T09:32:50,2024-02-23T09:53:09
1605,972,COUNSELLING,765,general,Oracle_4,True,2024-10-07T11:55:03,2024-10-07T12:07:48
1606,555,SESSION_END,982,relationship,Oracle_3,False,2024-03-04T16:45:22,2024-03-04T17:01:44
1607,173,SESSION_END,1114,career,Oracle_2,False,2024-06-18T15:36:15,2024-06-18T15:54:49
1608,174,SESSION_END,812,self-growth,Oracle_1,False,2024-11-12T20:00:09,2024-11-12T20:13:41
1609,698,SESSION_END,572,general,Oracle_2,False,2024-11-29T18:37:10,2024-11-29T18:46:42
1610,628,WRAP_UP,846,self-growth,Oracle_2,False,2024-09-24T09:37:05,2024-09-24T09:51:11
1611,415,WRAP_UP,686,general,Oracle_4,False,2024-04-06T19:37:19,2024-04-06T19:48:45
1612,262,SESSION_END,1114,self-growth,Oracle_4,False,2024-03-30T00:29:55,2024-03-30T00:48:29
1613,605,SESSION_END,814,career,Oracle_1,False,2025-03-26T15:47:19,2025-03-26T16:00:53
1614,991,SESSION_END,670,self-growth,Oracle_2,False,2024-06-28T07:27:40,2024-06-28T07:38:50
1615,763,WRAP_UP,1114,relationship,Oracle_5,False,2024-03-28T11:16:07,2024-03-28T11:34:41
1616,3,SESSION_END,944,self-growth,Oracle_4,False,2024-01-11T16:30:12,2024-01-11T16:45:56
1617,110,SESSION_END,1074,family,Oracle_3,False,2024-04-05T17:26:15,2024-04-05T17:44:09
1618,333,WRAP_UP,1190,anxiety,Oracle_2,False,2024-12-10T09:47:40,2024-12-10T10:07:30
1619,879,COUNSELLING,740,self-growth,Oracle_2,True,2025-05-29T10:13:59,2025-05-29T10:26:19
1620,502,WRAP_UP,1042,anxiety,Oracle_3,False,2024-02-08T00:11:06,2024-02-08T00:28:28
1621,4,SESSION_END,1034,anxiety,Oracle_5,False,2024-12-22T07:40:31,2024-12-22T07:57:45
1622,297,WRAP_UP,768,career,Oracle_3,False,2024-04-19T06:47:53,2024-04-19T07:00:41
1623,287,SESSION_END,805,career,Oracle_5,False,2024-02-20T17:11:15,2024-02-20T17:24:40
1624,466,SESSION_END,956,family,Oracle_2,False,2024-12-15T00:21:43,2024-12-15T00:37:39
1625,705,WRAP_UP,871,family,Oracle_2,False,2024-12-06T07:19:18,2024-12-06T07:33:49
1626,18,WRAP_UP,1367,career,Oracle_5,False,2024-06-19T00:05:10,2024-06-19T00:27:57
1627,522,SESSION_END,818,self-growth,Oracle_1,False,2024-07-16T22:01:28,2024-07-16T22:15:06
1628,279,WRAP_UP,1031,self-growth,Oracle_1,False,2024-11-09T13:47:17,2024-11-09T14:04:28
1629,65,SESSION_END,728,general,Oracle_5,False,2024-07-08T17:58:25,2024-07-08T18:10:33
1630,877,SESSION_END,882,general,Oracle_4,False,2025-05-02T09:48:29,2025-05-02T10:03:11
1631,542,COUNSELLING,1359,relationship,Oracle_4,True,2025-03-06T04:55:46,2025-03-06T05:18:25
1632,582,COUNSELLING,941,family,Oracle_2,True,2024-05-30T05:35:38,2024-05-30T05:51:19
1633,112,WRAP_UP,837,self-growth,Oracle_2,False,2025-03-31T07:25:03,2025-03-31T07:39:00
1634,644,WRAP_UP,1321,anxiety,Oracle_4,False,2024-03-15T15:14:46,2024-03-15T15:36:47
1635,484,COUNSELLING,721,general,Oracle_3,True,2024-09-18T02:15:08,2024-09-18T02:27:09
1636,483,WRAP_UP,1201,career,Oracle_4,False,2024-06-25T18:21:19,2024-06-25T18:41:20
1637,981,COUNSELLING,949,general,Oracle_2,True,2024-04-16T09:47:08,2024-04-16T10:02:57
1638,421,WRAP_UP,1139,relationship,Oracle_1,False,2025-02-19T12:45:47,2025-02-19T13:04:46
1639,106,WRAP_UP,812,self-growth,Oracle_2,False,2024-06-15T15:11:55,2024-06-15T15:25:27
1640,380,COUNSELLING,881,relationship,Oracle_5,True,2024-01-10T02:03:47,2024-01-10T02:18:28
1641,419,WRAP_UP,1089,relationship,Oracle_5,False,2024-07-02T20:35:06,2024-07-02T20:53:15
1642,122,SESSION_END,964,relationship,Oracle_4,False,2024-02-04T07:23:55,2024-02-04T07:39:59
1643,706,SESSION_END,1107,family,Oracle_4,False,2024-06-17T01:12:56,2024-06-17T01:31:23
1644,909,COUNSELLING,796,family,Oracle_5,True,2025-01-26T05:39:25,2025-01-26T05:52:41
1645,235,WRAP_UP,565,general,Oracle_5,False,2024-12-17T08:31:24,2024-12-17T08:40:49
1646,713,COUNSELLING,699,career,Oracle_5,True,2024-03-16T17:44:24,2024-03-16T17:56:03
1647,22,SESSION_END,904,self-growth,Oracle_2,False,2024-02-05T02:40:00,2024-02-05T02:55:04
1648,201,COUNSELLING,1008,career,Oracle_4,True,2024-08-17T03:11:52,2024-08-17T03:28:40
1649,63,SESSION_END,1155,self-growth,Oracle_3,False,2024-06-07T13:53:07,2024-06-07T14:12:22
1650,643,WRAP_UP,963,family,Oracle_1,False,2024-04-29T13:27:12,2024-04-29T13:43:15
1651,854,SESSION_END,1165,career,Oracle_4,False,2024-05-16T00:01:16,2024-05-16T00:20:41
1652,112,SESSION_END,1067,relationship,Oracle_2,False,2024-02-26T20:47:23,2024-02-26T21:05:10
1653,426,SESSION_END,995,relationship,Oracle_5,False,2025-03-07T01:54:00,2025-03-07T02:10:35
1654,973,WRAP_UP,961,general,Oracle_2,False,2024-12-17T21:33:37,2024-12-17T21:49:38
1655,849,SESSION_END,921,general,Oracle_4,False,2025-04-19T12:54:36,2025-04-19T13:09:57
1656,286,SESSION_END,839,family,Oracle_2,False,2024-01-16T13:20:39,2024-01-16T13:34:38
1657,416,WRAP_UP,1265,family,Oracle_2,False,2024-03-30T14:14:00,2024-03-30T14:35:05
1658,923,SESSION_END,840,relationship,Oracle_4,False,2025-03-11T00:21:55,2025-03-11T00:35:55
1659,405,SESSION_END,959,self-growth,Oracle_2,False,2024-06-29T01:04:23,2024-06-29T01:20:22
1660,247,SESSION_END,1061,relationship,Oracle_5,False,2024-07-06T13:47:17,2024-07-06T14:04:58
1661,566,SESSION_END,1009,relationship,Oracle_2,False,2024-04-15T18:34:41,2024-04-15T18:51:30
1662,46,SESSION_END,1139,anxiety,Oracle_2,False,2024-04-18T12:25:42,2024-04-18T12:44:41
1663,716,COUNSELLING,969,self-growth,Oracle_5,True,2024-11-23T20:55:55,2024-11-23T21:12:04
1664,83,WRAP_UP,1013,self-growth,Oracle_3,False,2024-05-07T21:00:43,2024-05-07T21:17:36
1665,868,COUNSELLING,933,family,Oracle_1,True,2025-05-31T10:18:04,2025-05-31T10:33:37
1666,884,COUNSELLING,493,self-growth,Oracle_2,True,2024-09-07T11:46:21,2024-09-07T11:54:34
1667,776,SESSION_END,952,self-growth,Oracle_4,False,2024-03-17T07:42:37,2024-03-17T07:58:29
1668,803,SESSION_END,784,general,Oracle_5,False,2025-05-04T23:49:20,2025-05-05T00:02:24
1669,27,COUNSELLING,721,self-growth,Oracle_5,True,2024-03-30T10:41:32,2024-03-30T10:53:33
1670,662,WRAP_UP,1055,family,Oracle_1,False,2024-05-03T17:05:27,2024-05-03T17:23:02
1671,559,WRAP_UP,1083,career,Oracle_2,False,2024-02-29T11:59:59,2024-02-29T12:18:02
1672,180,SESSION_END,1136,family,Oracle_4,False,2024-08-31T23:30:09,2024-08-31T23:49:05
1673,481,WRAP_UP,1286,relationship,Oracle_3,False,2024-01-03T04:06:48,2024-01-03T04:28:14
1674,908,WRAP_UP,1184,career,Oracle_3,False,2024-03-09T21:16:28,2024-03-09T21:36:12
1675,742,SESSION_END,506,general,Oracle_4,False,2024-07-02T03:39:49,2024-07-02T03:48:15
1676,153,WRAP_UP,1044,family,Oracle_1,False,2024-10-14T01:12:54,2024-10-14T01:30:18
1677,375,WRAP_UP,867,family,Oracle_4,False,2024-01-31T14:01:18,2024-01-31T14:15:45
1678,55,WRAP_UP,708,anxiety,Oracle_5,False,2025-04-12T16:00:15,2025-04-12T16:12:03
1679,572,SESSION_END,1008,anxiety,Oracle_2,False,2025-02-12T10:01:44,2025-02-12T10:18:32
1680,129,COUNSELLING,676,relationship,Oracle_1,True,2024-02-06T11:53:37,2024-02-06T12:04:53
1681,887,SESSION_END,1302,anxiety,Oracle_3,False,2024-01-04T20:40:47,2024-01-04T21:02:29
1682,641,SESSION_END,557,self-growth,Oracle_4,False,2025-03-01T05:43:24,2025-03-01T05:52:41
1683,511,WRAP_UP,1114,career,Oracle_1,False,2025-05-18T02:47:47,2025-05-18T03:06:21
1684,410,SESSION_END,773,family,Oracle_4,False,2024-04-19T21:46:08,2024-04-19T21:59:01
1685,634,SESSION_END,554,self-growth,Oracle_4,False,2024-08-26T20:09:07,2024-08-26T20:18:21
1686,305,COUNSELLING,1100,career,Oracle_2,True,2024-11-22T01:38:01,2024-11-22T01:56:21
1687,378,WRAP_UP,878,self-growth,Oracle_1,False,2024-07-14T14:49:22,2024-07-14T15:04:00
1688,474,WRAP_UP,1187,relationship,Oracle_4,False,2025-05-05T14:28:47,2025-05-05T14:48:34
1689,161,WRAP_UP,919,family,Oracle_2,False,2024-02-02T20:53:13,2024-02-02T21:08:32
1690,413,WRAP_UP,739,career,Oracle_5,False,2024-09-21T00:46:04,2024-09-21T00:58:23
1691,700,SESSION_END,1029,career,Oracle_4,False,2024-08-27T00:29:35,2024-08-27T00:46:44
1692,812,SESSION_END,703,family,Oracle_1,False,2024-06-24T10:27:17,2024-06-24T10:39:00
1693,378,SESSION_END,1217,career,Oracle_4,False,2024-04-14T06:40:23,2024-04-14T07:00:40
1694,625,COUNSELLING,699,self-growth,Oracle_1,True,2024-09-21T00:44:09,2024-09-21T00:55:48
1695,297,WRAP_UP,871,self-growth,Oracle_3,False,2024-06-11T06:52:16,2024-06-11T07:06:47
1696,199,WRAP_UP,1164,general,Oracle_4,False,2024-04-04T21:36:29,2024-04-04T21:55:53
1697,746,SESSION_END,1406,career,Oracle_5,False,2024-12-19T05:02:27,2024-12-19T05:25:53
1698,478,SESSION_END,1009,self-growth,Oracle_1,False,2025-02-26T19:56:23,2025-02-26T20:13:12
1699,622,SESSION_END,1049,career,Oracle_2,False,2024-06-17T09:06:51,2024-06-17T09:24:20
1700,415,SESSION_END,742,self-growth,Oracle_4,False,2024-01-31T10:56:55,2024-01-31T11:09:17
1701,876,SESSION_END,1259,relationship,Oracle_4,False,2025-01-27T03:45:55,2025-01-27T04:06:54
1702,777,SESSION_END,764,family,Oracle_5,False,2024-12-24T14:57:23,2024-12-24T15:10:07
1703,879,SESSION_END,1087,anxiety,Oracle_1,False,2024-01-21T15:17:12,2024-01-21T15:35:19
1704,601,WRAP_UP,1028,relationship,Oracle_5,False,2024-03-28T00:06:14,2024-03-28T00:23:22
1705,131,SESSION_END,726,general,Oracle_4,False,2025-01-01T19:48:25,2025-01-01T20:00:31
1706,271,SESSION_END,1034,self-growth,Oracle_1,False,2024-11-18T17:41:04,2024-11-18T17:58:18
1707,904,WRAP_UP,480,general,Oracle_1,False,2024-04-14T00:34:01,2024-04-14T00:42:01
1708,79,SESSION_END,1161,family,Oracle_5,False,2025-02-12T12:37:53,2025-02-12T12:57:14
1709,294,SESSION_END,1048,relationship,Oracle_1,False,2024-09-23T09:03:24,2024-09-23T09:20:52
1710,601,WRAP_UP,1384,career,Oracle_2,False,2024-05-31T05:34:53,2024-05-31T05:57:57
1711,835,COUNSELLING,898,self-growth,Oracle_1,True,2024-04-24T20:43:34,2024-04-24T20:58:32
1712,246,WRAP_UP,1225,anxiety,Oracle_1,False,2024-11-20T21:05:56,2024-11-20T21:26:21
1713,95,WRAP_UP,1069,family,Oracle_3,False,2024-02-03T06:50:45,2024-02-03T07:08:34
1714,646,WRAP_UP,1200,relationship,Oracle_4,False,2024-07-03T14:05:31,2024-07-03T14:25:31
1715,959,SESSION_END,870,anxiety,Oracle_4,False,2024-04-10T00:45:12,2024-04-10T00:59:42
1716,800,SESSION_END,1009,relationship,Oracle_5,False,2024-02-13T00:29:49,2024-02-13T00:46:38
1717,907,WRAP_UP,1204,career,Oracle_4,False,2024-01-22T04:20:26,2024-01-22T04:40:30
1718,158,WRAP_UP,782,self-growth,Oracle_1,False,2024-06-14T07:52:33,2024-06-14T08:05:35
1719,976,WRAP_UP,1289,career,Oracle_5,False,2024-11-29T19:55:49,2024-11-29T20:17:18
1720,564,SESSION_END,1027,career,Oracle_4,False,2025-01-12T00:15:11,2025-01-12T00:32:18
1721,435,SESSION_END,303,general,Oracle_3,False,2024-07-23T21:16:21,2024-07-23T21:21:24
1722,768,COUNSELLING,623,relationship,Oracle_5,True,2024-08-24T03:05:10,2024-08-24T03:15:33
1723,6,SESSION_END,639,general,Oracle_5,False,2025-03-03T10:06:56,2025-03-03T10:17:35
1724,140,COUNSELLING,1083,anxiety,Oracle_3,True,2024-06-30T13:22:06,2024-06-30T13:40:09
1725,630,COUNSELLING,993,self-growth,Oracle_5,True,2024-01-15T00:33:15,2024-01-15T00:49:48
1726,842,SESSION_END,1135,relationship,Oracle_3,False,2024-08-12T17:52:03,2024-08-12T18:10:58
1727,588,WRAP_UP,1404,career,Oracle_4,False,2024-05-08T15:01:37,2024-05-08T15:25:01
1728,775,WRAP_UP,706,general,Oracle_5,False,2025-04-30T01:13:25,2025-04-30T01:25:11
1729,828,WRAP_UP,1098,anxiety,Oracle_4,False,2025-04-11T06:36:08,2025-04-11T06:54:26
1730,92,WRAP_UP,469,general,Oracle_4,False,2025-03-25T22:33:14,2025-03-25T22:41:03
1731,653,WRAP_UP,566,general,Oracle_3,False,2025-01-23T16:50:51,2025-01-23T17:00:17
1732,584,SESSION_END,653,general,Oracle_2,False,2024-05-16T00:32:29,2024-05-16T00:43:22
1733,111,SESSION_END,1109,career,Oracle_4,False,2024-11-29T21:26:35,2024-11-29T21:45:04
1734,578,SESSION_END,826,general,Oracle_5,False,2024-11-12T18:17:56,2024-11-12T18:31:42
1735,717,WRAP_UP,1180,relationship,Oracle_4,False,2024-12-21T02:28:50,2024-12-21T02:48:30
1736,996,SESSION_END,1256,relationship,Oracle_3,False,2024-06-16T16:47:43,2024-06-16T17:08:39
1737,576,SESSION_END,704,self-growth,Oracle_2,False,2024-10-08T00:28:22,2024-10-08T00:40:06
1738,921,COUNSELLING,982,general,Oracle_1,True,2025-03-11T20:39:19,2025-03-11T20:55:41
1739,857,WRAP_UP,1304,family,Oracle_2,False,2024-04-01T12:02:58,2024-04-01T12:24:42
1740,924,WRAP_UP,736,self-growth,Oracle_1,False,2024-09-22T03:02:01,2024-09-22T03:14:17
1741,563,WRAP_UP,1031,career,Oracle_3,False,2025-05-28T08:24:57,2025-05-28T08:42:08
1742,96,WRAP_UP,688,general,Oracle_4,False,2024-09-24T17:59:54,2024-09-24T18:11:22
1743,646,SESSION_END,1248,relationship,Oracle_1,False,2024-11-26T20:21:16,2024-11-26T20:42:04
1744,689,SESSION_END,861,self-growth,Oracle_3,False,2025-02-14T12:02:25,2025-02-14T12:16:46
1745,586,SESSION_END,898,family,Oracle_4,False,2024-07-26T10:07:04,2024-07-26T10:22:02
1746,555,WRAP_UP,1270,career,Oracle_3,False,2025-01-30T09:01:49,2025-01-30T09:22:59
1747,642,SESSION_END,878,relationship,Oracle_5,False,2024-01-06T01:25:02,2024-01-06T01:39:40
1748,445,WRAP_UP,739,general,Oracle_1,False,2024-02-18T15:02:27,2024-02-18T15:14:46
1749,120,SESSION_END,1074,anxiety,Oracle_3,False,2025-04-20T06:27:13,2025-04-20T06:45:07
1750,844,COUNSELLING,1084,relationship,Oracle_4,True,2024-02-21T10:28:32,2024-02-21T10:46:36
1751,541,WRAP_UP,1267,relationship,Oracle_3,False,2024-02-26T19:51:12,2024-02-26T20:12:19
1752,56,SESSION_END,1096,anxiety,Oracle_5,False,2025-05-03T23:25:28,2025-05-03T23:43:44
1753,201,WRAP_UP,675,general,Oracle_2,False,2024-10-13T02:44:52,2024-10-13T02:56:07
1754,653,WRAP_UP,854,family,Oracle_4,False,2024-12-08T06:18:10,2024-12-08T06:32:24
1755,614,SESSION_END,851,family,Oracle_4,False,2024-04-18T12:45:55,2024-04-18T13:00:06
1756,782,SESSION_END,747,anxiety,Oracle_1,False,2024-09-24T14:53:11,2024-09-24T15:05:38
1757,569,WRAP_UP,961,relationship,Oracle_1,False,2024-10-25T15:05:58,2024-10-25T15:21:59
1758,165,SESSION_END,350,general,Oracle_1,False,2024-07-23T16:51:04,2024-07-23T16:56:54
1759,407,WRAP_UP,840,general,Oracle_4,False,2024-06-06T09:58:34,2024-06-06T10:12:34
1760,238,WRAP_UP,1073,relationship,Oracle_2,False,2024-10-04T23:20:48,2024-10-04T23:38:41
1761,208,WRAP_UP,1094,family,Oracle_4,False,2024-03-02T11:28:42,2024-03-02T11:46:56
1762,11,SESSION_END,1298,career,Oracle_1,False,2024-03-19T23:00:56,2024-03-19T23:22:34
1763,618,COUNSELLING,1393,career,Oracle_5,True,2024-07-03T20:08:16,2024-07-03T20:31:29
1764,686,COUNSELLING,1116,family,Oracle_5,True,2025-01-20T01:24:50,2025-01-20T01:43:26
1765,588,SESSION_END,915,family,Oracle_3,False,2025-02-27T11:03:20,2025-02-27T11:18:35
1766,315,SESSION_END,977,family,Oracle_3,False,2025-03-25T13:44:08,2025-03-25T14:00:25
1767,49,WRAP_UP,603,career,Oracle_4,False,2024-03-14T09:54:37,2024-03-14T10:04:40
1768,283,SESSION_END,865,family,Oracle_2,False,2024-12-16T21:01:07,2024-12-16T21:15:32
1769,699,WRAP_UP,805,family,Oracle_4,False,2024-04-20T02:50:41,2024-04-20T03:04:06
1770,759,SESSION_END,977,anxiety,Oracle_1,False,2024-05-24T23:22:37,2024-05-24T23:38:54
1771,15,WRAP_UP,1349,career,Oracle_1,False,2024-05-21T16:02:00,2024-05-21T16:24:29
1772,644,WRAP_UP,975,career,Oracle_5,False,2024-05-13T07:13:17,2024-05-13T07:29:32
1773,560,WRAP_UP,965,family,Oracle_2,False,2024-12-06T03:37:32,2024-12-06T03:53:37
1774,777,SESSION_END,662,anxiety,Oracle_2,False,2025-02-22T22:23:50,2025-02-22T22:34:52
1775,898,SESSION_END,381,relationship,Oracle_1,False,2024-11-13T05:35:49,2024-11-13T05:42:10
1776,347,WRAP_UP,960,career,Oracle_4,False,2024-01-18T19:14:06,2024-01-18T19:30:06
1777,805,WRAP_UP,465,self-growth,Oracle_4,False,2024-04-02T10:13:36,2024-04-02T10:21:21
1778,490,COUNSELLING,1102,self-growth,Oracle_2,True,2025-01-20T14:46:02,2025-01-20T15:04:24
1779,922,SESSION_END,982,anxiety,Oracle_4,False,2024-01-02T17:58:13,2024-01-02T18:14:35
1780,554,COUNSELLING,1112,career,Oracle_2,True,2024-05-12T18:33:27,2024-05-12T18:51:59
1781,230,SESSION_END,1011,self-growth,Oracle_3,False,2025-05-27T06:59:56,2025-05-27T07:16:47
1782,16,WRAP_UP,1003,family,Oracle_3,False,2024-03-22T11:29:41,2024-03-22T11:46:24
1783,415,COUNSELLING,980,general,Oracle_1,True,2024-05-15T07:35:52,2024-05-15T07:52:12
1784,585,WRAP_UP,1268,career,Oracle_5,False,2024-12-20T17:59:04,2024-12-20T18:20:12
1785,978,WRAP_UP,1045,relationship,Oracle_3,False,2025-02-24T20:57:30,2025-02-24T21:14:55
1786,803,SESSION_END,998,general,Oracle_1,False,2024-04-08T13:06:15,2024-04-08T13:22:53
1787,872,SESSION_END,769,family,Oracle_3,False,2025-04-09T15:40:58,2025-04-09T15:53:47
1788,520,WRAP_UP,686,family,Oracle_3,False,2025-04-15T09:09:29,2025-04-15T09:20:55
1789,867,SESSION_END,741,self-growth,Oracle_5,False,2024-12-16T23:20:56,2024-12-16T23:33:17
1790,520,SESSION_END,829,anxiety,Oracle_4,False,2025-05-23T14:58:10,2025-05-23T15:11:59
1791,94,SESSION_END,1060,family,Oracle_4,False,2024-10-30T07:22:35,2024-10-30T07:40:15
1792,201,SESSION_END,595,general,Oracle_5,False,2024-01-21T08:44:12,2024-01-21T08:54:07
1793,463,SESSION_END,970,family,Oracle_4,False,2025-05-02T15:23:38,2025-05-02T15:39:48
1794,507,WRAP_UP,703,general,Oracle_2,False,2025-02-24T23:10:46,2025-02-24T23:22:29
1795,878,WRAP_UP,401,general,Oracle_2,False,2024-04-29T13:11:22,2024-04-29T13:18:03
1796,328,WRAP_UP,708,general,Oracle_5,False,2024-01-30T15:43:31,2024-01-30T15:55:19
1797,326,WRAP_UP,652,self-growth,Oracle_3,False,2024-07-03T10:58:42,2024-07-03T11:09:34
1798,54,SESSION_END,602,self-growth,Oracle_3,False,2025-05-30T09:50:36,2025-05-30T10:00:38
1799,774,WRAP_UP,857,anxiety,Oracle_1,False,2024-01-24T19:03:42,2024-01-24T19:17:59
1800,172,SESSION_END,661,family,Oracle_3,False,2024-09-23T03:06:49,2024-09-23T03:17:50
1801,275,COUNSELLING,680,family,Oracle_2,True,2024-11-02T01:56:29,2024-11-02T02:07:49
1802,144,WRAP_UP,867,family,Oracle_2,False,2024-05-24T05:29:30,2024-05-24T05:43:57
1803,650,WRAP_UP,1232,career,Oracle_2,False,2024-06-21T14:03:18,2024-06-21T14:23:50
1804,560,WRAP_UP,354,general,Oracle_2,False,2024-11-10T11:54:10,2024-11-10T12:00:04
1805,267,WRAP_UP,1151,relationship,Oracle_2,False,2025-01-10T09:25:04,2025-01-10T09:44:15
1806,936,SESSION_END,1212,family,Oracle_5,False,2024-11-09T12:36:27,2024-11-09T12:56:39
1807,227,WRAP_UP,1157,self-growth,Oracle_1,False,2025-01-26T20:12:43,2025-01-26T20:32:00
1808,574,WRAP_UP,1077,self-growth,Oracle_4,False,2024-01-20T22:19:24,2024-01-20T22:37:21
1809,532,WRAP_UP,1074,family,Oracle_3,False,2025-01-13T20:39:41,2025-01-13T20:57:35
1810,845,SESSION_END,917,family,Oracle_5,False,2024-08-26T03:47:55,2024-08-26T04:03:12
1811,123,SESSION_END,927,self-growth,Oracle_5,False,2025-01-08T18:32:29,2025-01-08T18:47:56
1812,496,COUNSELLING,1096,career,Oracle_3,True,2025-02-09T02:15:30,2025-02-09T02:33:46
1813,596,SESSION_END,1303,career,Oracle_3,False,2024-11-02T10:35:10,2024-11-02T10:56:53
1814,91,SESSION_END,997,family,Oracle_3,False,2024-09-10T19:23:37,2024-09-10T19:40:14
1815,208,SESSION_END,742,relationship,Oracle_4,False,2024-11-21T19:44:35,2024-11-21T19:56:57
1816,746,COUNSELLING,1030,general,Oracle_4,True,2024-11-27T01:52:38,2024-11-27T02:09:48
1817,872,COUNSELLING,1052,family,Oracle_1,True,2024-04-26T06:21:30,2024-04-26T06:39:02
1818,291,COUNSELLING,980,relationship,Oracle_2,True,2024-10-01T20:25:09,2024-10-01T20:41:29
1819,468,SESSION_END,879,anxiety,Oracle_1,False,2025-03-12T02:51:00,2025-03-12T03:05:39
1820,620,WRAP_UP,610,self-growth,Oracle_3,False,2024-01-06T05:23:29,2024-01-06T05:33:39
1821,370,WRAP_UP,796,career,Oracle_5,False,2024-09-14T00:17:48,2024-09-14T00:31:04
1822,829,WRAP_UP,1202,anxiety,Oracle_5,False,2025-03-29T06:28:46,2025-03-29T06:48:48
1823,426,WRAP_UP,923,anxiety,Oracle_3,False,2025-01-17T16:48:53,2025-01-17T17:04:16
1824,523,WRAP_UP,1015,family,Oracle_3,False,2025-02-24T11:29:07,2025-02-24T11:46:02
1825,751,WRAP_UP,770,general,Oracle_3,False,2025-04-21T15:13:28,2025-04-21T15:26:18
1826,183,COUNSELLING,552,general,Oracle_1,True,2025-04-22T04:55:13,2025-04-22T05:04:25
1827,991,WRAP_UP,1065,relationship,Oracle_1,False,2024-01-05T20:38:57,2024-01-05T20:56:42
1828,44,WRAP_UP,1135,career,Oracle_2,False,2025-05-11T10:53:59,2025-05-11T11:12:54
1829,601,SESSION_END,942,self-growth,Oracle_3,False,2024-03-30T21:25:46,2024-03-30T21:41:28
1830,890,COUNSELLING,872,family,Oracle_3,True,2024-01-05T07:49:36,2024-01-05T08:04:08
1831,349,COUNSELLING,1040,anxiety,Oracle_2,True,2025-03-07T12:07:44,2025-03-07T12:25:04
1832,699,WRAP_UP,1291,relationship,Oracle_5,False,2025-02-07T17:56:32,2025-02-07T18:18:03
1833,632,WRAP_UP,1277,anxiety,Oracle_4,False,2024-06-21T11:58:26,2024-06-21T12:19:43
1834,460,WRAP_UP,1244,self-growth,Oracle_4,False,2025-05-14T13:06:10,2025-05-14T13:26:54
1835,154,COUNSELLING,679,self-growth,Oracle_3,True,2024-05-10T06:19:16,2024-05-10T06:30:35
1836,295,SESSION_END,1319,career,Oracle_2,False,2025-02-12T10:08:17,2025-02-12T10:30:16
1837,825,SESSION_END,1129,career,Oracle_2,False,2024-02-18T20:49:53,2024-02-18T21:08:42
1838,205,COUNSELLING,590,general,Oracle_1,True,2025-05-16T02:25:42,2025-05-16T02:35:32
1839,642,SESSION_END,881,family,Oracle_5,False,2024-03-10T18:56:37,2024-03-10T19:11:18
1840,251,SESSION_END,977,anxiety,Oracle_5,False,2024-06-07T10:02:04,2024-06-07T10:18:21
1841,475,COUNSELLING,1014,family,Oracle_1,True,2025-02-06T20:55:12,2025-02-06T21:12:06
1842,682,COUNSELLING,1154,anxiety,Oracle_3,True,2024-05-20T07:50:36,2024-05-20T08:09:50
1843,492,WRAP_UP,814,anxiety,Oracle_4,False,2024-04-15T09:00:34,2024-04-15T09:14:08
1844,159,WRAP_UP,660,general,Oracle_5,False,2024-04-20T15:22:53,2024-04-20T15:33:53
1845,93,WRAP_UP,503,general,Oracle_1,False,2024-07-06T06:13:25,2024-07-06T06:21:48
1846,402,SESSION_END,1217,relationship,Oracle_1,False,2024-12-07T09:33:16,2024-12-07T09:53:33
1847,661,COUNSELLING,825,anxiety,Oracle_2,True,2024-12-10T00:13:22,2024-12-10T00:27:07
1848,949,SESSION_END,757,general,Oracle_3,False,2024-01-23T17:34:05,2024-01-23T17:46:42
1849,187,COUNSELLING,1561,career,Oracle_4,True,2024-06-15T07:05:06,2024-06-15T07:31:07
1850,903,WRAP_UP,1018,career,Oracle_5,False,2024-09-10T22:52:38,2024-09-10T23:09:36
1851,78,SESSION_END,850,self-growth,Oracle_3,False,2025-05-22T10:45:40,2025-05-22T10:59:50
1852,720,SESSION_END,1260,career,Oracle_5,False,2024-09-05T17:01:46,2024-09-05T17:22:46
1853,963,SESSION_END,612,family,Oracle_2,False,2025-01-18T00:05:00,2025-01-18T00:15:12
1854,166,SESSION_END,979,anxiety,Oracle_3,False,2025-03-19T13:01:35,2025-03-19T13:17:54
1855,268,WRAP_UP,653,family,Oracle_4,False,2024-05-20T04:01:36,2024-05-20T04:12:29
1856,619,SESSION_END,513,general,Oracle_2,False,2025-03-19T13:01:01,2025-03-19T13:09:34
1857,451,COUNSELLING,875,relationship,Oracle_4,True,2025-04-07T20:18:09,2025-04-07T20:32:44
1858,778,SESSION_END,978,general,Oracle_4,False,2024-06-15T09:40:14,2024-06-15T09:56:32
1859,725,COUNSELLING,1360,family,Oracle_2,True,2025-02-07T01:50:03,2025-02-07T02:12:43
1860,134,COUNSELLING,994,career,Oracle_2,True,2024-03-17T13:13:28,2024-03-17T13:30:02
1861,813,SESSION_END,782,family,Oracle_3,False,2024-02-04T12:53:56,2024-02-04T13:06:58
1862,780,WRAP_UP,683,general,Oracle_5,False,2025-02-06T19:51:07,2025-02-06T20:02:30
1863,519,SESSION_END,608,general,Oracle_5,False,2024-10-16T02:10:41,2024-10-16T02:20:49
1864,366,WRAP_UP,840,career,Oracle_1,False,2024-02-17T06:54:15,2024-02-17T07:08:15
1865,207,WRAP_UP,1037,relationship,Oracle_5,False,2024-03-04T16:46:29,2024-03-04T17:03:46
1866,876,WRAP_UP,917,general,Oracle_3,False,2024-02-21T13:56:34,2024-02-21T14:11:51
1867,856,SESSION_END,1252,career,Oracle_2,False,2025-03-24T07:34:20,2025-03-24T07:55:12
1868,798,WRAP_UP,856,self-growth,Oracle_1,False,2025-05-30T18:00:47,2025-05-30T18:15:03
1869,95,COUNSELLING,831,family,Oracle_2,True,2025-02-01T04:49:56,2025-02-01T05:03:47
1870,59,SESSION_END,1116,general,Oracle_4,False,2025-03-23T19:39:20,2025-03-23T19:57:56
1871,482,WRAP_UP,1456,relationship,Oracle_4,False,2024-04-22T18:25:36,2024-04-22T18:49:52
1872,50,COUNSELLING,1128,self-growth,Oracle_1,True,2024-04-27T21:31:19,2024-04-27T21:50:07
1873,213,COUNSELLING,1019,career,Oracle_4,True,2024-12-23T13:26:53,2024-12-23T13:43:52
1874,478,COUNSELLING,553,self-growth,Oracle_5,True,2024-03-30T10:50:53,2024-03-30T11:00:06
1875,790,SESSION_END,994,self-growth,Oracle_2,False,2024-04-10T14:06:04,2024-04-10T14:22:38
1876,43,SESSION_END,1152,relationship,Oracle_2,False,2024-12-12T19:11:44,2024-12-12T19:30:56
1877,741,WRAP_UP,1021,family,Oracle_2,False,2025-04-28T21:04:38,2025-04-28T21:21:39
1878,38,WRAP_UP,845,family,Oracle_3,False,2024-10-22T09:00:00,2024-10-22T09:14:05
1879,214,COUNSELLING,845,general,Oracle_3,True,2025-05-31T15:10:44,2025-05-31T15:24:49
1880,796,COUNSELLING,981,general,Oracle_2,True,2024-08-07T01:41:58,2024-08-07T01:58:19
1881,103,WRAP_UP,942,relationship,Oracle_1,False,2024-09-18T21:02:10,2024-09-18T21:17:52
1882,591,SESSION_END,761,self-growth,Oracle_5,False,2024-04-26T14:35:24,2024-04-26T14:48:05
1883,294,COUNSELLING,1103,anxiety,Oracle_3,True,2024-10-11T20:17:25,2024-10-11T20:35:48
1884,739,SESSION_END,734,anxiety,Oracle_1,False,2025-05-23T21:00:01,2025-05-23T21:12:15
1885,825,WRAP_UP,1353,career,Oracle_1,False,2025-01-20T16:30:47,2025-01-20T16:53:20
1886,795,WRAP_UP,1242,relationship,Oracle_2,False,2024-04-02T03:48:09,2024-04-02T04:08:51
1887,283,WRAP_UP,902,career,Oracle_3,False,2024-10-27T21:04:36,2024-10-27T21:19:38
1888,781,SESSION_END,1063,career,Oracle_1,False,2024-07-20T10:46:11,2024-07-20T11:03:54
1889,910,SESSION_END,985,self-growth,Oracle_4,False,2024-02-11T19:11:30,2024-02-11T19:27:55
1890,127,WRAP_UP,1077,family,Oracle_5,False,2024-06-28T06:33:01,2024-06-28T06:50:58
1891,507,COUNSELLING,842,family,Oracle_4,True,2024-03-07T07:28:44,2024-03-07T07:42:46
1892,437,COUNSELLING,678,general,Oracle_2,True,2024-06-26T05:58:46,2024-06-26T06:10:04
1893,130,SESSION_END,814,family,Oracle_1,False,2024-05-03T04:29:21,2024-05-03T04:42:55
1894,228,WRAP_UP,970,self-growth,Oracle_2,False,2024-01-26T03:39:45,2024-01-26T03:55:55
1895,61,COUNSELLING,736,relationship,Oracle_5,True,2025-01-20T13:19:29,2025-01-20T13:31:45
1896,937,WRAP_UP,1168,self-growth,Oracle_5,False,2024-08-27T10:22:13,2024-08-27T10:41:41
1897,67,WRAP_UP,754,family,Oracle_2,False,2024-05-13T23:18:24,2024-05-13T23:30:58
1898,258,SESSION_END,1111,anxiety,Oracle_4,False,2024-07-14T00:50:05,2024-07-14T01:08:36
1899,445,COUNSELLING,697,relationship,Oracle_1,True,2025-02-03T09:03:58,2025-02-03T09:15:35
1900,40,COUNSELLING,1024,career,Oracle_5,True,2024-11-16T10:54:47,2024-11-16T11:11:51
1901,236,WRAP_UP,1027,relationship,Oracle_4,False,2024-05-05T17:33:24,2024-05-05T17:50:31
1902,529,SESSION_END,933,relationship,Oracle_4,False,2024-10-11T11:16:51,2024-10-11T11:32:24
1903,110,SESSION_END,1448,career,Oracle_1,False,2024-12-25T23:26:01,2024-12-25T23:50:09
1904,201,COUNSELLING,669,general,Oracle_1,True,2024-12-17T19:50:41,2024-12-17T20:01:50
1905,253,SESSION_END,760,relationship,Oracle_3,False,2024-08-11T11:35:18,2024-08-11T11:47:58
1906,994,WRAP_UP,1178,general,Oracle_2,False,2024-08-21T04:48:55,2024-08-21T05:08:33
1907,821,COUNSELLING,947,anxiety,Oracle_4,True,2025-03-14T22:48:33,2025-03-14T23:04:20
1908,187,WRAP_UP,857,family,Oracle_4,False,2024-12-13T01:19:31,2024-12-13T01:33:48
1909,721,WRAP_UP,1059,anxiety,Oracle_3,False,2024-01-05T05:54:22,2024-01-05T06:12:01
1910,204,SESSION_END,858,self-growth,Oracle_4,False,2025-04-16T10:36:16,2025-04-16T10:50:34
1911,161,WRAP_UP,1124,anxiety,Oracle_1,False,2024-04-25T15:56:59,2024-04-25T16:15:43
1912,362,COUNSELLING,583,general,Oracle_2,True,2024-07-05T20:08:11,2024-07-05T20:17:54
1913,717,COUNSELLING,1107,anxiety,Oracle_4,True,2024-11-18T04:30:26,2024-11-18T04:48:53
1914,103,SESSION_END,955,family,Oracle_1,False,2024-02-22T16:05:35,2024-02-22T16:21:30
1915,52,WRAP_UP,1068,anxiety,Oracle_3,False,2024-01-16T06:15:45,2024-01-16T06:33:33
1916,600,SESSION_END,1247,career,Oracle_3,False,2025-03-13T05:36:14,2025-03-13T05:57:01
1917,588,SESSION_END,970,relationship,Oracle_5,False,2024-07-17T11:16:10,2024-07-17T11:32:20
1918,624,COUNSELLING,832,general,Oracle_3,True,2025-04-02T23:47:35,2025-04-03T00:01:27
1919,663,WRAP_UP,771,general,Oracle_2,False,2025-01-17T18:54:47,2025-01-17T19:07:38
1920,664,COUNSELLING,779,relationship,Oracle_4,True,2025-04-03T12:18:33,2025-04-03T12:31:32
1921,702,WRAP_UP,754,relationship,Oracle_4,False,2024-03-20T06:27:03,2024-03-20T06:39:37
1922,930,SESSION_END,759,anxiety,Oracle_4,False,2024-06-16T23:49:05,2024-06-17T00:01:44
1923,294,WRAP_UP,1024,relationship,Oracle_4,False,2024-09-07T08:28:18,2024-09-07T08:45:22
1924,188,WRAP_UP,1517,career,Oracle_5,False,2025-03-28T17:22:16,2025-03-28T17:47:33
1925,934,WRAP_UP,1046,relationship,Oracle_2,False,2024-07-24T03:26:11,2024-07-24T03:43:37
1926,905,SESSION_END,890,anxiety,Oracle_2,False,2024-01-21T10:23:49,2024-01-21T10:38:39
1927,479,SESSION_END,1181,relationship,Oracle_1,False,2024-05-03T00:00:57,2024-05-03T00:20:38
1928,646,SESSION_END,966,self-growth,Oracle_1,False,2025-02-27T21:28:25,2025-02-27T21:44:31
1929,241,WRAP_UP,1246,family,Oracle_4,False,2024-03-05T20:34:03,2024-03-05T20:54:49
1930,986,WRAP_UP,770,relationship,Oracle_5,False,2025-05-28T18:59:57,2025-05-28T19:12:47
1931,32,WRAP_UP,1154,relationship,Oracle_2,False,2024-04-17T08:59:32,2024-04-17T09:18:46
1932,777,WRAP_UP,914,relationship,Oracle_5,False,2025-02-09T09:47:02,2025-02-09T10:02:16
1933,756,WRAP_UP,1330,career,Oracle_5,False,2024-01-09T23:00:35,2024-01-09T23:22:45
1934,177,WRAP_UP,986,relationship,Oracle_1,False,2025-02-23T12:06:00,2025-02-23T12:22:26
1935,429,SESSION_END,1019,anxiety,Oracle_4,False,2024-05-26T17:37:06,2024-05-26T17:54:05
1936,577,WRAP_UP,909,relationship,Oracle_1,False,2024-03-12T01:45:09,2024-03-12T02:00:18
1937,957,WRAP_UP,1017,career,Oracle_5,False,2024-05-08T10:20:12,2024-05-08T10:37:09
1938,687,SESSION_END,722,anxiety,Oracle_4,False,2024-12-25T21:38:20,2024-12-25T21:50:22
1939,593,WRAP_UP,807,self-growth,Oracle_5,False,2024-02-03T12:05:20,2024-02-03T12:18:47
1940,364,WRAP_UP,1084,career,Oracle_5,False,2024-03-09T16:35:05,2024-03-09T16:53:09
1941,434,SESSION_END,766,relationship,Oracle_2,False,2024-07-11T17:08:02,2024-07-11T17:20:48
1942,500,SESSION_END,908,family,Oracle_4,False,2024-09-15T21:17:28,2024-09-15T21:32:36
1943,363,WRAP_UP,674,relationship,Oracle_4,False,2025-05-26T13:46:28,2025-05-26T13:57:42
1944,187,WRAP_UP,707,family,Oracle_3,False,2025-05-11T20:00:53,2025-05-11T20:12:40
1945,856,SESSION_END,633,general,Oracle_1,False,2024-11-29T10:53:08,2024-11-29T11:03:41
1946,273,SESSION_END,499,anxiety,Oracle_4,False,2024-02-20T07:12:45,2024-02-20T07:21:04
1947,12,SESSION_END,1051,career,Oracle_5,False,2024-10-03T04:19:50,2024-10-03T04:37:21
1948,779,WRAP_UP,1217,career,Oracle_5,False,2024-08-01T18:25:15,2024-08-01T18:45:32
1949,560,COUNSELLING,1637,career,Oracle_3,True,2024-06-21T10:25:41,2024-06-21T10:52:58
1950,548,SESSION_END,857,anxiety,Oracle_1,False,2025-04-21T23:17:07,2025-04-21T23:31:24
1951,902,COUNSELLING,947,anxiety,Oracle_4,True,2025-02-13T11:53:37,2025-02-13T12:09:24
1952,617,COUNSELLING,948,general,Oracle_5,True,2024-01-18T03:07:54,2024-01-18T03:23:42
1953,854,COUNSELLING,1672,relationship,Oracle_5,True,2024-03-28T17:28:11,2024-03-28T17:56:03
1954,918,SESSION_END,1166,self-growth,Oracle_4,False,2024-06-07T21:28:52,2024-06-07T21:48:18
1955,111,WRAP_UP,1284,career,Oracle_1,False,2024-07-12T02:42:46,2024-07-12T03:04:10
1956,941,SESSION_END,787,family,Oracle_3,False,2024-11-07T03:52:47,2024-11-07T04:05:54
1957,799,COUNSELLING,1060,self-growth,Oracle_3,True,2024-08-04T06:03:45,2024-08-04T06:21:25
1958,508,SESSION_END,1515,career,Oracle_3,False,2024-11-29T03:36:21,2024-11-29T04:01:36
1959,666,WRAP_UP,967,relationship,Oracle_4,False,2024-11-19T10:05:18,2024-11-19T10:21:25
1960,866,WRAP_UP,1368,relationship,Oracle_5,False,2024-02-20T17:54:22,2024-02-20T18:17:10
1961,130,SESSION_END,360,self-growth,Oracle_4,False,2024-01-03T05:09:24,2024-01-03T05:15:24
1962,473,COUNSELLING,575,general,Oracle_1,True,2024-07-29T21:06:02,2024-07-29T21:15:37
1963,454,SESSION_END,988,family,Oracle_2,False,2025-04-28T13:07:36,2025-04-28T13:24:04
1964,942,WRAP_UP,587,anxiety,Oracle_4,False,2025-02-28T00:35:36,2025-02-28T00:45:23
1965,632,SESSION_END,756,self-growth,Oracle_5,False,2025-04-25T10:30:58,2025-04-25T10:43:34
1966,451,WRAP_UP,649,family,Oracle_3,False,2025-03-16T13:46:23,2025-03-16T13:57:12
1967,706,WRAP_UP,1377,relationship,Oracle_1,False,2024-02-08T07:01:42,2024-02-08T07:24:39
1968,128,COUNSELLING,672,general,Oracle_2,True,2025-04-10T08:11:06,2025-04-10T08:22:18
1969,60,WRAP_UP,850,self-growth,Oracle_3,False,2024-02-04T13:19:28,2024-02-04T13:33:38
1970,117,WRAP_UP,1479,relationship,Oracle_2,False,2024-02-18T01:17:12,2024-02-18T01:41:51
1971,853,WRAP_UP,766,general,Oracle_2,False,2024-11-15T01:40:22,2024-11-15T01:53:08
1972,103,WRAP_UP,887,general,Oracle_5,False,2024-10-16T05:49:20,2024-10-16T06:04:07
1973,58,SESSION_END,1248,anxiety,Oracle_3,False,2025-03-20T14:18:23,2025-03-20T14:39:11
1974,827,WRAP_UP,1185,career,Oracle_1,False,2024-05-18T23:27:04,2024-05-18T23:46:49
1975,301,WRAP_UP,1032,anxiety,Oracle_5,False,2025-03-08T10:36:59,2025-03-08T10:54:11
1976,446,SESSION_END,639,anxiety,Oracle_4,False,2024-09-10T21:22:55,2024-09-10T21:33:34
1977,269,COUNSELLING,1183,career,Oracle_3,True,2024-11-25T00:18:09,2024-11-25T00:37:52
1978,502,SESSION_END,793,anxiety,Oracle_4,False,2025-03-19T16:07:44,2025-03-19T16:20:57
1979,802,SESSION_END,984,family,Oracle_1,False,2025-04-17T17:19:34,2025-04-17T17:35:58
1980,436,WRAP_UP,1362,career,Oracle_4,False,2024-07-19T11:07:08,2024-07-19T11:29:50
1981,897,SESSION_END,983,anxiety,Oracle_1,False,2024-08-12T14:54:02,2024-08-12T15:10:25
1982,112,WRAP_UP,780,anxiety,Oracle_1,False,2024-06-26T19:02:40,2024-06-26T19:15:40
1983,10,WRAP_UP,908,self-growth,Oracle_2,False,2024-05-15T20:31:11,2024-05-15T20:46:19
1984,302,WRAP_UP,1248,career,Oracle_4,False,2024-11-28T13:53:26,2024-11-28T14:14:14
1985,711,WRAP_UP,955,self-growth,Oracle_4,False,2024-02-22T07:09:52,2024-02-22T07:25:47
1986,29,COUNSELLING,1150,relationship,Oracle_1,True,2024-08-06T04:55:33,2024-08-06T05:14:43
1987,95,WRAP_UP,663,family,Oracle_1,False,2024-10-28T13:24:35,2024-10-28T13:35:38
1988,7,COUNSELLING,669,general,Oracle_5,True,2025-01-03T14:54:42,2025-01-03T15:05:51
1989,529,WRAP_UP,1064,anxiety,Oracle_2,False,2024-03-02T11:07:48,2024-03-02T11:25:32
1990,592,WRAP_UP,714,general,Oracle_1,False,2024-12-10T22:24:23,2024-12-10T22:36:17
1991,954,WRAP_UP,1003,family,Oracle_4,False,2025-05-11T00:15:21,2025-05-11T00:32:04
1992,78,SESSION_END,762,career,Oracle_2,False,2024-02-11T12:46:32,2024-02-11T12:59:14
1993,542,WRAP_UP,783,family,Oracle_4,False,2025-04-02T06:57:00,2025-04-02T07:10:03
1994,888,COUNSELLING,897,general,Oracle_3,True,2025-03-06T09:18:53,2025-03-06T09:33:50
1995,998,COUNSELLING,1323,self-growth,Oracle_3,True,2024-05-15T19:02:17,2024-05-15T19:24:20
1996,131,SESSION_END,969,relationship,Oracle_3,False,2025-01-26T01:13:29,2025-01-26T01:29:38
1997,900,WRAP_UP,1187,family,Oracle_3,False,2024-11-29T09:33:44,2024-11-29T09:53:31
1998,313,WRAP_UP,927,self-growth,Oracle_2,False,2024-09-19T22:49:41,2024-09-19T23:05:08
1999,891,SESSION_END,1507,career,Oracle_4,False,2024-04-29T17:49:19,2024-04-29T18:14:26
2000,293,WRAP_UP,1029,general,Oracle_1,False,2025-04-27T04:21:53,2025-04-27T04:39:02
2001,462,WRAP_UP,973,anxiety,Oracle_2,False,2024-08-15T22:40:26,2024-08-15T22:56:39
2002,502,COUNSELLING,991,career,Oracle_5,True,2025-03-07T03:36:21,2025-03-07T03:52:52
2003,389,COUNSELLING,1043,self-growth,Oracle_5,True,2024-01-10T19:10:17,2024-01-10T19:27:40
2004,63,WRAP_UP,1120,relationship,Oracle_1,False,2024-07-10T19:15:26,2024-07-10T19:34:06
2005,262,SESSION_END,1168,family,Oracle_3,False,2024-06-27T07:01:04,2024-06-27T07:20:32
2006,737,SESSION_END,776,general,Oracle_5,False,2024-07-26T04:51:58,2024-07-26T05:04:54
2007,916,SESSION_END,1162,career,Oracle_1,False,2025-05-07T17:29:55,2025-05-07T17:49:17
2008,528,WRAP_UP,999,relationship,Oracle_4,False,2024-12-08T04:17:25,2024-12-08T04:34:04
2009,518,SESSION_END,1001,family,Oracle_3,False,2024-05-13T18:58:20,2024-05-13T19:15:01
2010,261,WRAP_UP,746,family,Oracle_3,False,2024-07-22T05:33:39,2024-07-22T05:46:05
2011,438,SESSION_END,1193,relationship,Oracle_4,False,2024-02-21T05:32:05,2024-02-21T05:51:58
2012,618,SESSION_END,347,general,Oracle_3,False,2024-01-13T02:14:17,2024-01-13T02:20:04
2013,247,SESSION_END,345,self-growth,Oracle_3,False,2025-02-02T01:32:58,2025-02-02T01:38:43
2014,896,WRAP_UP,604,general,Oracle_5,False,2025-03-31T09:54:21,2025-03-31T10:04:25
2015,527,SESSION_END,939,career,Oracle_5,False,2025-01-08T18:58:47,2025-01-08T19:14:26
2016,720,SESSION_END,1685,career,Oracle_4,False,2024-08-01T00:13:11,2024-08-01T00:41:16
2017,698,SESSION_END,1224,career,Oracle_5,False,2025-04-09T15:34:47,2025-04-09T15:55:11
2018,766,SESSION_END,979,anxiety,Oracle_2,False,2024-07-27T00:08:48,2024-07-27T00:25:07
2019,927,SESSION_END,1040,career,Oracle_2,False,2024-07-01T21:24:04,2024-07-01T21:41:24
2020,582,COUNSELLING,954,relationship,Oracle_5,True,2024-03-28T13:25:56,2024-03-28T13:41:50
2021,512,SESSION_END,1262,relationship,Oracle_5,False,2024-05-13T21:48:54,2024-05-13T22:09:56
2022,888,SESSION_END,630,general,Oracle_2,False,2024-05-10T07:42:23,2024-05-10T07:52:53
2023,125,SESSION_END,1069,relationship,Oracle_1,False,2024-01-02T15:22:54,2024-01-02T15:40:43
2024,65,WRAP_UP,954,self-growth,Oracle_4,False,2024-12-03T01:47:48,2024-12-03T02:03:42
2025,118,WRAP_UP,997,relationship,Oracle_1,False,2025-03-01T10:37:58,2025-03-01T10:54:35
2026,838,COUNSELLING,800,family,Oracle_1,True,2024-10-25T00:58:57,2024-10-25T01:12:17
2027,296,SESSION_END,1152,relationship,Oracle_2,False,2024-09-05T00:38:37,2024-09-05T00:57:49
2028,657,SESSION_END,920,relationship,Oracle_3,False,2025-01-09T20:05:22,2025-01-09T20:20:42
2029,432,SESSION_END,638,general,Oracle_3,False,2025-04-02T06:11:35,2025-04-02T06:22:13
2030,853,SESSION_END,1028,self-growth,Oracle_2,False,2024-01-03T20:02:21,2024-01-03T20:19:29
2031,751,WRAP_UP,1034,relationship,Oracle_3,False,2024-08-04T15:57:43,2024-08-04T16:14:57
2032,976,WRAP_UP,831,self-growth,Oracle_3,False,2024-02-27T21:23:36,2024-02-27T21:37:27
2033,21,COUNSELLING,451,self-growth,Oracle_4,True,2024-10-29T20:53:51,2024-10-29T21:01:22
2034,276,COUNSELLING,1194,relationship,Oracle_4,True,2025-05-17T18:38:12,2025-05-17T18:58:06
2035,939,SESSION_END,820,family,Oracle_3,False,2024-06-23T14:29:27,2024-06-23T14:43:07
2036,2,SESSION_END,658,anxiety,Oracle_5,False,2024-11-05T18:36:17,2024-11-05T18:47:15
2037,838,WRAP_UP,986,general,Oracle_5,False,2024-10-12T06:40:28,2024-10-12T06:56:54
2038,779,SESSION_END,1212,career,Oracle_5,False,2024-08-16T12:18:21,2024-08-16T12:38:33
2039,145,WRAP_UP,1107,anxiety,Oracle_5,False,2024-01-12T23:34:23,2024-01-12T23:52:50
2040,240,SESSION_END,950,general,Oracle_5,False,2025-01-01T23:38:10,2025-01-01T23:54:00
2041,699,SESSION_END,713,self-growth,Oracle_4,False,2025-04-04T07:47:05,2025-04-04T07:58:58
2042,185,SESSION_END,1045,family,Oracle_4,False,2025-03-18T05:26:51,2025-03-18T05:44:16
2043,919,COUNSELLING,873,anxiety,Oracle_2,True,2024-03-08T13:20:25,2024-03-08T13:34:58
2044,442,WRAP_UP,781,self-growth,Oracle_5,False,2024-12-19T01:27:56,2024-12-19T01:40:57
2045,592,SESSION_END,596,general,Oracle_5,False,2024-03-02T02:18:56,2024-03-02T02:28:52
2046,876,WRAP_UP,1136,relationship,Oracle_1,False,2024-04-18T02:52:47,2024-04-18T03:11:43
2047,803,WRAP_UP,1058,anxiety,Oracle_4,False,2025-01-12T23:57:38,2025-01-13T00:15:16
2048,298,COUNSELLING,822,self-growth,Oracle_4,True,2024-04-17T03:56:32,2024-04-17T04:10:14
2049,304,SESSION_END,1205,anxiety,Oracle_5,False,2025-05-15T23:19:04,2025-05-15T23:39:09
2050,149,COUNSELLING,1070,family,Oracle_4,True,2025-04-04T23:47:33,2025-04-05T00:05:23
2051,963,SESSION_END,1281,career,Oracle_3,False,2025-01-05T21:45:57,2025-01-05T22:07:18
2052,525,COUNSELLING,952,general,Oracle_3,True,2024-02-11T11:20:48,2024-02-11T11:36:40
2053,739,SESSION_END,1040,self-growth,Oracle_3,False,2024-08-16T02:00:15,2024-08-16T02:17:35
2054,498,SESSION_END,1175,relationship,Oracle_5,False,2024-01-03T05:48:05,2024-01-03T06:07:40
2055,145,WRAP_UP,1137,career,Oracle_1,False,2025-03-22T05:52:40,2025-03-22T06:11:37
2056,961,COUNSELLING,840,self-growth,Oracle_4,True,2025-05-05T23:32:18,2025-05-05T23:46:18
2057,225,WRAP_UP,829,self-growth,Oracle_2,False,2024-05-13T08:17:33,2024-05-13T08:31:22
2058,848,WRAP_UP,1205,career,Oracle_5,False,2024-05-17T23:10:33,2024-05-17T23:30:38
2059,167,WRAP_UP,806,general,Oracle_5,False,2025-02-08T00:41:01,2025-02-08T00:54:27
2060,188,WRAP_UP,1142,career,Oracle_1,False,2024-07-05T16:49:49,2024-07-05T17:08:51
2061,140,COUNSELLING,1193,anxiety,Oracle_1,True,2024-10-16T19:51:50,2024-10-16T20:11:43
2062,494,COUNSELLING,930,relationship,Oracle_5,True,2024-09-29T23:10:20,2024-09-29T23:25:50
2063,657,SESSION_END,1059,self-growth,Oracle_5,False,2024-01-01T19:07:13,2024-01-01T19:24:52
2064,183,SESSION_END,1102,anxiety,Oracle_1,False,2025-05-25T06:11:53,2025-05-25T06:30:15
2065,323,SESSION_END,1134,career,Oracle_1,False,2024-12-08T05:10:21,2024-12-08T05:29:15
2066,841,COUNSELLING,576,general,Oracle_1,True,2024-02-04T01:25:33,2024-02-04T01:35:09
2067,474,WRAP_UP,1011,relationship,Oracle_3,False,2025-01-10T19:55:58,2025-01-10T20:12:49
2068,928,SESSION_END,822,self-growth,Oracle_5,False,2025-01-26T14:35:47,2025-01-26T14:49:29
2069,805,WRAP_UP,854,family,Oracle_2,False,2025-05-16T15:41:52,2025-05-16T15:56:06
2070,817,WRAP_UP,583,general,Oracle_5,False,2025-04-05T16:08:58,2025-04-05T16:18:41
2071,587,WRAP_UP,989,career,Oracle_4,False,2024-08-04T17:28:08,2024-08-04T17:44:37
2072,785,SESSION_END,1242,relationship,Oracle_5,False,2025-04-29T23:45:25,2025-04-30T00:06:07
2073,948,SESSION_END,1263,career,Oracle_2,False,2024-03-05T04:34:01,2024-03-05T04:55:04
2074,924,SESSION_END,496,self-growth,Oracle_3,False,2024-07-19T06:03:21,2024-07-19T06:11:37
2075,47,WRAP_UP,1162,career,Oracle_3,False,2024-12-29T17:13:26,2024-12-29T17:32:48
2076,219,WRAP_UP,965,self-growth,Oracle_2,False,2025-02-11T00:24:06,2025-02-11T00:40:11
2077,346,SESSION_END,1007,career,Oracle_4,False,2025-02-27T20:01:35,2025-02-27T20:18:22
2078,40,SESSION_END,929,self-growth,Oracle_5,False,2025-04-01T22:26:45,2025-04-01T22:42:14
2079,225,WRAP_UP,1054,self-growth,Oracle_3,False,2025-02-28T23:50:51,2025-03-01T00:08:25
2080,991,SESSION_END,1040,career,Oracle_3,False,2024-10-24T04:38:54,2024-10-24T04:56:14
2081,416,WRAP_UP,1030,career,Oracle_3,False,2024-12-11T02:58:36,2024-12-11T03:15:46
2082,722,WRAP_UP,1207,relationship,Oracle_3,False,2025-04-26T11:18:02,2025-04-26T11:38:09
2083,361,WRAP_UP,1158,relationship,Oracle_5,False,2024-01-08T13:26:21,2024-01-08T13:45:39
2084,35,WRAP_UP,937,general,Oracle_1,False,2024-03-24T05:14:12,2024-03-24T05:29:49
2085,506,SESSION_END,703,self-growth,Oracle_1,False,2024-06-30T10:04:44,2024-06-30T10:16:27
2086,974,WRAP_UP,785,relationship,Oracle_4,False,2025-01-29T04:40:45,2025-01-29T04:53:50
2087,98,SESSION_END,946,general,Oracle_4,False,2024-12-11T18:51:13,2024-12-11T19:06:59
2088,56,SESSION_END,1122,self-growth,Oracle_1,False,2025-05-07T07:44:38,2025-05-07T08:03:20
2089,416,SESSION_END,661,self-growth,Oracle_1,False,2024-07-27T04:48:00,2024-07-27T04:59:01
2090,699,SESSION_END,1552,career,Oracle_2,False,2024-04-15T00:55:44,2024-04-15T01:21:36
2091,449,WRAP_UP,948,family,Oracle_4,False,2024-05-02T15:37:51,2024-05-02T15:53:39
2092,778,SESSION_END,789,self-growth,Oracle_1,False,2024-09-05T04:03:08,2024-09-05T04:16:17
2093,346,SESSION_END,1293,career,Oracle_5,False,2025-05-23T12:03:06,2025-05-23T12:24:39
2094,266,WRAP_UP,857,anxiety,Oracle_4,False,2024-01-25T20:20:54,2024-01-25T20:35:11
2095,290,WRAP_UP,1195,relationship,Oracle_2,False,2024-05-28T13:23:51,2024-05-28T13:43:46
2096,475,WRAP_UP,847,general,Oracle_3,False,2025-04-03T04:17:39,2025-04-03T04:31:46
2097,660,SESSION_END,1563,relationship,Oracle_5,False,2024-08-11T13:49:52,2024-08-11T14:15:55
2098,222,SESSION_END,1069,family,Oracle_5,False,2024-06-06T21:06:18,2024-06-06T21:24:07
2099,122,SESSION_END,1399,relationship,Oracle_1,False,2024-11-28T18:06:30,2024-11-28T18:29:49
2100,519,WRAP_UP,563,general,Oracle_1,False,2024-02-20T00:40:46,2024-02-20T00:50:09
2101,556,SESSION_END,1486,family,Oracle_5,False,2024-09-18T14:36:25,2024-09-18T15:01:11
2102,632,WRAP_UP,971,career,Oracle_2,False,2024-09-25T19:55:26,2024-09-25T20:11:37
2103,932,WRAP_UP,1014,family,Oracle_1,False,2024-02-24T21:13:45,2024-02-24T21:30:39
2104,61,SESSION_END,1110,anxiety,Oracle_1,False,2025-05-15T07:21:58,2025-05-15T07:40:28
2105,408,SESSION_END,896,general,Oracle_4,False,2024-12-07T03:53:02,2024-12-07T04:07:58
2106,270,SESSION_END,1108,relationship,Oracle_5,False,2025-01-07T00:52:16,2025-01-07T01:10:44
2107,274,SESSION_END,703,self-growth,Oracle_3,False,2024-08-12T10:54:13,2024-08-12T11:05:56
2108,595,WRAP_UP,618,self-growth,Oracle_1,False,2024-06-23T18:49:53,2024-06-23T19:00:11
2109,3,WRAP_UP,981,anxiety,Oracle_3,False,2024-09-16T13:27:36,2024-09-16T13:43:57
2110,9,COUNSELLING,753,career,Oracle_1,True,2024-09-27T06:03:00,2024-09-27T06:15:33
2111,75,WRAP_UP,919,anxiety,Oracle_2,False,2024-10-30T19:48:24,2024-10-30T20:03:43
2112,293,WRAP_UP,1117,relationship,Oracle_5,False,2024-05-22T17:43:32,2024-05-22T18:02:09
2113,63,COUNSELLING,1134,self-growth,Oracle_2,True,2024-04-26T01:58:49,2024-04-26T02:17:43
2114,809,SESSION_END,1038,career,Oracle_1,False,2024-02-24T04:07:21,2024-02-24T04:24:39
2115,755,WRAP_UP,1052,relationship,Oracle_1,False,2024-07-08T17:48:28,2024-07-08T18:06:00
2116,653,WRAP_UP,667,general,Oracle_3,False,2025-01-31T11:13:50,2025-01-31T11:24:57
2117,249,COUNSELLING,1090,relationship,Oracle_4,True,2024-10-31T22:15:37,2024-10-31T22:33:47
2118,226,SESSION_END,1090,career,Oracle_3,False,2024-08-06T17:12:57,2024-08-06T17:31:07
2119,981,WRAP_UP,845,anxiety,Oracle_1,False,2024-05-24T12:33:35,2024-05-24T12:47:40
2120,176,WRAP_UP,951,general,Oracle_2,False,2024-08-30T02:13:37,2024-08-30T02:29:28
2121,405,SESSION_END,704,relationship,Oracle_1,False,2024-05-19T04:10:29,2024-05-19T04:22:13
2122,906,COUNSELLING,1015,self-growth,Oracle_3,True,2024-10-14T10:07:12,2024-10-14T10:24:07
2123,534,COUNSELLING,923,career,Oracle_5,True,2024-01-20T03:46:20,2024-01-20T04:01:43
2124,130,SESSION_END,1072,relationship,Oracle_3,False,2024-03-11T13:16:13,2024-03-11T13:34:05
2125,863,SESSION_END,1229,career,Oracle_1,False,2024-05-10T16:22:45,2024-05-10T16:43:14
2126,663,SESSION_END,912,general,Oracle_3,False,2024-02-22T10:45:37,2024-02-22T11:00:49
2127,929,WRAP_UP,668,general,Oracle_1,False,2025-03-15T06:29:34,2025-03-15T06:40:42
2128,445,WRAP_UP,719,relationship,Oracle_5,False,2024-06-13T05:27:09,2024-06-13T05:39:08
2129,381,SESSION_END,849,family,Oracle_4,False,2025-03-17T22:27:49,2025-03-17T22:41:58
2130,707,COUNSELLING,550,anxiety,Oracle_4,True,2024-03-14T03:56:51,2024-03-14T04:06:01
2131,570,COUNSELLING,1313,general,Oracle_2,True,2024-09-20T19:53:45,2024-09-20T20:15:38
2132,491,SESSION_END,914,general,Oracle_5,False,2024-02-22T04:06:57,2024-02-22T04:22:11
2133,385,WRAP_UP,1010,general,Oracle_3,False,2024-08-02T11:04:53,2024-08-02T11:21:43
2134,985,SESSION_END,686,family,Oracle_2,False,2025-02-03T04:02:40,2025-02-03T04:14:06
2135,173,SESSION_END,965,self-growth,Oracle_5,False,2024-06-15T00:36:56,2024-06-15T00:53:01
2136,302,COUNSELLING,720,general,Oracle_2,True,2024-06-26T14:07:47,2024-06-26T14:19:47
2137,679,COUNSELLING,1277,career,Oracle_2,True,2024-08-04T12:29:02,2024-08-04T12:50:19
2138,749,SESSION_END,1225,career,Oracle_4,False,2024-02-21T07:03:21,2024-02-21T07:23:46
2139,998,SESSION_END,809,family,Oracle_1,False,2025-05-02T05:46:16,2025-05-02T05:59:45
2140,131,SESSION_END,734,relationship,Oracle_2,False,2024-08-03T03:37:15,2024-08-03T03:49:29
2141,225,COUNSELLING,965,career,Oracle_1,True,2024-04-08T19:01:58,2024-04-08T19:18:03
2142,250,SESSION_END,970,family,Oracle_5,False,2024-04-11T11:21:28,2024-04-11T11:37:38
2143,96,SESSION_END,792,anxiety,Oracle_1,False,2024-01-03T05:47:45,2024-01-03T06:00:57
2144,353,SESSION_END,950,self-growth,Oracle_4,False,2024-12-07T17:38:31,2024-12-07T17:54:21
2145,471,SESSION_END,790,family,Oracle_1,False,2024-02-25T04:14:16,2024-02-25T04:27:26
2146,668,SESSION_END,1048,career,Oracle_1,False,2024-11-18T21:24:24,2024-11-18T21:41:52
2147,481,SESSION_END,975,family,Oracle_2,False,2025-02-16T08:25:51,2025-02-16T08:42:06
2148,123,WRAP_UP,929,relationship,Oracle_5,False,2024-02-21T22:44:56,2024-02-21T23:00:25
2149,397,COUNSELLING,632,anxiety,Oracle_1,True,2024-06-06T16:38:33,2024-06-06T16:49:05
2150,430,COUNSELLING,812,anxiety,Oracle_3,True,2024-02-13T09:37:27,2024-02-13T09:50:59
2151,416,WRAP_UP,957,general,Oracle_1,False,2024-12-23T16:25:38,2024-12-23T16:41:35
2152,393,SESSION_END,773,career,Oracle_5,False,2024-03-06T07:58:25,2024-03-06T08:11:18
2153,525,SESSION_END,906,anxiety,Oracle_3,False,2024-07-16T20:37:04,2024-07-16T20:52:10
2154,672,WRAP_UP,1175,relationship,Oracle_2,False,2024-10-31T02:23:30,2024-10-31T02:43:05
2155,702,SESSION_END,847,family,Oracle_1,False,2024-09-24T00:42:30,2024-09-24T00:56:37
2156,310,SESSION_END,586,self-growth,Oracle_2,False,2024-12-18T08:00:10,2024-12-18T08:09:56
2157,133,WRAP_UP,1213,career,Oracle_2,False,2024-08-17T12:50:57,2024-08-17T13:11:10
2158,262,SESSION_END,1072,career,Oracle_5,False,2024-09-23T19:43:35,2024-09-23T20:01:27
2159,713,SESSION_END,1093,family,Oracle_1,False,2025-02-02T15:27:06,2025-02-02T15:45:19
2160,547,SESSION_END,983,self-growth,Oracle_4,False,2025-04-28T17:21:40,2025-04-28T17:38:03
2161,152,WRAP_UP,1103,self-growth,Oracle_5,False,2025-05-26T02:17:19,2025-05-26T02:35:42
2162,585,SESSION_END,666,self-growth,Oracle_5,False,2024-06-05T03:09:27,2024-06-05T03:20:33
2163,347,WRAP_UP,1651,career,Oracle_3,False,2024-05-24T23:34:32,2024-05-25T00:02:03
2164,683,SESSION_END,844,relationship,Oracle_2,False,2024-06-23T16:40:45,2024-06-23T16:54:49
2165,267,SESSION_END,1193,career,Oracle_3,False,2024-03-02T02:48:19,2024-03-02T03:08:12
2166,869,WRAP_UP,701,self-growth,Oracle_3,False,2024-01-22T17:45:38,2024-01-22T17:57:19
2167,737,WRAP_UP,935,family,Oracle_3,False,2025-03-13T20:25:05,2025-03-13T20:40:40
2168,512,WRAP_UP,704,family,Oracle_3,False,2025-03-31T19:14:20,2025-03-31T19:26:04
2169,740,SESSION_END,745,self-growth,Oracle_5,False,2024-10-14T22:41:59,2024-10-14T22:54:24
2170,484,WRAP_UP,1013,family,Oracle_4,False,2024-02-19T09:15:25,2024-02-19T09:32:18
2171,214,COUNSELLING,972,family,Oracle_5,True,2024-01-18T04:27:31,2024-01-18T04:43:43
2172,715,WRAP_UP,1167,relationship,Oracle_1,False,2025-01-29T14:39:21,2025-01-29T14:58:48
2173,835,COUNSELLING,810,family,Oracle_5,True,2024-10-15T07:57:44,2024-10-15T08:11:14
2174,391,WRAP_UP,1025,anxiety,Oracle_1,False,2024-05-21T03:34:41,2024-05-21T03:51:46
2175,874,COUNSELLING,1250,career,Oracle_3,True,2024-07-05T02:25:04,2024-07-05T02:45:54
2176,796,SESSION_END,722,self-growth,Oracle_2,False,2024-07-25T08:54:55,2024-07-25T09:06:57
2177,395,WRAP_UP,1300,relationship,Oracle_5,False,2024-07-24T15:42:22,2024-07-24T16:04:02
2178,598,SESSION_END,1236,career,Oracle_1,False,2024-11-18T16:39:47,2024-11-18T17:00:23
2179,309,SESSION_END,886,family,Oracle_4,False,2025-03-16T01:39:12,2025-03-16T01:53:58
2180,226,SESSION_END,773,self-growth,Oracle_1,False,2024-03-21T23:21:27,2024-03-21T23:34:20
2181,31,SESSION_END,474,general,Oracle_2,False,2024-10-03T17:18:51,2024-10-03T17:26:45
2182,146,COUNSELLING,1026,relationship,Oracle_4,True,2025-03-02T09:46:51,2025-03-02T10:03:57
2183,95,SESSION_END,813,general,Oracle_3,False,2025-05-26T00:55:07,2025-05-26T01:08:40
2184,757,WRAP_UP,1495,career,Oracle_3,False,2024-07-20T18:18:25,2024-07-20T18:43:20
2185,865,WRAP_UP,1063,self-growth,Oracle_2,False,2025-05-14T06:57:18,2025-05-14T07:15:01
2186,891,SESSION_END,910,self-growth,Oracle_4,False,2025-02-14T21:57:36,2025-02-14T22:12:46
2187,816,SESSION_END,937,family,Oracle_2,False,2024-12-17T19:54:17,2024-12-17T20:09:54
2188,592,WRAP_UP,1173,anxiety,Oracle_2,False,2024-11-11T22:08:20,2024-11-11T22:27:53
2189,200,COUNSELLING,947,anxiety,Oracle_3,True,2024-02-06T05:27:27,2024-02-06T05:43:14
2190,835,SESSION_END,1210,career,Oracle_3,False,2024-01-20T02:19:39,2024-01-20T02:39:49
2191,334,SESSION_END,1278,self-growth,Oracle_2,False,2025-01-10T19:31:23,2025-01-10T19:52:41
2192,747,COUNSELLING,1242,career,Oracle_3,True,2024-05-24T17:02:37,2024-05-24T17:23:19
2193,475,SESSION_END,873,self-growth,Oracle_2,False,2024-08-21T21:21:24,2024-08-21T21:35:57
2194,991,SESSION_END,751,general,Oracle_4,False,2024-06-18T00:40:08,2024-06-18T00:52:39
2195,542,WRAP_UP,1276,self-growth,Oracle_1,False,2024-06-03T03:33:10,2024-06-03T03:54:26
2196,203,WRAP_UP,942,anxiety,Oracle_5,False,2024-04-29T18:01:28,2024-04-29T18:17:10
2197,795,COUNSELLING,910,anxiety,Oracle_5,True,2024-05-24T20:22:12,2024-05-24T20:37:22
2198,744,SESSION_END,573,self-growth,Oracle_2,False,2024-09-24T04:03:15,2024-09-24T04:12:48
2199,737,WRAP_UP,1084,family,Oracle_2,False,2024-06-14T14:29:50,2024-06-14T14:47:54
2200,152,COUNSELLING,789,career,Oracle_2,True,2024-12-09T20:24:47,2024-12-09T20:37:56
2201,717,COUNSELLING,448,general,Oracle_3,True,2024-01-02T02:32:54,2024-01-02T02:40:22
2202,373,SESSION_END,921,anxiety,Oracle_2,False,2024-10-01T23:45:42,2024-10-02T00:01:03
2203,133,SESSION_END,605,career,Oracle_4,False,2024-12-30T16:54:19,2024-12-30T17:04:24
2204,94,WRAP_UP,995,relationship,Oracle_5,False,2024-02-05T09:19:52,2024-02-05T09:36:27
2205,192,SESSION_END,992,anxiety,Oracle_4,False,2024-06-04T06:28:03,2024-06-04T06:44:35
2206,40,COUNSELLING,658,relationship,Oracle_2,True,2024-04-06T20:13:39,2024-04-06T20:24:37
2207,406,SESSION_END,1219,relationship,Oracle_2,False,2025-03-11T03:16:12,2025-03-11T03:36:31
2208,724,WRAP_UP,860,relationship,Oracle_4,False,2025-05-04T13:01:33,2025-05-04T13:15:53
2209,946,WRAP_UP,881,self-growth,Oracle_4,False,2024-09-08T21:36:39,2024-09-08T21:51:20
2210,772,COUNSELLING,675,family,Oracle_2,True,2024-06-11T23:19:54,2024-06-11T23:31:09
2211,708,COUNSELLING,1306,career,Oracle_1,True,2024-01-14T02:48:09,2024-01-14T03:09:55
2212,773,SESSION_END,987,general,Oracle_5,False,2024-09-25T19:53:08,2024-09-25T20:09:35
2213,687,SESSION_END,1058,self-growth,Oracle_1,False,2024-11-10T14:15:27,2024-11-10T14:33:05
2214,387,WRAP_UP,1594,career,Oracle_3,False,2024-06-12T22:30:34,2024-06-12T22:57:08
2215,672,SESSION_END,1161,relationship,Oracle_2,False,2025-01-06T21:15:49,2025-01-06T21:35:10
2216,69,COUNSELLING,593,self-growth,Oracle_3,True,2024-02-13T01:08:18,2024-02-13T01:18:11
2217,407,WRAP_UP,956,self-growth,Oracle_3,False,2025-01-12T03:37:18,2025-01-12T03:53:14
2218,235,SESSION_END,809,general,Oracle_5,False,2025-05-22T08:33:07,2025-05-22T08:46:36
2219,332,COUNSELLING,1064,career,Oracle_2,True,2024-10-26T07:45:27,2024-10-26T08:03:11
2220,411,COUNSELLING,721,self-growth,Oracle_4,True,2024-08-10T18:46:58,2024-08-10T18:58:59
2221,235,WRAP_UP,610,general,Oracle_3,False,2024-08-31T18:13:59,2024-08-31T18:24:09
2222,810,COUNSELLING,795,anxiety,Oracle_3,True,2024-09-04T07:47:14,2024-09-04T08:00:29
2223,583,SESSION_END,876,relationship,Oracle_1,False,2024-07-26T21:41:44,2024-07-26T21:56:20
2224,80,WRAP_UP,875,general,Oracle_4,False,2024-09-13T06:40:56,2024-09-13T06:55:31
2225,279,SESSION_END,847,relationship,Oracle_5,False,2024-06-13T07:01:04,2024-06-13T07:15:11
2226,329,WRAP_UP,870,anxiety,Oracle_1,False,2024-05-23T14:05:30,2024-05-23T14:20:00
2227,489,SESSION_END,1015,relationship,Oracle_1,False,2024-05-02T22:50:45,2024-05-02T23:07:40
2228,73,WRAP_UP,933,general,Oracle_2,False,2024-03-15T15:19:18,2024-03-15T15:34:51
2229,747,COUNSELLING,671,self-growth,Oracle_2,True,2025-03-19T22:54:16,2025-03-19T23:05:27
2230,770,WRAP_UP,1284,self-growth,Oracle_5,False,2024-12-25T10:25:24,2024-12-25T10:46:48
2231,581,SESSION_END,617,self-growth,Oracle_1,False,2024-06-16T11:26:15,2024-06-16T11:36:32
2232,169,WRAP_UP,861,anxiety,Oracle_1,False,2024-06-28T16:11:44,2024-06-28T16:26:05
2233,818,SESSION_END,916,general,Oracle_4,False,2024-01-22T23:53:33,2024-01-23T00:08:49
2234,983,WRAP_UP,1114,family,Oracle_5,False,2025-05-18T21:32:44,2025-05-18T21:51:18
2235,431,SESSION_END,1183,family,Oracle_2,False,2024-08-27T19:50:28,2024-08-27T20:10:11
2236,119,COUNSELLING,609,general,Oracle_3,True,2024-10-23T21:18:24,2024-10-23T21:28:33
2237,317,COUNSELLING,819,career,Oracle_3,True,2025-03-25T02:46:20,2025-03-25T02:59:59
2238,187,COUNSELLING,1114,career,Oracle_2,True,2024-02-05T11:32:59,2024-02-05T11:51:33
2239,124,COUNSELLING,908,general,Oracle_4,True,2025-01-12T17:06:06,2025-01-12T17:21:14
2240,279,WRAP_UP,611,family,Oracle_4,False,2024-08-08T15:51:58,2024-08-08T16:02:09
2241,8,COUNSELLING,1174,self-growth,Oracle_4,True,2024-12-26T14:34:05,2024-12-26T14:53:39
2242,314,WRAP_UP,1305,family,Oracle_4,False,2025-01-20T13:47:12,2025-01-20T14:08:57
2243,305,WRAP_UP,1088,general,Oracle_4,False,2024-03-10T03:34:53,2024-03-10T03:53:01
2244,836,WRAP_UP,947,career,Oracle_1,False,2024-11-27T08:58:02,2024-11-27T09:13:49
2245,264,COUNSELLING,744,family,Oracle_4,True,2024-06-20T08:06:37,2024-06-20T08:19:01
2246,204,WRAP_UP,1123,relationship,Oracle_5,False,2024-07-30T13:53:48,2024-07-30T14:12:31
2247,437,COUNSELLING,640,general,Oracle_5,True,2025-05-08T05:03:59,2025-05-08T05:14:39
2248,666,COUNSELLING,918,family,Oracle_2,True,2024-10-22T06:38:19,2024-10-22T06:53:37
2249,329,COUNSELLING,985,career,Oracle_2,True,2024-01-07T04:19:47,2024-01-07T04:36:12
2250,377,COUNSELLING,1062,family,Oracle_2,True,2025-02-14T21:34:36,2025-02-14T21:52:18
2251,474,WRAP_UP,778,anxiety,Oracle_5,False,2024-08-31T21:38:13,2024-08-31T21:51:11
2252,297,WRAP_UP,1283,general,Oracle_4,False,2025-04-20T03:21:46,2025-04-20T03:43:09
2253,358,WRAP_UP,906,family,Oracle_3,False,2024-07-22T06:54:42,2024-07-22T07:09:48
2254,764,WRAP_UP,1675,career,Oracle_3,False,2024-02-26T16:42:19,2024-02-26T17:10:14
2255,627,SESSION_END,1022,relationship,Oracle_3,False,2024-07-19T18:23:31,2024-07-19T18:40:33
2256,593,WRAP_UP,810,anxiety,Oracle_3,False,2024-11-14T09:25:21,2024-11-14T09:38:51
2257,18,SESSION_END,757,general,Oracle_5,False,2024-09-11T21:52:04,2024-09-11T22:04:41
2258,431,WRAP_UP,1189,career,Oracle_5,False,2024-06-18T17:37:30,2024-06-18T17:57:19
2259,686,WRAP_UP,814,general,Oracle_5,False,2024-01-07T04:41:06,2024-01-07T04:54:40
2260,457,COUNSELLING,1208,career,Oracle_1,True,2024-05-14T15:14:15,2024-05-14T15:34:23
2261,882,WRAP_UP,761,anxiety,Oracle_3,False,2025-02-06T18:53:05,2025-02-06T19:05:46
2262,198,WRAP_UP,1279,family,Oracle_3,False,2024-10-14T19:26:28,2024-10-14T19:47:47
2263,484,COUNSELLING,729,general,Oracle_1,True,2024-01-08T21:24:29,2024-01-08T21:36:38
2264,310,WRAP_UP,845,family,Oracle_1,False,2024-10-23T07:42:08,2024-10-23T07:56:13
2265,152,SESSION_END,888,self-growth,Oracle_1,False,2024-10-03T08:03:41,2024-10-03T08:18:29
2266,140,WRAP_UP,920,relationship,Oracle_4,False,2024-09-15T21:30:22,2024-09-15T21:45:42
2267,886,WRAP_UP,996,family,Oracle_4,False,2025-05-02T18:51:04,2025-05-02T19:07:40
2268,987,WRAP_UP,1265,relationship,Oracle_5,False,2024-03-02T06:27:14,2024-03-02T06:48:19
2269,625,WRAP_UP,1070,career,Oracle_3,False,2024-05-26T22:03:34,2024-05-26T22:21:24
2270,713,SESSION_END,656,family,Oracle_1,False,2024-03-06T17:50:33,2024-03-06T18:01:29
2271,229,SESSION_END,845,general,Oracle_2,False,2024-05-22T13:56:24,2024-05-22T14:10:29
2272,849,COUNSELLING,849,anxiety,Oracle_1,True,2024-04-15T10:13:31,2024-04-15T10:27:40
2273,879,COUNSELLING,1017,career,Oracle_2,True,2024-11-11T19:09:12,2024-11-11T19:26:09
2274,672,COUNSELLING,1053,relationship,Oracle_4,True,2024-06-29T04:37:12,2024-06-29T04:54:45
2275,732,WRAP_UP,768,general,Oracle_1,False,2024-01-22T18:20:17,2024-01-22T18:33:05
2276,566,SESSION_END,595,self-growth,Oracle_3,False,2025-03-18T00:26:10,2025-03-18T00:36:05
2277,391,SESSION_END,939,general,Oracle_4,False,2025-05-17T06:06:56,2025-05-17T06:22:35
2278,449,COUNSELLING,708,family,Oracle_2,True,2024-07-23T15:55:14,2024-07-23T16:07:02
2279,39,WRAP_UP,1034,family,Oracle_1,False,2024-10-11T18:09:20,2024-10-11T18:26:34
2280,168,WRAP_UP,1191,career,Oracle_4,False,2024-11-23T20:58:02,2024-11-23T21:17:53
2281,347,WRAP_UP,1097,career,Oracle_2,False,2024-05-03T20:58:46,2024-05-03T21:17:03
2282,206,SESSION_END,807,career,Oracle_2,False,2025-04-29T08:54:16,2025-04-29T09:07:43
2283,10,COUNSELLING,1013,career,Oracle_2,True,2024-03-24T17:40:14,2024-03-24T17:57:07
2284,210,SESSION_END,1248,relationship,Oracle_3,False,2024-06-02T05:21:09,2024-06-02T05:41:57
2285,419,SESSION_END,858,anxiety,Oracle_3,False,2024-12-20T09:56:28,2024-12-20T10:10:46
2286,956,WRAP_UP,834,relationship,Oracle_4,False,2024-04-20T06:58:06,2024-04-20T07:12:00
2287,625,WRAP_UP,721,general,Oracle_3,False,2024-05-14T19:24:26,2024-05-14T19:36:27
2288,658,SESSION_END,1232,family,Oracle_2,False,2024-05-14T09:43:42,2024-05-14T10:04:14
2289,753,WRAP_UP,769,general,Oracle_2,False,2024-01-23T13:24:28,2024-01-23T13:37:17
2290,278,SESSION_END,728,self-growth,Oracle_2,False,2024-02-06T05:55:50,2024-02-06T06:07:58
2291,554,SESSION_END,1167,family,Oracle_2,False,2024-05-06T22:07:10,2024-05-06T22:26:37
2292,300,SESSION_END,1191,relationship,Oracle_4,False,2024-12-07T06:00:51,2024-12-07T06:20:42
2293,939,WRAP_UP,835,family,Oracle_4,False,2025-01-04T22:38:03,2025-01-04T22:51:58
2294,329,SESSION_END,399,family,Oracle_1,False,2024-07-23T19:54:15,2024-07-23T20:00:54
2295,396,SESSION_END,461,family,Oracle_4,False,2024-04-29T16:22:27,2024-04-29T16:30:08
2296,645,SESSION_END,1036,career,Oracle_2,False,2024-05-19T17:10:56,2024-05-19T17:28:12
2297,325,COUNSELLING,1055,general,Oracle_4,True,2024-09-23T14:29:48,2024-09-23T14:47:23
2298,404,WRAP_UP,624,general,Oracle_2,False,2025-01-28T21:38:55,2025-01-28T21:49:19
2299,970,SESSION_END,813,career,Oracle_2,False,2024-02-29T06:30:19,2024-02-29T06:43:52
2300,103,COUNSELLING,1243,career,Oracle_1,True,2024-02-06T14:52:13,2024-02-06T15:12:56
2301,544,SESSION_END,976,anxiety,Oracle_4,False,2025-03-05T08:55:07,2025-03-05T09:11:23
2302,827,SESSION_END,1023,self-growth,Oracle_1,False,2024-12-18T22:54:07,2024-12-18T23:11:10
2303,884,SESSION_END,1097,anxiety,Oracle_2,False,2025-04-09T16:27:13,2025-04-09T16:45:30
2304,361,WRAP_UP,576,relationship,Oracle_2,False,2024-10-02T16:55:38,2024-10-02T17:05:14
2305,613,SESSION_END,776,family,Oracle_4,False,2024-04-20T09:01:43,2024-04-20T09:14:39
2306,969,SESSION_END,964,anxiety,Oracle_5,False,2024-06-20T02:54:50,2024-06-20T03:10:54
2307,466,COUNSELLING,1034,career,Oracle_1,True,2024-04-22T02:43:45,2024-04-22T03:00:59
2308,385,WRAP_UP,1266,career,Oracle_5,False,2024-07-21T11:17:54,2024-07-21T11:39:00
2309,901,SESSION_END,1115,self-growth,Oracle_5,False,2024-01-02T04:06:21,2024-01-02T04:24:56
2310,837,WRAP_UP,961,career,Oracle_3,False,2024-08-16T16:31:44,2024-08-16T16:47:45
2311,454,WRAP_UP,756,relationship,Oracle_1,False,2024-09-13T18:42:42,2024-09-13T18:55:18
2312,278,COUNSELLING,945,anxiety,Oracle_1,True,2024-05-09T02:22:51,2024-05-09T02:38:36
2313,881,WRAP_UP,930,family,Oracle_5,False,2024-02-25T10:27:36,2024-02-25T10:43:06
2314,785,COUNSELLING,597,family,Oracle_4,True,2024-12-14T02:57:40,2024-12-14T03:07:37
2315,264,SESSION_END,493,general,Oracle_2,False,2024-06-11T11:49:40,2024-06-11T11:57:53
2316,971,WRAP_UP,890,general,Oracle_3,False,2024-06-30T02:37:51,2024-06-30T02:52:41
2317,190,WRAP_UP,908,anxiety,Oracle_5,False,2024-10-05T14:31:01,2024-10-05T14:46:09
2318,158,WRAP_UP,1131,relationship,Oracle_5,False,2024-09-28T07:13:53,2024-09-28T07:32:44
2319,86,SESSION_END,1328,career,Oracle_2,False,2024-05-02T11:08:34,2024-05-02T11:30:42
2320,607,COUNSELLING,933,family,Oracle_4,True,2024-09-07T13:19:58,2024-09-07T13:35:31
2321,224,COUNSELLING,880,relationship,Oracle_4,True,2025-03-27T17:10:10,2025-03-27T17:24:50
2322,239,SESSION_END,1266,anxiety,Oracle_4,False,2025-05-16T13:42:03,2025-05-16T14:03:09
2323,177,SESSION_END,907,general,Oracle_3,False,2024-09-17T09:02:15,2024-09-17T09:17:22
2324,639,COUNSELLING,771,general,Oracle_3,True,2025-03-04T03:34:32,2025-03-04T03:47:23
2325,100,SESSION_END,1181,career,Oracle_1,False,2024-02-01T09:59:45,2024-02-01T10:19:26
2326,280,SESSION_END,965,general,Oracle_1,False,2024-05-01T23:19:28,2024-05-01T23:35:33
2327,839,COUNSELLING,892,self-growth,Oracle_1,True,2024-05-14T07:00:38,2024-05-14T07:15:30
2328,382,SESSION_END,768,self-growth,Oracle_5,False,2024-10-16T07:42:25,2024-10-16T07:55:13
2329,158,WRAP_UP,1127,anxiety,Oracle_1,False,2024-01-07T13:15:37,2024-01-07T13:34:24
2330,782,COUNSELLING,710,general,Oracle_3,True,2024-09-10T18:26:21,2024-09-10T18:38:11
2331,570,COUNSELLING,657,general,Oracle_1,True,2024-04-13T17:50:09,2024-04-13T18:01:06
2332,44,COUNSELLING,1119,anxiety,Oracle_4,True,2025-01-25T06:50:01,2025-01-25T07:08:40
2333,453,SESSION_END,959,self-growth,Oracle_4,False,2024-10-28T03:33:53,2024-10-28T03:49:52
2334,289,SESSION_END,748,anxiety,Oracle_4,False,2025-04-07T18:23:34,2025-04-07T18:36:02
2335,742,SESSION_END,1224,career,Oracle_2,False,2024-12-04T17:50:31,2024-12-04T18:10:55
2336,184,COUNSELLING,1091,relationship,Oracle_3,True,2024-01-14T06:54:41,2024-01-14T07:12:52
2337,707,COUNSELLING,1099,relationship,Oracle_1,True,2024-06-17T12:23:35,2024-06-17T12:41:54
2338,289,SESSION_END,970,self-growth,Oracle_4,False,2024-03-10T22:36:32,2024-03-10T22:52:42
2339,884,WRAP_UP,491,general,Oracle_3,False,2025-04-21T02:31:09,2025-04-21T02:39:20
2340,590,SESSION_END,698,self-growth,Oracle_2,False,2025-02-02T23:49:28,2025-02-03T00:01:06
2341,114,SESSION_END,880,self-growth,Oracle_1,False,2024-11-14T07:37:24,2024-11-14T07:52:04
2342,756,SESSION_END,1048,self-growth,Oracle_1,False,2024-02-18T10:59:45,2024-02-18T11:17:13
2343,357,WRAP_UP,1209,career,Oracle_1,False,2024-03-15T20:18:08,2024-03-15T20:38:17
2344,330,COUNSELLING,1028,self-growth,Oracle_3,True,2024-05-19T09:23:05,2024-05-19T09:40:13
2345,251,SESSION_END,953,general,Oracle_4,False,2024-05-05T16:53:39,2024-05-05T17:09:32
2346,863,COUNSELLING,619,general,Oracle_5,True,2025-03-14T12:04:20,2025-03-14T12:14:39
2347,64,WRAP_UP,1133,relationship,Oracle_2,False,2024-12-04T18:22:58,2024-12-04T18:41:51
2348,879,COUNSELLING,1329,career,Oracle_2,True,2025-03-07T17:02:57,2025-03-07T17:25:06
2349,904,WRAP_UP,527,general,Oracle_2,False,2024-06-07T07:58:36,2024-06-07T08:07:23
2350,835,SESSION_END,593,anxiety,Oracle_3,False,2025-01-27T18:09:06,2025-01-27T18:18:59
2351,651,WRAP_UP,1117,relationship,Oracle_4,False,2024-07-11T11:55:34,2024-07-11T12:14:11
2352,566,SESSION_END,1097,family,Oracle_1,False,2024-01-01T15:17:41,2024-01-01T15:35:58
2353,195,SESSION_END,1183,career,Oracle_2,False,2025-04-17T20:21:58,2025-04-17T20:41:41
2354,102,SESSION_END,976,self-growth,Oracle_2,False,2024-09-28T07:56:19,2024-09-28T08:12:35
2355,473,SESSION_END,665,self-growth,Oracle_4,False,2024-01-16T08:48:58,2024-01-16T09:00:03
2356,976,SESSION_END,928,anxiety,Oracle_1,False,2025-05-20T08:51:27,2025-05-20T09:06:55
2357,433,SESSION_END,1267,self-growth,Oracle_5,False,2025-02-22T01:15:53,2025-02-22T01:37:00
2358,103,SESSION_END,856,self-growth,Oracle_5,False,2024-02-28T07:13:35,2024-02-28T07:27:51
2359,131,WRAP_UP,1292,anxiety,Oracle_3,False,2024-03-26T23:01:10,2024-03-26T23:22:42
2360,994,SESSION_END,1019,general,Oracle_3,False,2025-02-24T05:18:08,2025-02-24T05:35:07
2361,359,SESSION_END,1210,self-growth,Oracle_4,False,2024-04-27T00:47:27,2024-04-27T01:07:37
2362,386,WRAP_UP,878,family,Oracle_4,False,2025-02-18T15:59:39,2025-02-18T16:14:17
2363,783,WRAP_UP,1060,career,Oracle_4,False,2024-09-08T09:41:52,2024-09-08T09:59:32
2364,210,SESSION_END,859,family,Oracle_3,False,2024-09-23T17:58:22,2024-09-23T18:12:41
2365,229,WRAP_UP,701,general,Oracle_3,False,2024-12-11T03:03:14,2024-12-11T03:14:55
2366,908,SESSION_END,1120,career,Oracle_3,False,2024-12-11T16:22:01,2024-12-11T16:40:41
2367,643,COUNSELLING,804,anxiety,Oracle_1,True,2024-08-24T12:31:48,2024-08-24T12:45:12
2368,783,WRAP_UP,818,anxiety,Oracle_1,False,2025-01-11T06:27:08,2025-01-11T06:40:46
2369,576,WRAP_UP,914,relationship,Oracle_5,False,2024-07-16T23:52:07,2024-07-17T00:07:21
2370,361,WRAP_UP,1122,self-growth,Oracle_3,False,2024-11-11T01:27:21,2024-11-11T01:46:03
2371,78,COUNSELLING,535,general,Oracle_1,True,2024-08-22T18:42:07,2024-08-22T18:51:02
2372,421,WRAP_UP,811,anxiety,Oracle_3,False,2025-02-07T02:37:44,2025-02-07T02:51:15
2373,212,SESSION_END,1126,anxiety,Oracle_5,False,2025-03-29T19:45:59,2025-03-29T20:04:45
2374,29,SESSION_END,897,family,Oracle_2,False,2025-04-14T20:40:31,2025-04-14T20:55:28
2375,679,WRAP_UP,966,self-growth,Oracle_1,False,2024-05-12T17:49:55,2024-05-12T18:06:01
2376,856,COUNSELLING,894,relationship,Oracle_4,True,2024-04-18T09:13:57,2024-04-18T09:28:51
2377,41,SESSION_END,1209,anxiety,Oracle_5,False,2024-07-29T03:35:45,2024-07-29T03:55:54
2378,854,SESSION_END,928,family,Oracle_1,False,2024-06-20T23:55:55,2024-06-21T00:11:23
2379,570,SESSION_END,975,general,Oracle_4,False,2024-09-13T05:24:33,2024-09-13T05:40:48
2380,313,SESSION_END,584,self-growth,Oracle_5,False,2025-04-25T16:16:53,2025-04-25T16:26:37
2381,755,SESSION_END,764,anxiety,Oracle_1,False,2024-07-02T17:50:34,2024-07-02T18:03:18
2382,153,SESSION_END,891,anxiety,Oracle_1,False,2024-02-06T16:40:44,2024-02-06T16:55:35
2383,218,WRAP_UP,1032,relationship,Oracle_5,False,2025-04-04T22:55:15,2025-04-04T23:12:27
2384,365,WRAP_UP,637,self-growth,Oracle_3,False,2024-10-27T21:42:26,2024-10-27T21:53:03
2385,100,SESSION_END,973,general,Oracle_3,False,2025-05-31T11:52:22,2025-05-31T12:08:35
2386,443,WRAP_UP,466,anxiety,Oracle_1,False,2024-01-16T03:36:43,2024-01-16T03:44:29
2387,544,COUNSELLING,1220,anxiety,Oracle_1,True,2024-01-25T06:10:10,2024-01-25T06:30:30
2388,647,SESSION_END,889,career,Oracle_2,False,2024-02-06T23:25:47,2024-02-06T23:40:36
2389,278,WRAP_UP,1082,family,Oracle_4,False,2024-02-03T14:32:02,2024-02-03T14:50:04
2390,496,WRAP_UP,1097,family,Oracle_4,False,2025-03-09T21:32:42,2025-03-09T21:50:59
2391,839,COUNSELLING,1081,family,Oracle_1,True,2024-04-07T21:40:05,2024-04-07T21:58:06
2392,332,WRAP_UP,828,family,Oracle_2,False,2025-01-06T00:43:38,2025-01-06T00:57:26
2393,323,SESSION_END,1077,anxiety,Oracle_1,False,2025-04-18T00:22:00,2025-04-18T00:39:57
2394,340,WRAP_UP,1092,career,Oracle_1,False,2024-12-07T10:18:21,2024-12-07T10:36:33
2395,265,WRAP_UP,905,anxiety,Oracle_3,False,2024-09-09T23:07:15,2024-09-09T23:22:20
2396,612,WRAP_UP,1295,career,Oracle_1,False,2024-05-12T14:29:50,2024-05-12T14:51:25
2397,869,WRAP_UP,1516,career,Oracle_3,False,2024-04-16T13:13:06,2024-04-16T13:38:22
2398,342,SESSION_END,854,self-growth,Oracle_5,False,2024-05-09T02:38:33,2024-05-09T02:52:47
2399,58,WRAP_UP,1108,relationship,Oracle_1,False,2024-03-11T23:54:17,2024-03-12T00:12:45
2400,952,SESSION_END,931,self-growth,Oracle_2,False,2025-05-12T04:11:21,2025-05-12T04:26:52
2401,649,WRAP_UP,994,anxiety,Oracle_2,False,2025-02-27T18:18:26,2025-02-27T18:35:00
2402,633,WRAP_UP,654,family,Oracle_3,False,2025-03-06T09:59:24,2025-03-06T10:10:18
2403,176,WRAP_UP,1324,career,Oracle_3,False,2024-04-18T16:43:42,2024-04-18T17:05:46
2404,104,COUNSELLING,1296,anxiety,Oracle_3,True,2025-01-25T04:36:53,2025-01-25T04:58:29
2405,501,WRAP_UP,1065,family,Oracle_5,False,2024-02-10T13:33:09,2024-02-10T13:50:54
2406,873,COUNSELLING,913,self-growth,Oracle_5,True,2024-08-27T15:06:52,2024-08-27T15:22:05
2407,95,WRAP_UP,882,family,Oracle_2,False,2024-10-11T08:59:56,2024-10-11T09:14:38
2408,366,WRAP_UP,1283,career,Oracle_4,False,2024-03-28T02:20:51,2024-03-28T02:42:14
2409,122,WRAP_UP,951,family,Oracle_2,False,2025-04-13T09:22:45,2025-04-13T09:38:36
2410,38,SESSION_END,1057,family,Oracle_2,False,2024-06-21T14:57:25,2024-06-21T15:15:02
2411,128,SESSION_END,772,general,Oracle_2,False,2024-06-05T03:38:35,2024-06-05T03:51:27
2412,846,SESSION_END,786,self-growth,Oracle_1,False,2024-11-27T18:10:07,2024-11-27T18:23:13
2413,526,SESSION_END,1057,anxiety,Oracle_2,False,2024-09-30T21:25:55,2024-09-30T21:43:32
2414,492,SESSION_END,484,general,Oracle_5,False,2024-08-09T13:16:40,2024-08-09T13:24:44
2415,446,SESSION_END,1100,career,Oracle_4,False,2024-08-25T11:12:43,2024-08-25T11:31:03
2416,335,WRAP_UP,934,self-growth,Oracle_4,False,2024-06-24T20:53:24,2024-06-24T21:08:58
2417,832,COUNSELLING,321,general,Oracle_4,True,2024-10-03T16:48:11,2024-10-03T16:53:32
2418,703,COUNSELLING,930,anxiety,Oracle_4,True,2024-08-04T20:58:10,2024-08-04T21:13:40
2419,509,WRAP_UP,997,relationship,Oracle_4,False,2025-04-05T04:48:41,2025-04-05T05:05:18
2420,603,SESSION_END,554,relationship,Oracle_4,False,2024-06-12T00:49:20,2024-06-12T00:58:34
2421,140,WRAP_UP,935,general,Oracle_3,False,2024-11-29T23:59:51,2024-11-30T00:15:26
2422,995,COUNSELLING,718,family,Oracle_5,True,2025-04-01T08:34:31,2025-04-01T08:46:29
2423,600,SESSION_END,1276,relationship,Oracle_4,False,2024-09-21T07:21:34,2024-09-21T07:42:50
2424,234,COUNSELLING,800,general,Oracle_3,True,2024-06-30T17:11:29,2024-06-30T17:24:49
2425,168,WRAP_UP,934,relationship,Oracle_2,False,2024-08-11T07:11:56,2024-08-11T07:27:30
2426,667,WRAP_UP,758,family,Oracle_5,False,2025-04-25T23:42:57,2025-04-25T23:55:35
2427,742,WRAP_UP,1170,anxiety,Oracle_4,False,2024-10-15T02:44:03,2024-10-15T03:03:33
2428,337,WRAP_UP,1226,self-growth,Oracle_2,False,2025-02-07T19:37:30,2025-02-07T19:57:56
2429,969,SESSION_END,753,general,Oracle_4,False,2025-03-29T10:57:03,2025-03-29T11:09:36
2430,749,SESSION_END,789,general,Oracle_3,False,2024-04-16T22:08:58,2024-04-16T22:22:07
2431,542,COUNSELLING,412,general,Oracle_4,True,2024-03-04T15:38:43,2024-03-04T15:45:35
2432,15,WRAP_UP,650,family,Oracle_3,False,2024-07-23T00:56:10,2024-07-23T01:07:00
2433,831,SESSION_END,718,relationship,Oracle_5,False,2024-05-04T04:18:14,2024-05-04T04:30:12
2434,401,COUNSELLING,872,general,Oracle_2,True,2024-05-21T12:55:26,2024-05-21T13:09:58
2435,654,WRAP_UP,1024,relationship,Oracle_1,False,2024-03-29T14:32:53,2024-03-29T14:49:57
2436,592,WRAP_UP,751,career,Oracle_1,False,2025-02-22T11:24:42,2025-02-22T11:37:13
2437,282,SESSION_END,878,family,Oracle_2,False,2025-03-20T22:51:33,2025-03-20T23:06:11
2438,854,SESSION_END,743,relationship,Oracle_3,False,2024-10-14T16:52:41,2024-10-14T17:05:04
2439,152,WRAP_UP,598,general,Oracle_1,False,2024-10-17T05:41:30,2024-10-17T05:51:28
2440,644,SESSION_END,767,self-growth,Oracle_1,False,2024-12-26T22:15:09,2024-12-26T22:27:56
2441,788,SESSION_END,821,self-growth,Oracle_1,False,2024-04-04T09:37:48,2024-04-04T09:51:29
2442,590,SESSION_END,1104,career,Oracle_2,False,2024-01-09T02:31:36,2024-01-09T02:50:00
2443,982,COUNSELLING,516,general,Oracle_3,True,2024-04-14T09:25:05,2024-04-14T09:33:41
2444,358,WRAP_UP,918,relationship,Oracle_5,False,2024-02-02T19:49:50,2024-02-02T20:05:08
2445,61,SESSION_END,1035,self-growth,Oracle_3,False,2024-02-03T04:17:35,2024-02-03T04:34:50
2446,336,WRAP_UP,769,relationship,Oracle_4,False,2024-06-13T19:16:25,2024-06-13T19:29:14
2447,212,COUNSELLING,789,anxiety,Oracle_4,True,2025-02-16T09:14:44,2025-02-16T09:27:53
2448,211,SESSION_END,1217,anxiety,Oracle_1,False,2024-12-07T15:47:09,2024-12-07T16:07:26
2449,223,WRAP_UP,715,self-growth,Oracle_5,False,2024-07-06T23:06:15,2024-07-06T23:18:10
2450,62,COUNSELLING,782,self-growth,Oracle_5,True,2024-09-16T07:39:53,2024-09-16T07:52:55
2451,330,COUNSELLING,848,anxiety,Oracle_1,True,2024-07-10T07:33:21,2024-07-10T07:47:29
2452,667,WRAP_UP,776,family,Oracle_5,False,2024-07-04T22:54:11,2024-07-04T23:07:07
2453,500,COUNSELLING,486,general,Oracle_4,True,2024-03-19T15:39:37,2024-03-19T15:47:43
2454,298,SESSION_END,1476,career,Oracle_2,False,2025-05-27T15:45:03,2025-05-27T16:09:39
2455,859,WRAP_UP,499,general,Oracle_5,False,2024-05-03T00:56:17,2024-05-03T01:04:36
2456,609,WRAP_UP,979,anxiety,Oracle_1,False,2024-11-14T08:19:47,2024-11-14T08:36:06
2457,352,SESSION_END,1029,career,Oracle_4,False,2024-02-23T08:26:13,2024-02-23T08:43:22
2458,79,WRAP_UP,1126,relationship,Oracle_2,False,2024-09-08T03:18:16,2024-09-08T03:37:02
2459,343,WRAP_UP,587,general,Oracle_1,False,2024-10-16T22:54:32,2024-10-16T23:04:19
2460,39,SESSION_END,1224,career,Oracle_4,False,2024-04-15T03:27:34,2024-04-15T03:47:58
2461,220,WRAP_UP,836,relationship,Oracle_1,False,2025-01-30T10:30:02,2025-01-30T10:43:58
2462,270,WRAP_UP,941,self-growth,Oracle_1,False,2024-12-18T01:53:38,2024-12-18T02:09:19
2463,542,WRAP_UP,845,general,Oracle_4,False,2025-03-22T21:11:53,2025-03-22T21:25:58
2464,589,WRAP_UP,580,relationship,Oracle_5,False,2024-07-21T01:07:56,2024-07-21T01:17:36
2465,642,SESSION_END,955,self-growth,Oracle_5,False,2024-08-04T02:23:22,2024-08-04T02:39:17
2466,522,WRAP_UP,1179,anxiety,Oracle_1,False,2024-09-29T07:45:03,2024-09-29T08:04:42
2467,877,WRAP_UP,429,self-growth,Oracle_4,False,2024-04-15T11:12:42,2024-04-15T11:19:51
2468,127,SESSION_END,860,anxiety,Oracle_4,False,2024-01-17T12:33:25,2024-01-17T12:47:45
2469,826,SESSION_END,801,general,Oracle_1,False,2024-07-29T11:36:11,2024-07-29T11:49:32
2470,208,SESSION_END,573,family,Oracle_4,False,2025-01-28T23:57:29,2025-01-29T00:07:02
2471,211,WRAP_UP,857,general,Oracle_2,False,2024-06-30T18:45:18,2024-06-30T18:59:35
2472,415,WRAP_UP,866,family,Oracle_3,False,2024-01-11T19:34:21,2024-01-11T19:48:47
2473,97,SESSION_END,1069,career,Oracle_2,False,2024-09-28T03:49:08,2024-09-28T04:06:57
2474,525,SESSION_END,771,self-growth,Oracle_5,False,2024-05-24T16:41:30,2024-05-24T16:54:21
2475,131,COUNSELLING,948,anxiety,Oracle_3,True,2024-01-31T16:41:30,2024-01-31T16:57:18
2476,70,SESSION_END,960,self-growth,Oracle_5,False,2024-03-07T00:22:31,2024-03-07T00:38:31
2477,36,WRAP_UP,816,self-growth,Oracle_1,False,2024-08-05T02:13:45,2024-08-05T02:27:21
2478,21,WRAP_UP,1025,relationship,Oracle_3,False,2025-04-04T11:34:24,2025-04-04T11:51:29
2479,103,WRAP_UP,479,general,Oracle_1,False,2025-03-03T20:22:12,2025-03-03T20:30:11
2480,61,WRAP_UP,972,general,Oracle_2,False,2024-03-17T17:35:30,2024-03-17T17:51:42
2481,148,WRAP_UP,1218,family,Oracle_4,False,2025-03-09T10:15:51,2025-03-09T10:36:09
2482,155,WRAP_UP,896,self-growth,Oracle_4,False,2025-03-22T02:24:13,2025-03-22T02:39:09
2483,210,COUNSELLING,1346,career,Oracle_2,True,2024-08-19T21:19:30,2024-08-19T21:41:56
2484,190,COUNSELLING,1010,family,Oracle_2,True,2025-05-16T12:27:45,2025-05-16T12:44:35
2485,177,COUNSELLING,687,anxiety,Oracle_2,True,2024-01-28T12:45:43,2024-01-28T12:57:10
2486,313,SESSION_END,901,anxiety,Oracle_2,False,2024-10-23T07:20:57,2024-10-23T07:35:58
2487,52,COUNSELLING,750,anxiety,Oracle_2,True,2025-05-22T01:01:53,2025-05-22T01:14:23
2488,58,SESSION_END,1077,career,Oracle_3,False,2025-04-06T19:20:32,2025-04-06T19:38:29
2489,799,WRAP_UP,1126,career,Oracle_2,False,2024-10-06T22:10:28,2024-10-06T22:29:14
2490,420,SESSION_END,644,general,Oracle_4,False,2024-09-20T06:44:59,2024-09-20T06:55:43
2491,488,SESSION_END,843,general,Oracle_5,False,2024-09-16T01:36:19,2024-09-16T01:50:22
2492,989,COUNSELLING,1104,relationship,Oracle_2,True,2024-12-24T09:01:25,2024-12-24T09:19:49
2493,631,COUNSELLING,960,anxiety,Oracle_2,True,2024-12-16T16:01:46,2024-12-16T16:17:46
2494,165,COUNSELLING,966,relationship,Oracle_4,True,2025-02-23T20:19:07,2025-02-23T20:35:13
2495,580,WRAP_UP,1238,relationship,Oracle_2,False,2025-01-19T22:55:10,2025-01-19T23:15:48
2496,191,COUNSELLING,826,relationship,Oracle_3,True,2024-07-16T04:46:29,2024-07-16T05:00:15
2497,892,WRAP_UP,1032,self-growth,Oracle_5,False,2024-03-27T04:25:55,2024-03-27T04:43:07
2498,172,SESSION_END,300,general,Oracle_1,False,2025-01-03T03:16:23,2025-01-03T03:21:23
2499,466,WRAP_UP,1422,family,Oracle_3,False,2024-06-24T05:10:11,2024-06-24T05:33:53
2500,301,COUNSELLING,1323,career,Oracle_1,True,2024-04-22T00:32:35,2024-04-22T00:54:38
2501,664,COUNSELLING,883,anxiety,Oracle_3,True,2025-04-01T11:46:02,2025-04-01T12:00:45
2502,774,COUNSELLING,1136,relationship,Oracle_1,True,2025-05-30T23:48:10,2025-05-31T00:07:06
2503,598,WRAP_UP,967,family,Oracle_4,False,2024-05-20T00:56:00,2024-05-20T01:12:07
2504,632,SESSION_END,803,relationship,Oracle_3,False,2024-11-22T17:47:14,2024-11-22T18:00:37
2505,324,SESSION_END,940,relationship,Oracle_5,False,2024-12-27T15:45:41,2024-12-27T16:01:21
2506,838,SESSION_END,915,family,Oracle_3,False,2024-04-14T00:45:28,2024-04-14T01:00:43
2507,971,WRAP_UP,739,family,Oracle_1,False,2024-10-23T21:56:05,2024-10-23T22:08:24
2508,135,COUNSELLING,926,relationship,Oracle_3,True,2024-03-26T18:45:10,2024-03-26T19:00:36
2509,979,SESSION_END,821,general,Oracle_3,False,2024-11-10T06:21:15,2024-11-10T06:34:56
2510,751,WRAP_UP,906,general,Oracle_4,False,2024-07-17T07:07:23,2024-07-17T07:22:29
2511,570,WRAP_UP,1115,anxiety,Oracle_1,False,2024-02-15T15:52:37,2024-02-15T16:11:12
2512,513,WRAP_UP,879,general,Oracle_1,False,2024-07-20T00:42:55,2024-07-20T00:57:34
2513,524,SESSION_END,935,self-growth,Oracle_4,False,2024-01-26T06:23:04,2024-01-26T06:38:39
2514,299,SESSION_END,705,general,Oracle_4,False,2024-03-07T14:34:15,2024-03-07T14:46:00
2515,308,COUNSELLING,729,relationship,Oracle_2,True,2025-02-14T22:53:15,2025-02-14T23:05:24
2516,403,SESSION_END,580,general,Oracle_3,False,2024-06-02T07:26:20,2024-06-02T07:36:00
2517,236,WRAP_UP,838,family,Oracle_5,False,2024-01-31T08:22:04,2024-01-31T08:36:02
2518,162,WRAP_UP,1497,relationship,Oracle_3,False,2024-09-04T10:24:35,2024-09-04T10:49:32
2519,443,COUNSELLING,1214,career,Oracle_2,True,2024-05-09T07:46:46,2024-05-09T08:07:00
2520,762,SESSION_END,744,self-growth,Oracle_3,False,2024-01-12T07:08:06,2024-01-12T07:20:30
2521,925,COUNSELLING,936,family,Oracle_1,True,2024-02-17T08:22:03,2024-02-17T08:37:39
2522,19,SESSION_END,855,general,Oracle_4,False,2024-08-14T13:30:38,2024-08-14T13:44:53
2523,465,SESSION_END,1382,career,Oracle_1,False,2025-03-17T06:40:33,2025-03-17T07:03:35
2524,125,COUNSELLING,905,family,Oracle_1,True,2024-01-03T01:24:06,2024-01-03T01:39:11
2525,594,SESSION_END,1066,relationship,Oracle_2,False,2025-01-19T01:37:42,2025-01-19T01:55:28
2526,957,WRAP_UP,861,anxiety,Oracle_1,False,2025-04-24T20:10:40,2025-04-24T20:25:01
2527,398,WRAP_UP,833,relationship,Oracle_5,False,2024-03-04T20:19:41,2024-03-04T20:33:34
2528,436,WRAP_UP,1530,anxiety,Oracle_1,False,2024-07-09T06:05:03,2024-07-09T06:30:33
2529,52,WRAP_UP,959,relationship,Oracle_1,False,2024-04-02T05:29:13,2024-04-02T05:45:12
2530,741,SESSION_END,1001,career,Oracle_5,False,2024-03-15T15:49:50,2024-03-15T16:06:31
2531,904,WRAP_UP,958,relationship,Oracle_5,False,2024-04-19T22:09:15,2024-04-19T22:25:13
2532,986,COUNSELLING,731,family,Oracle_2,True,2024-01-15T02:44:02,2024-01-15T02:56:13
2533,652,SESSION_END,1022,family,Oracle_3,False,2024-07-04T18:31:02,2024-07-04T18:48:04
2534,423,COUNSELLING,1016,anxiety,Oracle_4,True,2024-09-06T20:01:16,2024-09-06T20:18:12
2535,967,WRAP_UP,632,general,Oracle_4,False,2024-07-31T07:23:38,2024-07-31T07:34:10
2536,443,COUNSELLING,1371,anxiety,Oracle_1,True,2024-02-11T16:27:13,2024-02-11T16:50:04
2537,60,COUNSELLING,954,general,Oracle_5,True,2024-04-18T04:21:05,2024-04-18T04:36:59
2538,933,SESSION_END,803,relationship,Oracle_2,False,2024-04-17T00:16:14,2024-04-17T00:29:37
2539,526,WRAP_UP,1071,anxiety,Oracle_2,False,2024-10-30T18:17:51,2024-10-30T18:35:42
2540,35,SESSION_END,697,general,Oracle_3,False,2025-01-20T22:31:36,2025-01-20T22:43:13
2541,706,WRAP_UP,962,family,Oracle_2,False,2025-05-09T21:46:28,2025-05-09T22:02:30
2542,422,COUNSELLING,1337,family,Oracle_3,True,2024-06-21T15:23:52,2024-06-21T15:46:09
2543,466,COUNSELLING,1257,relationship,Oracle_2,True,2025-03-10T23:24:42,2025-03-10T23:45:39
2544,565,SESSION_END,984,self-growth,Oracle_1,False,2024-11-21T04:37:42,2024-11-21T04:54:06
2545,644,WRAP_UP,1118,career,Oracle_4,False,2025-05-31T22:54:43,2025-05-31T23:13:21
2546,118,COUNSELLING,1051,relationship,Oracle_2,True,2025-04-12T06:55:02,2025-04-12T07:12:33
2547,225,WRAP_UP,1103,relationship,Oracle_2,False,2025-03-12T04:11:32,2025-03-12T04:29:55
2548,535,SESSION_END,1152,career,Oracle_2,False,2024-03-10T16:42:30,2024-03-10T17:01:42
2549,206,WRAP_UP,1218,career,Oracle_3,False,2024-01-23T19:24:16,2024-01-23T19:44:34
2550,970,SESSION_END,756,general,Oracle_4,False,2025-01-21T14:53:26,2025-01-21T15:06:02
2551,446,WRAP_UP,777,family,Oracle_2,False,2024-08-25T06:12:54,2024-08-25T06:25:51
2552,916,WRAP_UP,1437,career,Oracle_3,False,2024-06-18T22:02:17,2024-06-18T22:26:14
2553,393,COUNSELLING,1145,relationship,Oracle_4,True,2024-10-11T05:49:12,2024-10-11T06:08:17
2554,737,SESSION_END,917,self-growth,Oracle_4,False,2024-08-28T02:33:25,2024-08-28T02:48:42
2555,866,WRAP_UP,944,career,Oracle_4,False,2025-01-16T12:03:15,2025-01-16T12:18:59
2556,548,COUNSELLING,1064,career,Oracle_1,True,2024-09-03T21:09:33,2024-09-03T21:27:17
2557,768,COUNSELLING,362,self-growth,Oracle_4,True,2024-11-02T05:11:11,2024-11-02T05:17:13
2558,4,WRAP_UP,846,general,Oracle_3,False,2024-10-27T22:09:35,2024-10-27T22:23:41
2559,955,SESSION_END,939,self-growth,Oracle_5,False,2024-02-29T11:42:40,2024-02-29T11:58:19
2560,901,WRAP_UP,833,anxiety,Oracle_4,False,2025-02-27T22:01:55,2025-02-27T22:15:48
2561,523,WRAP_UP,528,family,Oracle_2,False,2025-05-29T11:52:18,2025-05-29T12:01:06
2562,593,WRAP_UP,1082,relationship,Oracle_1,False,2024-01-12T16:27:15,2024-01-12T16:45:17
2563,423,WRAP_UP,790,relationship,Oracle_2,False,2024-08-22T01:19:55,2024-08-22T01:33:05
2564,129,WRAP_UP,1139,career,Oracle_3,False,2024-06-11T16:53:42,2024-06-11T17:12:41
2565,55,WRAP_UP,436,family,Oracle_1,False,2024-04-27T03:24:43,2024-04-27T03:31:59
2566,345,WRAP_UP,696,self-growth,Oracle_3,False,2025-04-14T14:35:02,2025-04-14T14:46:38
2567,168,SESSION_END,1100,family,Oracle_3,False,2024-08-02T16:41:53,2024-08-02T17:00:13
2568,659,SESSION_END,1041,relationship,Oracle_4,False,2025-04-20T17:03:55,2025-04-20T17:21:16
2569,793,SESSION_END,921,career,Oracle_4,False,2024-01-02T23:00:11,2024-01-02T23:15:32
2570,240,WRAP_UP,856,family,Oracle_5,False,2025-01-23T16:55:47,2025-01-23T17:10:03
2571,826,WRAP_UP,961,career,Oracle_4,False,2024-01-19T00:27:45,2024-01-19T00:43:46
2572,415,SESSION_END,791,family,Oracle_1,False,2024-09-26T18:27:08,2024-09-26T18:40:19
2573,837,SESSION_END,1328,relationship,Oracle_3,False,2024-10-15T05:14:43,2024-10-15T05:36:51
2574,201,SESSION_END,1039,self-growth,Oracle_2,False,2024-05-24T20:23:25,2024-05-24T20:40:44
2575,884,COUNSELLING,879,relationship,Oracle_4,True,2025-02-14T00:37:51,2025-02-14T00:52:30
2576,5,SESSION_END,1240,career,Oracle_5,False,2025-05-13T13:08:17,2025-05-13T13:28:57
2577,395,SESSION_END,1424,relationship,Oracle_1,False,2024-06-05T14:55:28,2024-06-05T15:19:12
2578,609,SESSION_END,1626,anxiety,Oracle_1,False,2024-03-03T06:41:56,2024-03-03T07:09:02
2579,827,COUNSELLING,1067,family,Oracle_1,True,2025-01-03T19:43:52,2025-01-03T20:01:39
2580,247,WRAP_UP,1033,relationship,Oracle_5,False,2024-03-17T19:39:22,2024-03-17T19:56:35
2581,843,WRAP_UP,1279,anxiety,Oracle_4,False,2025-05-04T14:24:25,2025-05-04T14:45:44
2582,906,WRAP_UP,1233,career,Oracle_1,False,2025-04-24T02:42:45,2025-04-24T03:03:18
2583,740,WRAP_UP,880,general,Oracle_3,False,2025-02-10T21:53:46,2025-02-10T22:08:26
2584,889,SESSION_END,665,family,Oracle_2,False,2024-02-29T20:09:15,2024-02-29T20:20:20
2585,982,WRAP_UP,652,anxiety,Oracle_4,False,2024-01-18T13:55:29,2024-01-18T14:06:21
2586,945,WRAP_UP,1081,career,Oracle_1,False,2025-02-09T21:42:48,2025-02-09T22:00:49
2587,483,SESSION_END,1091,career,Oracle_1,False,2024-11-18T17:30:51,2024-11-18T17:49:02
2588,437,SESSION_END,800,relationship,Oracle_4,False,2025-04-23T03:02:47,2025-04-23T03:16:07
2589,1000,COUNSELLING,1218,career,Oracle_4,True,2025-04-01T18:34:49,2025-04-01T18:55:07
2590,258,SESSION_END,1217,anxiety,Oracle_2,False,2025-02-19T21:57:20,2025-02-19T22:17:37
2591,497,SESSION_END,702,family,Oracle_1,False,2024-03-23T08:46:23,2024-03-23T08:58:05
2592,187,WRAP_UP,967,family,Oracle_4,False,2024-09-30T07:51:14,2024-09-30T08:07:21
2593,888,COUNSELLING,794,general,Oracle_2,True,2024-08-15T16:54:09,2024-08-15T17:07:23
2594,818,WRAP_UP,1274,career,Oracle_2,False,2024-05-24T15:26:50,2024-05-24T15:48:04
2595,994,SESSION_END,1068,relationship,Oracle_5,False,2024-10-24T00:57:00,2024-10-24T01:14:48
2596,361,WRAP_UP,768,anxiety,Oracle_4,False,2024-01-16T11:23:36,2024-01-16T11:36:24
2597,821,WRAP_UP,1214,anxiety,Oracle_2,False,2024-04-01T23:01:38,2024-04-01T23:21:52
2598,592,SESSION_END,1012,family,Oracle_3,False,2024-03-10T11:19:57,2024-03-10T11:36:49
2599,57,COUNSELLING,699,self-growth,Oracle_4,True,2024-04-22T18:34:04,2024-04-22T18:45:43
2600,75,SESSION_END,1113,relationship,Oracle_2,False,2024-06-18T00:05:23,2024-06-18T00:23:56
2601,373,WRAP_UP,1111,relationship,Oracle_1,False,2024-06-13T13:45:13,2024-06-13T14:03:44
2602,635,SESSION_END,647,general,Oracle_5,False,2024-08-12T03:07:06,2024-08-12T03:17:53
2603,876,SESSION_END,1067,family,Oracle_4,False,2024-03-24T05:10:37,2024-03-24T05:28:24
2604,616,WRAP_UP,1045,relationship,Oracle_1,False,2024-06-26T14:01:51,2024-06-26T14:19:16
2605,151,SESSION_END,791,relationship,Oracle_4,False,2025-03-03T05:39:57,2025-03-03T05:53:08
2606,716,SESSION_END,1122,family,Oracle_5,False,2024-06-28T11:47:59,2024-06-28T12:06:41
2607,884,SESSION_END,1047,family,Oracle_3,False,2024-04-02T00:50:32,2024-04-02T01:07:59
2608,934,SESSION_END,1058,anxiety,Oracle_5,False,2025-01-16T01:08:53,2025-01-16T01:26:31
2609,840,SESSION_END,655,general,Oracle_3,False,2024-09-18T17:23:25,2024-09-18T17:34:20
2610,763,COUNSELLING,1156,relationship,Oracle_4,True,2024-02-29T07:27:14,2024-02-29T07:46:30
2611,930,SESSION_END,1138,anxiety,Oracle_4,False,2025-03-13T03:06:51,2025-03-13T03:25:49
2612,519,WRAP_UP,1219,relationship,Oracle_4,False,2024-04-30T05:01:08,2024-04-30T05:21:27
2613,875,COUNSELLING,711,self-growth,Oracle_2,True,2024-05-04T21:05:05,2024-05-04T21:16:56
2614,752,COUNSELLING,722,anxiety,Oracle_3,True,2024-08-17T15:03:02,2024-08-17T15:15:04
2615,446,WRAP_UP,868,self-growth,Oracle_4,False,2024-12-25T07:02:28,2024-12-25T07:16:56
2616,145,WRAP_UP,812,relationship,Oracle_1,False,2024-03-20T00:40:33,2024-03-20T00:54:05
2617,472,COUNSELLING,1037,career,Oracle_3,True,2024-10-25T11:23:16,2024-10-25T11:40:33
2618,773,SESSION_END,839,self-growth,Oracle_1,False,2025-01-08T17:22:07,2025-01-08T17:36:06
2619,222,WRAP_UP,1263,relationship,Oracle_4,False,2024-05-24T05:55:47,2024-05-24T06:16:50
2620,304,WRAP_UP,987,relationship,Oracle_2,False,2024-12-22T12:43:46,2024-12-22T13:00:13
2621,393,COUNSELLING,1092,relationship,Oracle_5,True,2024-11-02T08:39:23,2024-11-02T08:57:35
2622,413,SESSION_END,1277,career,Oracle_5,False,2025-03-07T01:57:35,2025-03-07T02:18:52
2623,854,WRAP_UP,768,family,Oracle_4,False,2024-01-08T23:44:14,2024-01-08T23:57:02
2624,669,SESSION_END,1036,anxiety,Oracle_1,False,2025-01-06T10:56:33,2025-01-06T11:13:49
2625,881,WRAP_UP,905,self-growth,Oracle_4,False,2024-11-07T09:04:13,2024-11-07T09:19:18
2626,428,COUNSELLING,1083,self-growth,Oracle_2,True,2025-04-13T22:34:03,2025-04-13T22:52:06
2627,224,WRAP_UP,560,general,Oracle_3,False,2024-01-24T11:08:48,2024-01-24T11:18:08
2628,530,SESSION_END,592,general,Oracle_1,False,2024-05-16T23:40:48,2024-05-16T23:50:40
2629,711,SESSION_END,888,family,Oracle_5,False,2024-01-20T17:28:41,2024-01-20T17:43:29
2630,967,WRAP_UP,904,general,Oracle_5,False,2024-06-04T08:32:45,2024-06-04T08:47:49
2631,429,COUNSELLING,1062,self-growth,Oracle_4,True,2024-12-15T00:54:06,2024-12-15T01:11:48
2632,975,WRAP_UP,748,family,Oracle_3,False,2024-05-29T00:22:53,2024-05-29T00:35:21
2633,422,COUNSELLING,694,anxiety,Oracle_4,True,2024-12-25T21:54:22,2024-12-25T22:05:56
2634,728,SESSION_END,944,family,Oracle_1,False,2024-12-04T21:51:31,2024-12-04T22:07:15
2635,601,SESSION_END,959,self-growth,Oracle_2,False,2024-04-24T07:18:33,2024-04-24T07:34:32
2636,489,SESSION_END,926,career,Oracle_2,False,2024-12-19T18:02:52,2024-12-19T18:18:18
2637,185,SESSION_END,1125,relationship,Oracle_1,False,2024-03-21T05:25:03,2024-03-21T05:43:48
2638,780,WRAP_UP,980,relationship,Oracle_4,False,2025-05-20T20:09:28,2025-05-20T20:25:48
2639,437,COUNSELLING,510,general,Oracle_3,True,2024-02-14T10:24:00,2024-02-14T10:32:30
2640,162,WRAP_UP,730,general,Oracle_3,False,2024-03-29T13:29:15,2024-03-29T13:41:25
2641,275,SESSION_END,841,general,Oracle_4,False,2024-03-21T10:35:53,2024-03-21T10:49:54
2642,979,COUNSELLING,745,general,Oracle_2,True,2025-03-30T00:07:59,2025-03-30T00:20:24
2643,192,WRAP_UP,1594,relationship,Oracle_1,False,2025-03-02T21:09:25,2025-03-02T21:35:59
2644,98,COUNSELLING,881,family,Oracle_3,True,2024-11-04T18:19:20,2024-11-04T18:34:01
2645,508,COUNSELLING,634,relationship,Oracle_4,True,2024-12-15T23:21:47,2024-12-15T23:32:21
2646,905,SESSION_END,904,relationship,Oracle_2,False,2024-11-06T17:41:53,2024-11-06T17:56:57
2647,457,SESSION_END,1174,relationship,Oracle_2,False,2024-06-03T00:17:28,2024-06-03T00:37:02
2648,190,SESSION_END,900,anxiety,Oracle_3,False,2024-07-16T03:16:17,2024-07-16T03:31:17
2649,386,SESSION_END,860,general,Oracle_3,False,2025-03-13T10:50:07,2025-03-13T11:04:27
2650,802,SESSION_END,796,anxiety,Oracle_1,False,2025-03-07T05:48:32,2025-03-07T06:01:48
2651,553,SESSION_END,1121,career,Oracle_3,False,2024-09-09T12:14:09,2024-09-09T12:32:50
2652,63,WRAP_UP,804,career,Oracle_5,False,2024-03-25T10:47:38,2024-03-25T11:01:02
2653,225,SESSION_END,726,self-growth,Oracle_2,False,2025-01-18T02:57:49,2025-01-18T03:09:55
2654,554,COUNSELLING,1047,relationship,Oracle_1,True,2025-03-20T17:53:13,2025-03-20T18:10:40
2655,842,SESSION_END,856,anxiety,Oracle_1,False,2024-11-29T09:34:32,2024-11-29T09:48:48
2656,129,WRAP_UP,1288,anxiety,Oracle_3,False,2024-11-02T21:48:36,2024-11-02T22:10:04
2657,844,SESSION_END,979,career,Oracle_5,False,2024-06-08T13:06:03,2024-06-08T13:22:22
2658,501,WRAP_UP,844,family,Oracle_4,False,2024-01-19T04:06:46,2024-01-19T04:20:50
2659,741,WRAP_UP,1015,relationship,Oracle_3,False,2025-01-19T14:28:59,2025-01-19T14:45:54
2660,772,SESSION_END,974,anxiety,Oracle_1,False,2024-05-11T18:26:01,2024-05-11T18:42:15
2661,559,SESSION_END,667,relationship,Oracle_5,False,2024-05-13T09:47:20,2024-05-13T09:58:27
2662,48,COUNSELLING,987,career,Oracle_3,True,2024-03-01T09:26:44,2024-03-01T09:43:11
2663,796,SESSION_END,781,family,Oracle_5,False,2025-02-25T03:35:58,2025-02-25T03:48:59
2664,936,SESSION_END,909,relationship,Oracle_3,False,2024-05-01T20:24:27,2024-05-01T20:39:36
2665,981,SESSION_END,1261,career,Oracle_1,False,2024-10-04T16:40:20,2024-10-04T17:01:21
2666,42,WRAP_UP,1144,career,Oracle_1,False,2024-09-24T05:36:09,2024-09-24T05:55:13
2667,117,SESSION_END,883,general,Oracle_2,False,2024-01-26T22:26:21,2024-01-26T22:41:04
2668,876,WRAP_UP,949,anxiety,Oracle_5,False,2024-06-10T16:13:13,2024-06-10T16:29:02
2669,199,COUNSELLING,1344,career,Oracle_2,True,2024-11-02T02:49:19,2024-11-02T03:11:43
2670,607,COUNSELLING,1291,anxiety,Oracle_1,True,2025-02-21T09:55:47,2025-02-21T10:17:18
2671,356,SESSION_END,991,general,Oracle_3,False,2024-07-28T07:12:22,2024-07-28T07:28:53
2672,93,SESSION_END,1402,career,Oracle_3,False,2024-12-11T02:55:49,2024-12-11T03:19:11
2673,770,SESSION_END,815,general,Oracle_4,False,2024-07-07T12:45:23,2024-07-07T12:58:58
2674,412,COUNSELLING,1109,career,Oracle_3,True,2024-12-23T03:01:38,2024-12-23T03:20:07
2675,603,SESSION_END,1063,family,Oracle_3,False,2025-04-07T09:09:02,2025-04-07T09:26:45
2676,657,WRAP_UP,910,relationship,Oracle_5,False,2024-09-22T13:26:14,2024-09-22T13:41:24
2677,816,SESSION_END,957,relationship,Oracle_1,False,2024-06-26T22:21:39,2024-06-26T22:37:36
2678,494,WRAP_UP,948,family,Oracle_4,False,2024-04-09T12:07:18,2024-04-09T12:23:06
2679,876,SESSION_END,782,family,Oracle_3,False,2024-11-05T15:13:19,2024-11-05T15:26:21
2680,393,SESSION_END,812,relationship,Oracle_5,False,2024-01-20T17:34:49,2024-01-20T17:48:21
2681,436,SESSION_END,1276,relationship,Oracle_5,False,2024-05-02T23:39:23,2024-05-03T00:00:39
2682,925,SESSION_END,943,family,Oracle_1,False,2024-07-29T02:09:07,2024-07-29T02:24:50
2683,196,SESSION_END,1052,career,Oracle_3,False,2024-09-14T18:24:36,2024-09-14T18:42:08
2684,11,COUNSELLING,1014,family,Oracle_2,True,2024-06-12T00:30:58,2024-06-12T00:47:52
2685,103,WRAP_UP,749,general,Oracle_4,False,2025-02-05T21:29:45,2025-02-05T21:42:14
2686,497,SESSION_END,1102,general,Oracle_4,False,2024-07-21T16:03:23,2024-07-21T16:21:45
2687,620,WRAP_UP,1213,career,Oracle_5,False,2024-03-13T13:33:19,2024-03-13T13:53:32
2688,559,WRAP_UP,1051,career,Oracle_3,False,2025-05-03T00:02:08,2025-05-03T00:19:39
2689,718,SESSION_END,673,general,Oracle_5,False,2024-08-22T23:12:57,2024-08-22T23:24:10
2690,495,COUNSELLING,434,anxiety,Oracle_4,True,2025-01-17T16:46:01,2025-01-17T16:53:15
2691,850,COUNSELLING,757,general,Oracle_5,True,2024-05-12T03:55:44,2024-05-12T04:08:21
2692,604,SESSION_END,861,general,Oracle_5,False,2024-10-05T01:00:55,2024-10-05T01:15:16
2693,966,COUNSELLING,775,relationship,Oracle_4,True,2024-08-13T02:56:12,2024-08-13T03:09:07
2694,282,WRAP_UP,1071,relationship,Oracle_5,False,2025-05-09T09:57:43,2025-05-09T10:15:34
2695,805,SESSION_END,1019,family,Oracle_4,False,2024-09-06T01:08:39,2024-09-06T01:25:38
2696,728,COUNSELLING,740,anxiety,Oracle_1,True,2024-05-13T12:28:06,2024-05-13T12:40:26
2697,758,WRAP_UP,907,general,Oracle_3,False,2024-05-10T16:59:57,2024-05-10T17:15:04
2698,313,WRAP_UP,1327,career,Oracle_1,False,2024-10-16T21:33:06,2024-10-16T21:55:13
2699,805,SESSION_END,908,general,Oracle_1,False,2024-01-07T16:44:29,2024-01-07T16:59:37
2700,547,WRAP_UP,1496,career,Oracle_3,False,2024-05-10T11:47:46,2024-05-10T12:12:42
2701,458,SESSION_END,1010,career,Oracle_1,False,2024-05-20T00:39:52,2024-05-20T00:56:42
2702,93,SESSION_END,1059,career,Oracle_1,False,2024-07-31T10:54:44,2024-07-31T11:12:23
2703,295,SESSION_END,784,general,Oracle_4,False,2025-05-23T20:24:04,2025-05-23T20:37:08
2704,404,WRAP_UP,874,career,Oracle_2,False,2024-01-31T21:07:57,2024-01-31T21:22:31
2705,420,COUNSELLING,1327,anxiety,Oracle_5,True,2024-02-10T20:49:20,2024-02-10T21:11:27
2706,370,COUNSELLING,753,anxiety,Oracle_4,True,2024-02-21T20:22:18,2024-02-21T20:34:51
2707,857,SESSION_END,843,family,Oracle_1,False,2024-02-08T18:14:43,2024-02-08T18:28:46
2708,589,SESSION_END,869,career,Oracle_5,False,2025-02-22T10:54:11,2025-02-22T11:08:40
2709,182,COUNSELLING,1185,career,Oracle_2,True,2025-04-04T17:33:33,2025-04-04T17:53:18
2710,392,WRAP_UP,944,relationship,Oracle_5,False,2024-01-17T12:27:30,2024-01-17T12:43:14
2711,148,SESSION_END,890,anxiety,Oracle_4,False,2024-03-27T03:16:30,2024-03-27T03:31:20
2712,851,WRAP_UP,1166,relationship,Oracle_4,False,2024-04-10T19:37:50,2024-04-10T19:57:16
2713,289,WRAP_UP,1400,career,Oracle_4,False,2024-06-26T07:14:44,2024-06-26T07:38:04
2714,178,SESSION_END,1156,career,Oracle_4,False,2024-12-11T09:40:34,2024-12-11T09:59:50
2715,675,SESSION_END,1250,career,Oracle_4,False,2024-06-02T23:13:34,2024-06-02T23:34:24
2716,118,WRAP_UP,1406,relationship,Oracle_1,False,2024-08-07T21:37:58,2024-08-07T22:01:24
2717,989,SESSION_END,917,anxiety,Oracle_3,False,2024-08-02T09:25:08,2024-08-02T09:40:25
2718,120,COUNSELLING,646,self-growth,Oracle_4,True,2024-05-18T18:46:58,2024-05-18T18:57:44
2719,482,WRAP_UP,633,self-growth,Oracle_4,False,2024-01-25T13:55:32,2024-01-25T14:06:05
2720,880,WRAP_UP,870,self-growth,Oracle_3,False,2025-04-14T10:55:44,2025-04-14T11:10:14
2721,185,WRAP_UP,985,general,Oracle_3,False,2025-01-02T16:28:12,2025-01-02T16:44:37
2722,879,COUNSELLING,650,family,Oracle_4,True,2025-03-03T13:40:21,2025-03-03T13:51:11
2723,21,WRAP_UP,831,relationship,Oracle_3,False,2024-05-13T22:25:52,2024-05-13T22:39:43
2724,715,COUNSELLING,963,career,Oracle_3,True,2024-05-11T00:47:51,2024-05-11T01:03:54
2725,574,WRAP_UP,1150,career,Oracle_2,False,2025-01-20T10:01:46,2025-01-20T10:20:56
2726,225,WRAP_UP,820,family,Oracle_5,False,2024-06-01T12:36:49,2024-06-01T12:50:29
2727,844,WRAP_UP,335,anxiety,Oracle_3,False,2024-05-08T13:17:20,2024-05-08T13:22:55
2728,896,WRAP_UP,604,family,Oracle_4,False,2024-06-24T01:39:28,2024-06-24T01:49:32
2729,863,SESSION_END,1096,career,Oracle_5,False,2024-06-02T16:22:39,2024-06-02T16:40:55
2730,445,SESSION_END,1060,self-growth,Oracle_1,False,2025-05-22T01:45:46,2025-05-22T02:03:26
2731,981,SESSION_END,838,relationship,Oracle_4,False,2024-08-31T01:51:13,2024-08-31T02:05:11
2732,760,COUNSELLING,899,family,Oracle_3,True,2024-10-30T13:18:59,2024-10-30T13:33:58
2733,241,SESSION_END,926,family,Oracle_4,False,2024-06-20T04:04:42,2024-06-20T04:20:08
2734,547,WRAP_UP,975,relationship,Oracle_3,False,2024-02-08T18:24:27,2024-02-08T18:40:42
2735,501,SESSION_END,780,self-growth,Oracle_3,False,2025-02-09T21:02:36,2025-02-09T21:15:36
2736,283,WRAP_UP,1352,career,Oracle_1,False,2024-10-18T09:47:47,2024-10-18T10:10:19
2737,556,WRAP_UP,1071,anxiety,Oracle_4,False,2024-11-17T15:16:07,2024-11-17T15:33:58
2738,135,SESSION_END,733,self-growth,Oracle_5,False,2024-11-09T21:34:10,2024-11-09T21:46:23
2739,947,WRAP_UP,1083,relationship,Oracle_5,False,2024-10-16T12:52:50,2024-10-16T13:10:53
2740,765,SESSION_END,662,general,Oracle_4,False,2024-04-25T20:24:29,2024-04-25T20:35:31
2741,487,COUNSELLING,856,self-growth,Oracle_3,True,2025-02-05T14:00:39,2025-02-05T14:14:55
2742,343,WRAP_UP,995,relationship,Oracle_3,False,2024-01-16T20:54:53,2024-01-16T21:11:28
2743,1000,WRAP_UP,1559,career,Oracle_2,False,2024-06-26T00:14:41,2024-06-26T00:40:40
2744,455,SESSION_END,988,family,Oracle_1,False,2024-06-13T02:26:00,2024-06-13T02:42:28
2745,406,SESSION_END,1161,anxiety,Oracle_5,False,2024-04-03T09:29:15,2024-04-03T09:48:36
2746,956,COUNSELLING,1168,career,Oracle_4,True,2024-05-22T11:00:38,2024-05-22T11:20:06
2747,421,WRAP_UP,1005,anxiety,Oracle_4,False,2025-02-01T14:31:17,2025-02-01T14:48:02
2748,521,WRAP_UP,567,self-growth,Oracle_5,False,2024-06-18T08:22:24,2024-06-18T08:31:51
2749,779,SESSION_END,646,family,Oracle_4,False,2025-03-20T18:48:15,2025-03-20T18:59:01
2750,210,SESSION_END,1117,family,Oracle_5,False,2025-02-04T00:59:25,2025-02-04T01:18:02
2751,890,WRAP_UP,1101,general,Oracle_3,False,2025-05-10T07:13:31,2025-05-10T07:31:52
2752,869,WRAP_UP,1078,relationship,Oracle_2,False,2025-03-19T12:14:35,2025-03-19T12:32:33
2753,143,SESSION_END,989,relationship,Oracle_1,False,2024-11-24T05:36:03,2024-11-24T05:52:32
2754,559,WRAP_UP,1352,anxiety,Oracle_4,False,2024-01-24T02:23:07,2024-01-24T02:45:39
2755,401,COUNSELLING,1210,career,Oracle_5,True,2024-05-06T11:55:02,2024-05-06T12:15:12
2756,954,SESSION_END,868,self-growth,Oracle_2,False,2025-01-03T14:33:43,2025-01-03T14:48:11
2757,967,SESSION_END,599,general,Oracle_2,False,2025-02-20T17:13:47,2025-02-20T17:23:46
2758,503,WRAP_UP,791,relationship,Oracle_2,False,2024-09-07T18:30:44,2024-09-07T18:43:55
2759,792,WRAP_UP,1104,career,Oracle_4,False,2025-02-18T16:29:43,2025-02-18T16:48:07
2760,843,SESSION_END,449,family,Oracle_5,False,2024-11-10T17:56:38,2024-11-10T18:04:07
2761,299,COUNSELLING,1086,career,Oracle_2,True,2025-05-31T10:02:49,2025-05-31T10:20:55
2762,996,SESSION_END,757,relationship,Oracle_3,False,2024-09-10T20:38:41,2024-09-10T20:51:18
2763,704,SESSION_END,983,self-growth,Oracle_5,False,2025-03-15T07:11:24,2025-03-15T07:27:47
2764,429,COUNSELLING,1082,anxiety,Oracle_5,True,2024-10-22T10:49:20,2024-10-22T11:07:22
2765,184,WRAP_UP,1090,relationship,Oracle_5,False,2025-04-16T16:06:46,2025-04-16T16:24:56
2766,167,WRAP_UP,1078,family,Oracle_2,False,2025-05-26T14:51:07,2025-05-26T15:09:05
2767,832,SESSION_END,776,relationship,Oracle_4,False,2024-11-17T18:50:14,2024-11-17T19:03:10
2768,515,WRAP_UP,1072,relationship,Oracle_3,False,2025-05-12T19:06:48,2025-05-12T19:24:40
2769,680,WRAP_UP,1321,career,Oracle_1,False,2024-02-10T05:42:57,2024-02-10T06:04:58
2770,389,SESSION_END,675,self-growth,Oracle_5,False,2025-05-23T00:21:21,2025-05-23T00:32:36
2771,96,COUNSELLING,1220,family,Oracle_4,True,2024-03-29T21:16:20,2024-03-29T21:36:40
2772,56,WRAP_UP,591,general,Oracle_3,False,2025-05-04T23:09:53,2025-05-04T23:19:44
2773,44,SESSION_END,1236,anxiety,Oracle_5,False,2024-01-25T10:11:09,2024-01-25T10:31:45
2774,656,WRAP_UP,1074,relationship,Oracle_5,False,2024-04-26T16:21:10,2024-04-26T16:39:04
2775,170,SESSION_END,520,general,Oracle_5,False,2024-08-20T08:30:41,2024-08-20T08:39:21
2776,335,SESSION_END,740,relationship,Oracle_2,False,2024-12-21T11:05:20,2024-12-21T11:17:40
2777,529,WRAP_UP,841,general,Oracle_4,False,2025-05-17T10:04:50,2025-05-17T10:18:51
2778,647,COUNSELLING,861,family,Oracle_5,True,2024-11-21T09:45:49,2024-11-21T10:00:10
2779,3,SESSION_END,880,anxiety,Oracle_1,False,2024-10-25T22:39:15,2024-10-25T22:53:55
2780,176,SESSION_END,552,anxiety,Oracle_5,False,2024-01-13T01:59:04,2024-01-13T02:08:16
2781,34,COUNSELLING,998,general,Oracle_1,True,2024-12-20T09:51:08,2024-12-20T10:07:46
2782,651,WRAP_UP,1169,career,Oracle_3,False,2024-05-31T03:56:55,2024-05-31T04:16:24
2783,288,WRAP_UP,812,family,Oracle_3,False,2024-07-15T13:47:09,2024-07-15T14:00:41
2784,535,WRAP_UP,746,self-growth,Oracle_1,False,2024-01-05T13:25:07,2024-01-05T13:37:33
2785,183,WRAP_UP,1191,relationship,Oracle_3,False,2024-04-20T18:20:04,2024-04-20T18:39:55
2786,167,SESSION_END,411,self-growth,Oracle_5,False,2024-11-12T18:21:01,2024-11-12T18:27:52
2787,20,COUNSELLING,1168,general,Oracle_3,True,2024-12-22T03:36:23,2024-12-22T03:55:51
2788,255,COUNSELLING,795,relationship,Oracle_5,True,2024-07-25T19:26:54,2024-07-25T19:40:09
2789,463,SESSION_END,960,anxiety,Oracle_1,False,2024-12-14T15:20:38,2024-12-14T15:36:38
2790,136,WRAP_UP,1094,family,Oracle_3,False,2024-04-13T06:30:34,2024-04-13T06:48:48
2791,44,WRAP_UP,887,family,Oracle_4,False,2025-02-17T19:53:48,2025-02-17T20:08:35
2792,809,WRAP_UP,1234,family,Oracle_2,False,2024-01-13T15:15:49,2024-01-13T15:36:23
2793,895,WRAP_UP,1190,anxiety,Oracle_2,False,2025-02-28T16:47:56,2025-02-28T17:07:46
2794,122,WRAP_UP,539,family,Oracle_2,False,2025-01-22T03:05:28,2025-01-22T03:14:27
2795,531,WRAP_UP,300,family,Oracle_2,False,2024-04-08T18:40:43,2024-04-08T18:45:43
2796,439,WRAP_UP,1415,relationship,Oracle_5,False,2025-04-14T09:19:22,2025-04-14T09:42:57
2797,994,SESSION_END,901,general,Oracle_4,False,2025-03-16T08:40:10,2025-03-16T08:55:11
2798,992,SESSION_END,1031,self-growth,Oracle_3,False,2024-02-09T05:20:44,2024-02-09T05:37:55
2799,191,SESSION_END,823,general,Oracle_2,False,2025-04-26T11:26:57,2025-04-26T11:40:40
2800,12,SESSION_END,1137,anxiety,Oracle_5,False,2024-12-18T09:40:20,2024-12-18T09:59:17
