id,user_id,device_id,platform,locale,timezone,last_seen_at,created_at,updated_at
1,1,device_1_7622,android,ja,America/Vancouver,2025-05-30T09:49:16,2025-05-11T15:46:46,2025-05-11T15:46:46
2,2,device_2_4073,ios,zh,Asia/Tokyo,2024-05-08T13:47:55,2024-03-27T11:21:41,2024-03-27T11:21:41
3,3,device_3_4335,android,zh,Asia/Tokyo,2024-02-29T12:20:50,2024-01-20T10:14:03,2024-01-20T10:14:03
4,4,device_4_8941,android,ko,Asia/Seoul,2025-01-18T18:27:21,2024-08-01T14:55:05,2024-08-01T14:55:05
5,5,device_5_3594,ios,en,America/Toronto,2025-04-10T20:46:13,2024-07-09T05:06:54,2024-07-09T05:06:54
6,6,device_6_4681,android,en,Asia/Tokyo,2024-07-28T13:43:20,2024-06-22T08:56:59,2024-06-22T08:56:59
7,7,device_7_9165,ios,zh,America/Vancouver,2024-08-15T23:24:18,2024-04-18T09:10:31,2024-04-18T09:10:31
8,8,device_8_8736,android,ja,Asia/Tokyo,2025-03-30T09:05:32,2024-03-20T14:38:54,2024-03-20T14:38:54
9,9,device_9_4122,ios,zh,America/Toronto,2025-04-05T20:11:20,2025-02-27T14:22:08,2025-02-27T14:22:08
10,10,device_10_6568,ios,en,Asia/Seoul,2025-01-24T19:44:40,2024-03-08T12:39:26,2024-03-08T12:39:26
11,11,device_11_9022,android,en,Asia/Seoul,2025-05-02T15:15:48,2025-04-03T15:34:41,2025-04-03T15:34:41
12,12,device_12_6446,ios,zh,Asia/Tokyo,2025-01-29T17:35:12,2024-11-23T17:11:34,2024-11-23T17:11:34
13,13,device_13_4912,android,zh,Asia/Seoul,2024-06-20T05:12:25,2024-01-25T16:28:19,2024-01-25T16:28:19
14,14,device_14_6213,android,ko,Asia/Tokyo,2024-02-27T01:06:17,2024-01-24T03:27:37,2024-01-24T03:27:37
15,15,device_15_9115,android,zh,Asia/Tokyo,2024-07-09T22:03:16,2024-03-13T18:36:21,2024-03-13T18:36:21
16,16,device_16_2644,ios,ko,Asia/Seoul,2025-05-22T13:54:06,2024-06-18T19:42:26,2024-06-18T19:42:26
17,17,device_17_3361,android,en,Asia/Tokyo,2024-07-05T16:09:47,2024-06-29T17:06:48,2024-06-29T17:06:48
18,18,device_18_5342,android,ko,America/Vancouver,2025-04-28T16:29:24,2025-01-27T12:30:19,2025-01-27T12:30:19
19,19,device_19_9742,android,zh,America/Vancouver,2025-05-14T12:03:20,2025-04-12T14:26:33,2025-04-12T14:26:33
20,20,device_20_1588,android,ja,Asia/Tokyo,2025-03-16T19:56:08,2024-01-21T14:39:58,2024-01-21T14:39:58
21,21,device_21_2480,ios,ko,Asia/Seoul,2025-04-03T00:26:51,2025-03-11T22:21:58,2025-03-11T22:21:58
22,22,device_22_3725,android,en,America/Vancouver,2024-11-22T17:59:09,2024-06-03T10:36:08,2024-06-03T10:36:08
23,23,device_23_1919,android,en,America/Vancouver,2025-05-27T15:41:08,2025-05-19T18:43:26,2025-05-19T18:43:26
24,24,device_24_3385,android,ja,Asia/Seoul,2025-04-10T02:01:05,2025-02-27T06:26:43,2025-02-27T06:26:43
25,25,device_25_3868,ios,zh,America/Toronto,2024-12-24T20:35:50,2024-11-21T20:24:58,2024-11-21T20:24:58
26,26,device_26_3344,ios,zh,America/Toronto,2024-12-30T11:54:20,2024-06-20T05:18:39,2024-06-20T05:18:39
27,27,device_27_5183,ios,zh,Asia/Seoul,2025-03-14T03:37:01,2024-12-14T21:51:48,2024-12-14T21:51:48
28,28,device_28_3588,ios,zh,Asia/Seoul,2025-05-25T18:22:27,2025-04-02T16:42:30,2025-04-02T16:42:30
29,29,device_29_5901,ios,zh,Asia/Seoul,2025-03-20T06:24:56,2024-08-04T01:51:02,2024-08-04T01:51:02
30,30,device_30_4263,android,ja,Asia/Tokyo,2024-08-27T17:06:06,2024-01-06T01:08:44,2024-01-06T01:08:44
31,31,device_31_7248,android,zh,America/Vancouver,2024-11-04T06:06:00,2024-05-04T00:15:55,2024-05-04T00:15:55
32,32,device_32_7484,android,ja,Asia/Seoul,2024-11-28T12:20:57,2024-11-24T06:06:12,2024-11-24T06:06:12
33,33,device_33_9138,android,en,America/Vancouver,2025-05-14T18:50:50,2024-09-21T06:43:45,2024-09-21T06:43:45
34,34,device_34_4115,android,ko,Asia/Seoul,2024-10-27T21:10:02,2024-08-03T19:53:50,2024-08-03T19:53:50
35,35,device_35_6061,android,ko,America/Vancouver,2024-05-31T09:14:16,2024-04-30T18:20:52,2024-04-30T18:20:52
36,36,device_36_3153,android,en,Asia/Seoul,2025-03-27T15:49:37,2024-06-16T05:44:21,2024-06-16T05:44:21
37,37,device_37_3877,ios,ja,Asia/Seoul,2025-02-26T19:20:47,2024-09-18T10:34:37,2024-09-18T10:34:37
38,38,device_38_9221,ios,ko,Asia/Seoul,2025-05-06T17:08:34,2024-03-20T09:20:15,2024-03-20T09:20:15
39,39,device_39_5835,android,ko,Asia/Seoul,2025-03-22T07:12:08,2024-03-13T00:54:28,2024-03-13T00:54:28
40,40,device_40_3306,android,en,Asia/Tokyo,2024-11-20T08:11:56,2024-10-22T02:21:29,2024-10-22T02:21:29
41,41,device_41_7464,ios,zh,Asia/Seoul,2024-05-25T06:17:29,2024-03-16T02:55:26,2024-03-16T02:55:26
42,42,device_42_7038,ios,ja,America/Vancouver,2025-03-31T10:46:24,2024-10-05T19:51:38,2024-10-05T19:51:38
43,43,device_43_4830,android,zh,Asia/Seoul,2024-11-05T05:39:28,2024-09-24T03:47:57,2024-09-24T03:47:57
44,44,device_44_4626,android,en,Asia/Seoul,2025-05-28T08:37:09,2025-04-13T22:16:08,2025-04-13T22:16:08
45,45,device_45_7689,ios,zh,Asia/Seoul,2025-04-02T14:22:34,2024-07-24T11:01:34,2024-07-24T11:01:34
46,46,device_46_5986,ios,ko,America/Vancouver,2024-03-03T15:39:32,2024-02-03T17:58:29,2024-02-03T17:58:29
47,47,device_47_9807,android,en,America/Vancouver,2025-02-06T10:32:51,2024-12-22T20:18:01,2024-12-22T20:18:01
48,48,device_48_9850,ios,zh,Asia/Tokyo,2025-05-03T13:03:18,2025-02-20T12:00:58,2025-02-20T12:00:58
49,49,device_49_9017,android,ko,Asia/Tokyo,2024-06-22T20:49:30,2024-04-06T22:55:41,2024-04-06T22:55:41
50,50,device_50_4559,android,ja,America/Vancouver,2025-03-13T21:58:54,2024-10-21T00:23:32,2024-10-21T00:23:32
51,51,device_51_2627,android,zh,America/Toronto,2024-12-08T21:53:59,2024-03-02T04:56:31,2024-03-02T04:56:31
52,52,device_52_5520,android,ja,America/Vancouver,2025-04-12T10:30:56,2025-03-04T18:46:59,2025-03-04T18:46:59
53,53,device_53_4475,ios,en,Asia/Tokyo,2024-09-20T07:41:50,2024-08-15T17:14:21,2024-08-15T17:14:21
54,54,device_54_3063,ios,en,Asia/Seoul,2025-05-15T02:28:23,2025-05-03T06:41:42,2025-05-03T06:41:42
55,55,device_55_4538,ios,en,America/Toronto,2025-05-23T21:13:45,2025-04-25T10:02:37,2025-04-25T10:02:37
56,56,device_56_1046,ios,ja,America/Toronto,2025-05-27T08:19:00,2024-10-07T21:21:55,2024-10-07T21:21:55
57,57,device_57_5106,android,ko,America/Toronto,2025-05-15T21:25:01,2025-03-24T10:37:26,2025-03-24T10:37:26
58,58,device_58_1243,ios,en,America/Vancouver,2024-07-19T13:00:50,2024-05-29T08:31:08,2024-05-29T08:31:08
59,59,device_59_3854,android,ko,Asia/Seoul,2024-03-07T06:46:57,2024-02-24T00:36:07,2024-02-24T00:36:07
60,60,device_60_9619,android,en,America/Toronto,2024-12-28T13:30:06,2024-02-05T14:13:42,2024-02-05T14:13:42
61,61,device_61_6931,ios,en,Asia/Tokyo,2025-05-31T08:07:35,2025-05-28T14:50:30,2025-05-28T14:50:30
62,62,device_62_1710,ios,zh,America/Toronto,2025-02-19T21:32:34,2024-06-26T00:19:54,2024-06-26T00:19:54
63,63,device_63_8847,android,zh,America/Vancouver,2024-09-05T09:30:58,2024-08-12T18:34:57,2024-08-12T18:34:57
64,64,device_64_8267,android,zh,America/Vancouver,2025-03-18T18:42:13,2024-03-02T23:25:48,2024-03-02T23:25:48
65,65,device_65_3430,ios,en,Asia/Seoul,2025-02-21T01:16:45,2024-06-29T19:32:11,2024-06-29T19:32:11
66,66,device_66_6327,ios,ko,Asia/Seoul,2025-05-19T08:54:28,2024-03-19T10:48:11,2024-03-19T10:48:11
67,67,device_67_8048,android,ja,Asia/Tokyo,2025-05-06T14:08:38,2024-10-22T06:03:59,2024-10-22T06:03:59
68,68,device_68_8398,ios,en,America/Toronto,2025-01-17T22:20:44,2024-08-03T21:48:12,2024-08-03T21:48:12
69,69,device_69_8430,ios,zh,Asia/Seoul,2025-05-27T20:14:01,2024-12-18T04:10:50,2024-12-18T04:10:50
70,70,device_70_7992,android,zh,America/Vancouver,2025-05-16T08:05:21,2025-05-08T18:01:00,2025-05-08T18:01:00
71,71,device_71_8770,android,ja,Asia/Seoul,2024-12-08T15:39:45,2024-10-10T08:57:53,2024-10-10T08:57:53
72,72,device_72_8075,ios,en,America/Vancouver,2024-07-17T18:01:37,2024-05-06T08:05:31,2024-05-06T08:05:31
73,73,device_73_1982,ios,ja,America/Toronto,2025-05-18T14:25:28,2024-10-14T12:40:24,2024-10-14T12:40:24
74,74,device_74_7929,android,en,Asia/Tokyo,2025-02-17T06:29:55,2024-10-02T22:43:33,2024-10-02T22:43:33
75,75,device_75_2697,ios,ja,Asia/Seoul,2024-10-26T07:04:26,2024-06-11T17:29:38,2024-06-11T17:29:38
76,76,device_76_2773,ios,ko,Asia/Tokyo,2024-10-21T10:56:27,2024-07-26T08:49:38,2024-07-26T08:49:38
77,77,device_77_4705,android,ja,America/Vancouver,2025-05-25T02:31:57,2025-05-18T08:15:18,2025-05-18T08:15:18
78,78,device_78_3955,android,en,Asia/Seoul,2024-03-18T22:45:56,2024-02-25T11:02:21,2024-02-25T11:02:21
79,79,device_79_1100,android,ja,Asia/Seoul,2025-05-05T03:59:47,2025-04-18T03:01:29,2025-04-18T03:01:29
80,80,device_80_3324,ios,ko,Asia/Tokyo,2025-05-09T21:23:22,2025-05-08T04:51:11,2025-05-08T04:51:11
81,81,device_81_7878,ios,en,America/Toronto,2024-10-06T00:38:29,2024-05-12T22:15:20,2024-05-12T22:15:20
82,82,device_82_6105,android,ja,America/Toronto,2025-05-01T17:39:40,2025-02-18T21:05:20,2025-02-18T21:05:20
83,83,device_83_3579,android,en,America/Vancouver,2024-09-07T13:42:58,2024-07-09T03:36:23,2024-07-09T03:36:23
84,84,device_84_7947,ios,en,Asia/Seoul,2025-04-16T02:16:03,2024-05-06T22:02:35,2024-05-06T22:02:35
85,85,device_85_4531,android,zh,Asia/Tokyo,2025-02-16T02:12:16,2024-12-25T01:09:17,2024-12-25T01:09:17
86,86,device_86_5640,ios,ja,Asia/Tokyo,2024-12-03T19:07:46,2024-10-21T17:33:43,2024-10-21T17:33:43
87,87,device_87_7475,android,ja,America/Vancouver,2024-10-22T07:34:21,2024-07-28T16:11:31,2024-07-28T16:11:31
88,88,device_88_4460,ios,en,America/Toronto,2025-05-19T10:02:58,2025-05-12T02:27:36,2025-05-12T02:27:36
89,89,device_89_2965,ios,ja,Asia/Seoul,2025-04-09T10:52:33,2025-03-08T14:17:44,2025-03-08T14:17:44
90,90,device_90_3116,ios,zh,Asia/Tokyo,2024-08-26T19:31:03,2024-06-19T13:55:24,2024-06-19T13:55:24
91,91,device_91_7505,android,ko,Asia/Seoul,2024-10-06T20:51:37,2024-09-08T21:04:05,2024-09-08T21:04:05
92,92,device_92_2275,ios,zh,America/Vancouver,2025-02-04T13:11:57,2024-02-13T10:45:32,2024-02-13T10:45:32
93,93,device_93_7843,android,zh,Asia/Tokyo,2025-03-29T10:46:29,2024-06-26T21:45:55,2024-06-26T21:45:55
94,94,device_94_6321,android,en,Asia/Tokyo,2024-02-11T03:11:09,2024-01-25T22:23:30,2024-01-25T22:23:30
95,95,device_95_8155,ios,zh,Asia/Seoul,2024-10-06T05:54:03,2024-09-02T00:28:15,2024-09-02T00:28:15
96,96,device_96_9584,ios,ko,Asia/Tokyo,2025-04-12T02:42:59,2024-11-07T14:15:13,2024-11-07T14:15:13
97,97,device_97_6562,ios,zh,Asia/Seoul,2025-05-12T14:27:23,2024-07-26T23:03:06,2024-07-26T23:03:06
98,98,device_98_9363,ios,ja,America/Toronto,2024-04-20T17:39:35,2024-02-21T09:50:42,2024-02-21T09:50:42
99,99,device_99_3419,ios,ko,Asia/Seoul,2024-10-27T05:29:30,2024-06-12T21:00:18,2024-06-12T21:00:18
100,100,device_100_4232,ios,en,America/Toronto,2025-04-10T09:27:05,2025-03-16T13:00:08,2025-03-16T13:00:08
101,101,device_101_9095,ios,ko,America/Vancouver,2024-11-09T05:08:32,2024-09-01T10:01:15,2024-09-01T10:01:15
102,102,device_102_6179,android,zh,Asia/Seoul,2025-05-15T19:00:37,2024-06-14T03:38:45,2024-06-14T03:38:45
103,103,device_103_8245,ios,zh,America/Vancouver,2025-05-29T18:50:43,2025-05-24T02:15:44,2025-05-24T02:15:44
104,104,device_104_9312,android,ja,America/Vancouver,2025-04-01T02:30:52,2025-01-22T18:20:42,2025-01-22T18:20:42
105,105,device_105_1616,ios,ja,Asia/Tokyo,2025-04-27T19:15:20,2024-11-03T07:06:47,2024-11-03T07:06:47
106,106,device_106_2479,ios,ja,Asia/Seoul,2025-05-16T04:19:34,2025-05-14T07:37:38,2025-05-14T07:37:38
107,107,device_107_4084,android,zh,America/Vancouver,2025-03-19T17:31:45,2024-12-22T09:37:06,2024-12-22T09:37:06
108,108,device_108_8381,android,zh,America/Toronto,2024-06-08T00:43:43,2024-04-20T23:19:10,2024-04-20T23:19:10
109,109,device_109_3827,ios,ja,America/Vancouver,2025-02-05T16:27:42,2024-07-24T17:43:27,2024-07-24T17:43:27
110,110,device_110_9586,ios,ko,Asia/Tokyo,2025-03-25T18:18:49,2024-04-18T10:53:52,2024-04-18T10:53:52
111,111,device_111_7347,ios,ja,Asia/Seoul,2024-10-28T10:13:44,2024-07-10T13:28:11,2024-07-10T13:28:11
112,112,device_112_6482,android,ja,America/Vancouver,2025-05-27T15:41:32,2025-03-12T00:39:37,2025-03-12T00:39:37
113,113,device_113_5655,ios,ja,America/Vancouver,2025-05-08T16:47:04,2025-02-22T15:15:53,2025-02-22T15:15:53
114,114,device_114_3317,android,ko,Asia/Seoul,2024-08-23T17:30:42,2024-07-23T01:51:30,2024-07-23T01:51:30
115,115,device_115_2388,android,ja,Asia/Tokyo,2025-04-11T13:57:05,2025-03-30T01:28:21,2025-03-30T01:28:21
116,116,device_116_3093,android,zh,Asia/Seoul,2025-05-05T16:18:03,2024-11-28T18:35:07,2024-11-28T18:35:07
117,117,device_117_6940,ios,zh,Asia/Seoul,2025-03-31T00:19:19,2025-03-29T05:50:31,2025-03-29T05:50:31
118,118,device_118_8967,android,ko,America/Toronto,2025-03-18T22:32:28,2024-11-06T05:21:54,2024-11-06T05:21:54
119,119,device_119_2264,ios,ko,America/Toronto,2024-12-07T08:17:47,2024-10-08T04:06:10,2024-10-08T04:06:10
120,120,device_120_6517,android,en,America/Vancouver,2025-03-03T10:03:45,2024-06-19T08:26:06,2024-06-19T08:26:06
121,121,device_121_3962,ios,zh,America/Toronto,2024-08-21T11:11:52,2024-04-17T10:41:26,2024-04-17T10:41:26
122,122,device_122_6968,ios,zh,America/Vancouver,2025-04-20T12:59:53,2025-01-30T18:15:30,2025-01-30T18:15:30
123,123,device_123_4833,ios,zh,Asia/Seoul,2025-04-15T11:57:28,2025-01-18T07:48:07,2025-01-18T07:48:07
124,124,device_124_7026,ios,ja,Asia/Tokyo,2024-08-09T07:23:52,2024-03-11T14:40:27,2024-03-11T14:40:27
125,125,device_125_9239,android,zh,Asia/Seoul,2024-11-29T04:55:51,2024-02-06T14:18:46,2024-02-06T14:18:46
126,126,device_126_5096,android,ko,America/Toronto,2024-07-11T15:56:36,2024-03-26T04:00:28,2024-03-26T04:00:28
127,127,device_127_9452,ios,zh,Asia/Seoul,2024-07-17T09:34:47,2024-04-28T17:10:07,2024-04-28T17:10:07
128,128,device_128_5469,ios,ja,America/Vancouver,2025-05-10T03:13:09,2025-05-02T08:26:31,2025-05-02T08:26:31
129,129,device_129_4637,android,ko,Asia/Tokyo,2024-07-14T11:56:43,2024-05-04T06:16:50,2024-05-04T06:16:50
130,130,device_130_1872,android,ja,America/Vancouver,2025-02-12T11:11:30,2024-11-23T21:37:55,2024-11-23T21:37:55
131,131,device_131_2337,android,ja,America/Toronto,2025-05-15T17:42:08,2025-04-08T05:52:12,2025-04-08T05:52:12
132,132,device_132_2623,android,ko,America/Vancouver,2024-10-23T20:57:31,2024-02-19T08:14:32,2024-02-19T08:14:32
133,133,device_133_5700,android,ko,America/Toronto,2024-11-09T17:35:38,2024-10-25T20:34:57,2024-10-25T20:34:57
134,134,device_134_1086,android,ko,Asia/Tokyo,2025-04-15T15:10:03,2024-10-23T09:53:56,2024-10-23T09:53:56
135,135,device_135_3449,ios,en,Asia/Seoul,2025-04-28T18:40:38,2025-04-07T20:09:55,2025-04-07T20:09:55
136,136,device_136_5934,android,en,Asia/Seoul,2025-02-13T16:33:57,2024-12-29T13:04:56,2024-12-29T13:04:56
137,137,device_137_8489,ios,en,America/Toronto,2025-05-07T11:56:05,2025-02-14T23:24:22,2025-02-14T23:24:22
138,138,device_138_9782,ios,en,Asia/Tokyo,2025-03-03T00:42:34,2024-07-14T06:41:55,2024-07-14T06:41:55
139,139,device_139_8032,ios,ko,America/Toronto,2025-04-02T23:35:27,2025-03-05T16:52:41,2025-03-05T16:52:41
140,140,device_140_7825,ios,ja,America/Toronto,2025-03-28T03:57:51,2024-01-09T22:01:18,2024-01-09T22:01:18
141,141,device_141_9618,ios,en,Asia/Seoul,2024-05-21T13:01:59,2024-03-29T23:23:57,2024-03-29T23:23:57
142,142,device_142_7338,ios,zh,Asia/Tokyo,2025-03-01T12:44:14,2025-02-21T01:51:08,2025-02-21T01:51:08
143,143,device_143_2106,android,ja,America/Vancouver,2024-12-11T22:20:17,2024-07-26T05:58:55,2024-07-26T05:58:55
144,144,device_144_6447,android,ko,America/Vancouver,2025-05-31T13:49:33,2025-05-12T20:23:38,2025-05-12T20:23:38
145,145,device_145_6546,ios,en,Asia/Seoul,2025-04-21T06:32:50,2024-09-21T05:19:49,2024-09-21T05:19:49
146,146,device_146_3209,ios,zh,Asia/Tokyo,2024-08-16T05:23:28,2024-03-27T15:28:59,2024-03-27T15:28:59
147,147,device_147_4302,ios,zh,America/Vancouver,2024-12-07T22:19:18,2024-08-15T23:14:20,2024-08-15T23:14:20
148,148,device_148_6080,ios,ko,America/Vancouver,2025-02-02T23:23:41,2024-12-03T16:36:42,2024-12-03T16:36:42
149,149,device_149_4131,android,zh,Asia/Seoul,2024-05-31T06:56:05,2024-05-02T20:16:27,2024-05-02T20:16:27
150,150,device_150_6438,android,ja,America/Vancouver,2025-04-24T17:57:08,2024-12-18T10:01:22,2024-12-18T10:01:22
151,151,device_151_7553,android,en,Asia/Seoul,2024-12-07T21:51:39,2024-01-03T12:29:49,2024-01-03T12:29:49
152,152,device_152_9129,android,zh,Asia/Seoul,2024-10-04T03:11:24,2024-07-23T13:55:39,2024-07-23T13:55:39
153,153,device_153_7955,android,ja,Asia/Seoul,2025-02-08T20:35:56,2025-01-23T19:36:05,2025-01-23T19:36:05
154,154,device_154_5813,ios,zh,America/Toronto,2024-12-16T14:30:07,2024-05-18T18:18:44,2024-05-18T18:18:44
155,155,device_155_5843,android,en,America/Vancouver,2025-04-03T00:05:23,2025-01-29T07:52:20,2025-01-29T07:52:20
156,156,device_156_8272,android,zh,Asia/Tokyo,2024-07-31T02:07:30,2024-03-23T15:38:29,2024-03-23T15:38:29
157,157,device_157_8126,android,zh,America/Vancouver,2025-05-17T19:12:05,2025-04-30T16:26:25,2025-04-30T16:26:25
158,158,device_158_7655,android,en,America/Vancouver,2025-05-07T11:18:04,2024-08-19T19:24:50,2024-08-19T19:24:50
159,159,device_159_8179,android,ko,America/Vancouver,2025-05-14T18:03:24,2025-05-11T06:52:54,2025-05-11T06:52:54
160,160,device_160_7001,ios,ko,America/Vancouver,2025-03-16T03:20:24,2025-01-29T07:31:19,2025-01-29T07:31:19
161,161,device_161_3513,android,zh,America/Vancouver,2025-05-17T09:00:50,2025-04-18T00:01:39,2025-04-18T00:01:39
162,162,device_162_2259,android,ja,Asia/Seoul,2024-11-22T21:47:08,2024-06-03T11:58:18,2024-06-03T11:58:18
163,163,device_163_5566,ios,ja,Asia/Tokyo,2024-12-28T21:41:58,2024-04-28T17:07:49,2024-04-28T17:07:49
164,164,device_164_9176,ios,en,America/Vancouver,2024-12-28T16:21:09,2024-10-17T10:15:33,2024-10-17T10:15:33
165,165,device_165_8311,android,en,Asia/Seoul,2024-11-23T15:38:42,2024-05-05T11:29:32,2024-05-05T11:29:32
166,166,device_166_3009,ios,ja,Asia/Tokyo,2025-04-02T19:39:08,2025-02-22T22:45:13,2025-02-22T22:45:13
167,167,device_167_8292,ios,en,Asia/Tokyo,2025-03-21T11:08:45,2025-02-15T22:30:32,2025-02-15T22:30:32
168,168,device_168_9882,ios,ja,Asia/Seoul,2024-02-20T21:12:46,2024-01-01T10:39:39,2024-01-01T10:39:39
169,169,device_169_6922,android,ja,America/Toronto,2025-04-27T02:47:51,2025-04-10T05:08:10,2025-04-10T05:08:10
170,170,device_170_4878,ios,en,America/Toronto,2024-11-01T17:07:58,2024-09-08T18:42:24,2024-09-08T18:42:24
171,171,device_171_7044,android,en,Asia/Seoul,2025-05-02T02:11:51,2025-01-14T12:16:14,2025-01-14T12:16:14
172,172,device_172_6067,android,ko,America/Vancouver,2024-03-07T04:42:22,2024-01-16T03:04:22,2024-01-16T03:04:22
173,173,device_173_2208,android,zh,Asia/Tokyo,2025-02-08T21:45:33,2024-03-27T21:21:55,2024-03-27T21:21:55
174,174,device_174_8632,ios,ja,America/Vancouver,2025-04-01T16:31:04,2024-10-08T22:27:06,2024-10-08T22:27:06
175,175,device_175_8088,android,ko,America/Toronto,2024-10-15T23:09:10,2024-08-26T20:28:43,2024-08-26T20:28:43
176,176,device_176_3697,ios,en,America/Toronto,2024-10-31T02:21:38,2024-07-04T23:42:52,2024-07-04T23:42:52
177,177,device_177_9501,ios,ja,America/Toronto,2024-11-09T18:08:27,2024-02-14T23:48:12,2024-02-14T23:48:12
178,178,device_178_5496,android,en,Asia/Seoul,2024-09-20T07:50:17,2024-07-06T02:10:18,2024-07-06T02:10:18
179,179,device_179_3762,ios,ja,America/Vancouver,2025-05-04T11:22:48,2025-03-16T16:17:59,2025-03-16T16:17:59
180,180,device_180_1674,ios,ko,Asia/Seoul,2025-05-13T22:44:22,2024-03-02T04:08:16,2024-03-02T04:08:16
181,181,device_181_5336,ios,en,America/Vancouver,2025-05-29T12:29:27,2024-03-07T12:41:45,2024-03-07T12:41:45
182,182,device_182_9938,ios,zh,America/Vancouver,2025-04-19T04:32:39,2025-01-12T11:31:07,2025-01-12T11:31:07
183,183,device_183_7653,android,ja,Asia/Tokyo,2024-08-31T23:04:11,2024-02-23T18:12:53,2024-02-23T18:12:53
184,184,device_184_3589,android,zh,America/Vancouver,2025-03-01T09:34:38,2025-02-17T18:21:45,2025-02-17T18:21:45
185,185,device_185_4342,android,zh,Asia/Tokyo,2025-04-03T10:10:30,2024-04-07T16:20:45,2024-04-07T16:20:45
186,186,device_186_6658,android,ko,Asia/Seoul,2024-12-13T17:52:45,2024-04-09T17:23:25,2024-04-09T17:23:25
187,187,device_187_2739,android,ko,Asia/Seoul,2025-05-30T13:38:45,2025-05-27T10:38:48,2025-05-27T10:38:48
188,188,device_188_5382,android,ko,Asia/Tokyo,2025-01-27T22:53:56,2025-01-04T03:54:20,2025-01-04T03:54:20
189,189,device_189_1829,android,ko,America/Toronto,2025-03-12T10:40:09,2025-03-03T01:04:54,2025-03-03T01:04:54
190,190,device_190_3616,android,zh,Asia/Tokyo,2024-11-17T02:16:58,2024-05-08T06:11:22,2024-05-08T06:11:22
191,191,device_191_3610,android,ja,America/Toronto,2025-05-17T05:49:13,2024-07-24T21:00:49,2024-07-24T21:00:49
192,192,device_192_9148,android,zh,Asia/Tokyo,2025-04-14T18:27:18,2025-02-13T20:33:08,2025-02-13T20:33:08
193,193,device_193_8491,ios,en,Asia/Tokyo,2025-05-10T16:36:55,2025-04-16T03:43:48,2025-04-16T03:43:48
194,194,device_194_1828,ios,ko,Asia/Seoul,2024-12-04T02:37:34,2024-11-24T15:51:46,2024-11-24T15:51:46
195,195,device_195_9793,android,zh,Asia/Tokyo,2024-10-02T11:34:20,2024-06-13T12:12:16,2024-06-13T12:12:16
196,196,device_196_5333,ios,en,Asia/Tokyo,2025-03-20T21:23:22,2025-02-22T21:12:27,2025-02-22T21:12:27
197,197,device_197_7563,android,zh,Asia/Seoul,2024-06-22T19:25:01,2024-06-05T05:43:39,2024-06-05T05:43:39
198,198,device_198_5728,ios,ko,Asia/Seoul,2025-04-01T23:13:27,2024-08-30T02:48:46,2024-08-30T02:48:46
199,199,device_199_2946,ios,zh,Asia/Tokyo,2025-02-22T12:56:27,2024-11-05T21:45:19,2024-11-05T21:45:19
200,200,device_200_6555,ios,en,Asia/Tokyo,2025-05-28T20:00:31,2025-05-19T18:36:18,2025-05-19T18:36:18
201,201,device_201_7576,android,ko,America/Toronto,2025-05-02T18:25:41,2024-10-17T01:03:45,2024-10-17T01:03:45
202,202,device_202_6456,ios,en,America/Vancouver,2025-01-01T21:24:46,2024-12-06T06:46:38,2024-12-06T06:46:38
203,203,device_203_3290,android,zh,America/Toronto,2025-05-17T02:44:37,2025-02-06T00:18:46,2025-02-06T00:18:46
204,204,device_204_5902,android,ja,America/Toronto,2025-03-02T23:36:45,2024-12-16T16:18:42,2024-12-16T16:18:42
205,205,device_205_1272,android,zh,Asia/Seoul,2025-04-07T20:19:16,2024-04-03T23:40:54,2024-04-03T23:40:54
206,206,device_206_6040,android,ja,America/Vancouver,2024-12-20T07:43:56,2024-07-11T13:17:44,2024-07-11T13:17:44
207,207,device_207_4728,ios,zh,Asia/Seoul,2025-03-05T03:12:45,2024-06-23T12:39:43,2024-06-23T12:39:43
208,208,device_208_7229,ios,zh,America/Toronto,2025-04-01T21:55:41,2024-02-19T17:31:45,2024-02-19T17:31:45
209,209,device_209_2800,ios,ko,America/Vancouver,2025-04-29T23:06:48,2024-09-19T14:22:18,2024-09-19T14:22:18
210,210,device_210_7861,ios,en,Asia/Tokyo,2024-09-16T23:45:31,2024-01-17T08:06:25,2024-01-17T08:06:25
211,211,device_211_9221,ios,zh,America/Toronto,2025-05-11T19:07:04,2025-04-01T22:52:09,2025-04-01T22:52:09
212,212,device_212_4397,android,en,America/Toronto,2025-04-25T14:27:54,2025-03-06T05:50:44,2025-03-06T05:50:44
213,213,device_213_3837,android,zh,Asia/Tokyo,2024-10-27T14:02:08,2024-06-27T17:38:58,2024-06-27T17:38:58
214,214,device_214_8932,android,ja,Asia/Seoul,2025-04-27T17:19:37,2025-04-02T01:19:07,2025-04-02T01:19:07
215,215,device_215_5890,ios,ko,Asia/Seoul,2025-01-22T18:53:38,2024-06-20T01:08:58,2024-06-20T01:08:58
216,216,device_216_9011,ios,ja,Asia/Seoul,2024-06-15T13:59:06,2024-01-06T14:02:49,2024-01-06T14:02:49
217,217,device_217_5480,android,zh,Asia/Seoul,2025-05-05T11:39:10,2024-02-25T03:24:25,2024-02-25T03:24:25
218,218,device_218_6654,android,en,Asia/Tokyo,2025-05-24T08:16:31,2025-05-05T04:36:42,2025-05-05T04:36:42
219,219,device_219_2294,ios,ja,America/Vancouver,2024-09-26T03:18:16,2024-02-15T17:29:11,2024-02-15T17:29:11
220,220,device_220_8849,android,zh,Asia/Seoul,2025-04-13T01:29:01,2024-06-26T19:47:03,2024-06-26T19:47:03
221,221,device_221_5450,ios,ko,Asia/Seoul,2025-05-03T21:12:29,2024-02-22T08:25:59,2024-02-22T08:25:59
222,222,device_222_1831,ios,en,America/Toronto,2024-07-31T17:19:30,2024-01-25T09:34:47,2024-01-25T09:34:47
223,223,device_223_7771,ios,ko,America/Vancouver,2024-10-22T13:32:45,2024-09-13T15:38:00,2024-09-13T15:38:00
224,224,device_224_1084,android,zh,America/Vancouver,2024-06-10T19:26:52,2024-02-25T00:52:36,2024-02-25T00:52:36
225,225,device_225_4267,ios,zh,Asia/Tokyo,2025-05-07T01:38:09,2025-02-03T08:33:53,2025-02-03T08:33:53
226,226,device_226_1969,android,ja,Asia/Seoul,2025-03-11T16:55:57,2024-07-03T20:43:40,2024-07-03T20:43:40
227,227,device_227_7846,ios,ko,America/Vancouver,2024-10-11T06:54:51,2024-08-04T07:11:32,2024-08-04T07:11:32
228,228,device_228_4052,ios,en,Asia/Tokyo,2025-04-18T05:26:17,2025-01-12T00:46:55,2025-01-12T00:46:55
229,229,device_229_2758,android,en,America/Vancouver,2024-10-09T06:52:49,2024-06-15T09:39:48,2024-06-15T09:39:48
230,230,device_230_3198,android,ja,Asia/Tokyo,2025-05-29T17:50:51,2025-02-22T20:02:56,2025-02-22T20:02:56
231,231,device_231_6417,android,ja,America/Toronto,2024-07-09T06:21:33,2024-04-12T18:28:17,2024-04-12T18:28:17
232,232,device_232_4050,ios,zh,Asia/Seoul,2025-05-28T07:28:11,2025-03-19T13:00:53,2025-03-19T13:00:53
233,233,device_233_4164,ios,ja,Asia/Seoul,2025-05-17T16:23:23,2025-03-23T13:21:49,2025-03-23T13:21:49
234,234,device_234_6372,ios,zh,Asia/Tokyo,2025-04-12T04:36:29,2025-01-02T03:13:35,2025-01-02T03:13:35
235,235,device_235_3303,ios,zh,America/Vancouver,2024-09-17T12:04:56,2024-07-07T17:47:48,2024-07-07T17:47:48
236,236,device_236_5272,android,ja,America/Toronto,2025-01-03T16:41:06,2025-01-02T08:51:16,2025-01-02T08:51:16
237,237,device_237_6400,android,ko,Asia/Tokyo,2025-02-23T20:42:53,2024-11-12T04:08:51,2024-11-12T04:08:51
238,238,device_238_6890,android,en,Asia/Seoul,2025-02-05T18:16:07,2024-05-27T21:29:53,2024-05-27T21:29:53
239,239,device_239_6026,ios,en,America/Vancouver,2025-03-10T17:57:06,2024-03-14T06:21:37,2024-03-14T06:21:37
240,240,device_240_5833,ios,zh,Asia/Seoul,2024-06-15T11:42:33,2024-03-16T06:55:16,2024-03-16T06:55:16
241,241,device_241_8834,android,ko,America/Toronto,2025-05-27T15:46:51,2025-05-26T20:19:43,2025-05-26T20:19:43
242,242,device_242_9998,ios,zh,Asia/Seoul,2025-02-19T13:21:26,2024-11-30T19:22:35,2024-11-30T19:22:35
243,243,device_243_2341,android,ko,America/Toronto,2025-05-21T13:58:42,2024-10-02T04:35:07,2024-10-02T04:35:07
244,244,device_244_2838,android,ja,America/Vancouver,2025-05-22T02:44:52,2024-11-25T00:04:40,2024-11-25T00:04:40
245,245,device_245_6375,ios,ko,America/Toronto,2025-01-18T05:05:56,2024-11-15T07:30:06,2024-11-15T07:30:06
246,246,device_246_9008,android,en,America/Toronto,2025-05-16T23:03:01,2024-12-28T17:58:14,2024-12-28T17:58:14
247,247,device_247_3161,ios,zh,America/Vancouver,2025-01-29T06:24:52,2024-02-12T01:49:26,2024-02-12T01:49:26
248,248,device_248_8575,android,zh,America/Vancouver,2025-05-29T08:03:16,2025-05-22T13:17:35,2025-05-22T13:17:35
249,249,device_249_1049,android,en,Asia/Tokyo,2025-05-23T01:53:44,2025-05-16T21:39:49,2025-05-16T21:39:49
250,250,device_250_6644,ios,en,America/Vancouver,2025-02-09T12:56:01,2024-03-17T10:38:31,2024-03-17T10:38:31
251,251,device_251_1519,ios,en,America/Vancouver,2025-02-17T17:56:49,2024-02-17T01:54:07,2024-02-17T01:54:07
252,252,device_252_7887,android,zh,America/Toronto,2024-12-31T07:41:34,2024-11-08T17:24:16,2024-11-08T17:24:16
253,253,device_253_7154,android,zh,Asia/Tokyo,2025-02-14T03:34:47,2024-09-20T13:03:32,2024-09-20T13:03:32
254,254,device_254_3924,ios,ko,Asia/Seoul,2024-06-26T00:24:17,2024-03-25T20:55:20,2024-03-25T20:55:20
255,255,device_255_1372,android,ko,America/Toronto,2024-07-13T11:39:48,2024-07-12T03:17:24,2024-07-12T03:17:24
256,256,device_256_7214,android,zh,Asia/Tokyo,2024-12-21T09:28:42,2024-05-28T19:29:52,2024-05-28T19:29:52
257,257,device_257_3541,ios,ko,Asia/Tokyo,2024-10-09T04:11:36,2024-05-27T17:45:03,2024-05-27T17:45:03
258,258,device_258_7868,android,ko,America/Vancouver,2025-02-26T19:14:03,2025-02-20T13:05:27,2025-02-20T13:05:27
259,259,device_259_2653,ios,ko,America/Toronto,2024-12-27T12:21:39,2024-12-14T10:45:45,2024-12-14T10:45:45
260,260,device_260_1724,ios,zh,America/Vancouver,2024-10-25T23:21:44,2024-04-18T21:11:14,2024-04-18T21:11:14
261,261,device_261_4559,android,zh,America/Toronto,2025-03-08T11:54:23,2024-11-23T16:26:37,2024-11-23T16:26:37
262,262,device_262_6224,ios,ko,Asia/Seoul,2024-08-21T11:00:29,2024-05-22T12:27:53,2024-05-22T12:27:53
263,263,device_263_9540,android,ko,Asia/Seoul,2024-09-28T23:44:30,2024-08-04T08:27:28,2024-08-04T08:27:28
264,264,device_264_1998,ios,zh,Asia/Seoul,2025-02-16T18:19:20,2024-12-25T08:00:44,2024-12-25T08:00:44
265,265,device_265_6642,ios,zh,Asia/Tokyo,2024-07-31T05:43:15,2024-07-13T00:43:46,2024-07-13T00:43:46
266,266,device_266_3444,android,ja,Asia/Tokyo,2025-01-10T15:46:43,2024-02-28T13:16:34,2024-02-28T13:16:34
267,267,device_267_9813,android,zh,America/Toronto,2025-05-05T16:23:21,2024-12-10T04:33:20,2024-12-10T04:33:20
268,268,device_268_3365,android,ko,America/Toronto,2025-04-01T15:34:25,2025-03-03T10:48:26,2025-03-03T10:48:26
269,269,device_269_9683,android,en,Asia/Tokyo,2025-02-03T13:25:12,2024-03-17T01:09:03,2024-03-17T01:09:03
270,270,device_270_4331,ios,zh,America/Toronto,2024-08-25T08:29:53,2024-02-09T07:02:05,2024-02-09T07:02:05
271,271,device_271_7079,android,en,Asia/Tokyo,2025-05-31T19:36:25,2025-05-21T12:51:42,2025-05-21T12:51:42
272,272,device_272_7179,ios,ko,America/Vancouver,2025-04-17T00:24:40,2025-02-23T21:17:22,2025-02-23T21:17:22
273,273,device_273_4555,ios,en,America/Toronto,2025-04-12T20:27:35,2024-01-12T11:06:22,2024-01-12T11:06:22
274,274,device_274_1251,android,ko,Asia/Seoul,2024-11-03T22:22:41,2024-03-13T10:32:38,2024-03-13T10:32:38
275,275,device_275_8846,ios,ko,America/Vancouver,2025-04-18T15:51:07,2024-07-02T14:25:59,2024-07-02T14:25:59
276,276,device_276_4921,ios,ko,Asia/Tokyo,2025-04-29T13:51:37,2024-05-09T04:15:49,2024-05-09T04:15:49
277,277,device_277_9743,android,ja,Asia/Tokyo,2025-05-11T17:52:34,2024-11-11T16:06:25,2024-11-11T16:06:25
278,278,device_278_9401,android,ja,Asia/Seoul,2025-03-23T01:04:19,2025-01-12T05:00:24,2025-01-12T05:00:24
279,279,device_279_8692,android,zh,America/Vancouver,2025-05-29T03:51:44,2025-01-08T21:10:16,2025-01-08T21:10:16
280,280,device_280_7781,android,ko,Asia/Seoul,2024-10-14T13:10:58,2024-06-15T00:32:18,2024-06-15T00:32:18
281,281,device_281_5272,ios,ko,America/Toronto,2024-11-13T19:06:47,2024-11-07T11:55:58,2024-11-07T11:55:58
282,282,device_282_6404,android,ja,America/Toronto,2024-07-16T22:19:22,2024-02-15T13:02:35,2024-02-15T13:02:35
283,283,device_283_6530,ios,zh,America/Toronto,2025-05-30T16:42:45,2024-05-07T21:03:30,2024-05-07T21:03:30
284,284,device_284_3756,android,zh,Asia/Tokyo,2025-04-18T07:48:30,2024-10-21T08:34:15,2024-10-21T08:34:15
285,285,device_285_9000,android,ko,America/Toronto,2025-03-02T04:32:27,2024-01-02T16:10:44,2024-01-02T16:10:44
286,286,device_286_1794,ios,en,America/Vancouver,2024-11-28T02:47:54,2024-10-30T05:59:20,2024-10-30T05:59:20
287,287,device_287_4791,ios,zh,America/Toronto,2025-03-26T22:18:30,2024-07-24T23:44:35,2024-07-24T23:44:35
288,288,device_288_9285,ios,ko,America/Vancouver,2025-01-30T21:16:41,2024-12-19T09:58:14,2024-12-19T09:58:14
289,289,device_289_8916,android,ja,America/Vancouver,2025-04-06T12:04:21,2024-08-09T13:25:51,2024-08-09T13:25:51
290,290,device_290_7739,android,en,America/Vancouver,2025-03-07T21:43:14,2024-11-24T13:25:51,2024-11-24T13:25:51
291,291,device_291_5697,ios,en,Asia/Seoul,2025-04-28T16:37:56,2025-03-07T16:16:20,2025-03-07T16:16:20
292,292,device_292_2578,ios,zh,America/Toronto,2025-05-29T09:58:04,2025-05-29T02:10:31,2025-05-29T02:10:31
293,293,device_293_9625,ios,ko,America/Toronto,2025-05-13T08:36:02,2025-01-13T00:12:45,2025-01-13T00:12:45
294,294,device_294_2294,android,ja,Asia/Seoul,2025-03-04T12:18:27,2024-04-30T05:37:19,2024-04-30T05:37:19
295,295,device_295_4984,android,zh,Asia/Tokyo,2025-01-01T22:09:17,2024-05-27T11:57:10,2024-05-27T11:57:10
296,296,device_296_1519,ios,ja,America/Vancouver,2025-04-29T08:17:35,2024-08-18T11:02:05,2024-08-18T11:02:05
297,297,device_297_8798,ios,zh,Asia/Tokyo,2024-11-11T13:42:49,2024-06-18T02:14:19,2024-06-18T02:14:19
298,298,device_298_9189,ios,en,America/Toronto,2024-04-19T15:35:18,2024-02-15T10:12:27,2024-02-15T10:12:27
299,299,device_299_1697,android,ja,America/Vancouver,2025-05-16T03:24:11,2025-03-25T20:42:11,2025-03-25T20:42:11
300,300,device_300_1762,ios,ko,Asia/Tokyo,2025-03-23T10:56:54,2025-02-25T03:15:04,2025-02-25T03:15:04
301,301,device_301_6152,ios,ja,America/Vancouver,2024-07-05T15:44:29,2024-02-17T08:19:53,2024-02-17T08:19:53
302,302,device_302_2260,ios,ko,America/Toronto,2025-02-02T06:24:18,2024-08-31T14:01:02,2024-08-31T14:01:02
303,303,device_303_7375,android,ko,America/Toronto,2025-04-29T13:36:55,2024-02-14T09:38:16,2024-02-14T09:38:16
304,304,device_304_9204,android,zh,America/Toronto,2024-04-09T20:43:08,2024-02-08T22:43:15,2024-02-08T22:43:15
305,305,device_305_4803,android,en,America/Vancouver,2025-05-11T04:20:56,2025-03-29T17:51:34,2025-03-29T17:51:34
306,306,device_306_1485,ios,ja,Asia/Tokyo,2025-03-09T17:00:26,2025-01-05T07:58:55,2025-01-05T07:58:55
307,307,device_307_6829,android,zh,Asia/Tokyo,2025-03-10T21:00:44,2025-01-25T13:48:37,2025-01-25T13:48:37
308,308,device_308_2404,android,zh,America/Toronto,2025-05-01T08:10:33,2025-02-16T12:54:31,2025-02-16T12:54:31
309,309,device_309_5390,android,ko,America/Vancouver,2024-07-05T00:03:28,2024-05-02T06:45:31,2024-05-02T06:45:31
310,310,device_310_6188,ios,zh,America/Toronto,2024-12-12T19:23:31,2024-02-14T04:18:43,2024-02-14T04:18:43
311,311,device_311_6050,android,en,America/Vancouver,2025-01-30T10:49:14,2025-01-29T10:36:33,2025-01-29T10:36:33
312,312,device_312_3170,android,ja,Asia/Seoul,2024-05-21T15:07:03,2024-03-03T05:23:09,2024-03-03T05:23:09
313,313,device_313_9395,ios,ko,Asia/Tokyo,2024-11-14T15:33:16,2024-05-24T08:01:42,2024-05-24T08:01:42
314,314,device_314_6798,android,en,America/Vancouver,2024-05-02T19:56:46,2024-02-23T05:19:48,2024-02-23T05:19:48
315,315,device_315_5781,ios,ja,Asia/Tokyo,2025-04-08T09:00:50,2025-04-07T04:15:30,2025-04-07T04:15:30
316,316,device_316_4977,android,zh,America/Vancouver,2025-05-02T09:23:57,2024-02-22T18:52:56,2024-02-22T18:52:56
317,317,device_317_5405,ios,zh,America/Toronto,2024-08-24T14:36:05,2024-07-01T16:31:06,2024-07-01T16:31:06
318,318,device_318_2036,android,ja,Asia/Tokyo,2025-01-05T07:07:58,2024-11-09T14:55:18,2024-11-09T14:55:18
319,319,device_319_5911,ios,zh,Asia/Seoul,2025-02-24T04:45:53,2024-04-03T02:50:54,2024-04-03T02:50:54
320,320,device_320_5040,android,en,Asia/Seoul,2025-04-11T22:01:19,2025-03-18T11:31:09,2025-03-18T11:31:09
321,321,device_321_3219,android,ko,Asia/Tokyo,2024-08-20T18:50:29,2024-07-10T05:47:12,2024-07-10T05:47:12
322,322,device_322_7224,android,en,Asia/Tokyo,2025-04-26T21:57:19,2025-03-25T15:50:00,2025-03-25T15:50:00
323,323,device_323_3230,android,zh,Asia/Seoul,2025-05-18T14:02:55,2025-04-06T18:38:25,2025-04-06T18:38:25
324,324,device_324_6147,android,ja,America/Toronto,2025-02-06T22:13:36,2024-01-31T20:50:17,2024-01-31T20:50:17
325,325,device_325_9044,ios,zh,Asia/Seoul,2025-05-10T05:40:11,2025-04-26T02:06:29,2025-04-26T02:06:29
326,326,device_326_7437,ios,ja,Asia/Tokyo,2024-10-08T09:27:17,2024-03-04T16:16:53,2024-03-04T16:16:53
327,327,device_327_9939,android,en,America/Toronto,2025-03-16T14:53:47,2024-11-21T14:55:07,2024-11-21T14:55:07
328,328,device_328_8183,ios,en,Asia/Tokyo,2025-05-28T03:23:18,2025-05-25T14:19:26,2025-05-25T14:19:26
329,329,device_329_3280,android,en,Asia/Tokyo,2025-05-16T19:54:02,2025-03-29T08:26:24,2025-03-29T08:26:24
330,330,device_330_3525,android,ko,Asia/Seoul,2025-05-17T23:23:21,2025-03-15T00:35:36,2025-03-15T00:35:36
331,331,device_331_8851,android,zh,America/Vancouver,2025-05-08T06:10:43,2025-02-10T01:22:34,2025-02-10T01:22:34
332,332,device_332_9796,android,zh,America/Vancouver,2025-01-20T08:37:07,2024-09-02T17:33:40,2024-09-02T17:33:40
333,333,device_333_6816,ios,en,America/Toronto,2025-04-02T22:18:58,2024-07-21T13:01:29,2024-07-21T13:01:29
334,334,device_334_6432,ios,en,Asia/Tokyo,2025-03-26T23:10:45,2024-06-07T15:40:02,2024-06-07T15:40:02
335,335,device_335_5239,android,en,America/Vancouver,2024-10-09T07:53:29,2024-09-01T00:48:42,2024-09-01T00:48:42
336,336,device_336_7408,ios,ko,Asia/Tokyo,2024-11-26T16:28:32,2024-07-04T09:25:43,2024-07-04T09:25:43
337,337,device_337_8909,android,ko,Asia/Seoul,2024-08-03T20:21:13,2024-07-25T07:24:48,2024-07-25T07:24:48
338,338,device_338_2901,ios,ja,Asia/Tokyo,2024-12-06T18:12:27,2024-11-03T09:58:58,2024-11-03T09:58:58
339,339,device_339_8460,ios,ja,Asia/Seoul,2025-01-03T02:58:27,2024-04-11T15:44:52,2024-04-11T15:44:52
340,340,device_340_2599,ios,zh,Asia/Seoul,2025-05-27T22:23:29,2025-05-16T09:00:24,2025-05-16T09:00:24
341,341,device_341_5919,android,zh,Asia/Seoul,2024-09-16T02:27:39,2024-08-21T00:21:03,2024-08-21T00:21:03
342,342,device_342_2791,ios,en,America/Vancouver,2025-02-25T18:08:33,2024-12-21T03:17:01,2024-12-21T03:17:01
343,343,device_343_3623,ios,ko,America/Toronto,2025-04-04T22:08:48,2024-09-02T13:58:12,2024-09-02T13:58:12
344,344,device_344_7636,android,zh,Asia/Tokyo,2024-08-24T10:24:08,2024-02-26T08:18:06,2024-02-26T08:18:06
345,345,device_345_1478,ios,ko,Asia/Tokyo,2024-11-10T11:50:33,2024-01-08T05:39:09,2024-01-08T05:39:09
346,346,device_346_1072,ios,zh,Asia/Tokyo,2025-03-07T11:10:01,2024-12-21T23:03:40,2024-12-21T23:03:40
347,347,device_347_2025,ios,ko,Asia/Seoul,2025-05-31T15:11:13,2025-04-27T11:14:51,2025-04-27T11:14:51
348,348,device_348_4228,ios,ko,Asia/Seoul,2025-04-13T22:33:42,2025-03-13T06:57:43,2025-03-13T06:57:43
349,349,device_349_9646,android,en,Asia/Seoul,2025-04-02T20:25:41,2024-03-18T15:47:08,2024-03-18T15:47:08
350,350,device_350_2871,android,zh,Asia/Tokyo,2025-05-27T20:14:22,2024-02-26T21:40:43,2024-02-26T21:40:43
351,351,device_351_5873,android,ja,Asia/Tokyo,2025-03-27T02:16:05,2025-02-21T14:13:54,2025-02-21T14:13:54
352,352,device_352_4908,ios,ko,Asia/Seoul,2024-07-30T08:02:03,2024-06-14T13:29:03,2024-06-14T13:29:03
353,353,device_353_3316,android,en,America/Toronto,2025-04-10T10:06:23,2025-01-27T22:22:27,2025-01-27T22:22:27
354,354,device_354_7286,android,zh,America/Toronto,2025-03-05T05:16:28,2024-07-24T23:41:38,2024-07-24T23:41:38
355,355,device_355_3733,android,ko,Asia/Tokyo,2024-08-25T10:29:59,2024-04-12T21:10:09,2024-04-12T21:10:09
356,356,device_356_6154,android,ja,America/Toronto,2024-12-09T17:52:52,2024-09-28T01:59:46,2024-09-28T01:59:46
357,357,device_357_8939,android,en,Asia/Seoul,2024-03-01T21:00:39,2024-02-23T10:21:46,2024-02-23T10:21:46
358,358,device_358_9281,ios,ko,Asia/Tokyo,2025-02-11T20:06:56,2024-07-08T17:47:29,2024-07-08T17:47:29
359,359,device_359_8272,android,zh,Asia/Tokyo,2025-03-24T10:26:26,2024-10-14T00:29:03,2024-10-14T00:29:03
360,360,device_360_1505,android,ko,America/Vancouver,2025-03-16T22:26:22,2024-08-09T08:33:00,2024-08-09T08:33:00
361,361,device_361_4683,ios,ja,America/Vancouver,2024-12-02T00:14:37,2024-05-02T12:36:50,2024-05-02T12:36:50
362,362,device_362_9115,android,ko,Asia/Tokyo,2025-03-26T04:28:27,2024-12-06T08:21:08,2024-12-06T08:21:08
363,363,device_363_9898,ios,en,Asia/Seoul,2025-05-12T04:27:39,2025-02-25T22:19:00,2025-02-25T22:19:00
364,364,device_364_4580,android,en,Asia/Tokyo,2025-03-23T03:42:34,2024-08-22T23:19:41,2024-08-22T23:19:41
365,365,device_365_1528,android,en,America/Toronto,2025-05-04T13:21:20,2025-04-20T02:29:59,2025-04-20T02:29:59
366,366,device_366_8193,android,ja,Asia/Seoul,2025-05-24T00:20:15,2025-05-22T23:00:07,2025-05-22T23:00:07
367,367,device_367_8015,ios,ko,America/Toronto,2025-04-23T22:13:38,2025-02-14T20:10:09,2025-02-14T20:10:09
368,368,device_368_1972,ios,ko,America/Toronto,2024-06-15T19:31:29,2024-01-07T01:49:59,2024-01-07T01:49:59
369,369,device_369_5794,android,ja,America/Toronto,2025-04-07T04:42:12,2025-03-06T18:32:09,2025-03-06T18:32:09
370,370,device_370_7743,android,ja,America/Vancouver,2024-10-12T04:36:15,2024-08-20T12:49:27,2024-08-20T12:49:27
371,371,device_371_5090,ios,ja,America/Toronto,2025-05-30T16:07:27,2025-05-30T06:27:43,2025-05-30T06:27:43
372,372,device_372_9019,ios,ja,America/Toronto,2025-01-20T11:27:53,2024-03-21T10:59:32,2024-03-21T10:59:32
373,373,device_373_8405,ios,ja,Asia/Tokyo,2025-01-30T17:05:12,2024-04-14T07:22:04,2024-04-14T07:22:04
374,374,device_374_5558,ios,en,Asia/Tokyo,2025-02-09T15:52:04,2024-07-24T10:00:07,2024-07-24T10:00:07
375,375,device_375_1040,android,zh,Asia/Tokyo,2024-12-09T20:51:37,2024-03-30T15:44:46,2024-03-30T15:44:46
376,376,device_376_9756,ios,zh,Asia/Seoul,2024-05-12T07:51:52,2024-03-24T03:17:42,2024-03-24T03:17:42
377,377,device_377_4470,android,ko,Asia/Tokyo,2025-05-24T18:52:13,2025-03-05T16:50:10,2025-03-05T16:50:10
378,378,device_378_6533,android,ja,Asia/Seoul,2024-12-07T00:19:01,2024-04-30T17:45:32,2024-04-30T17:45:32
379,379,device_379_1793,ios,zh,Asia/Seoul,2025-04-21T14:47:01,2024-07-30T12:56:19,2024-07-30T12:56:19
380,380,device_380_3035,ios,en,Asia/Tokyo,2024-08-13T04:04:14,2024-08-06T20:19:03,2024-08-06T20:19:03
381,381,device_381_8009,ios,zh,Asia/Tokyo,2025-04-14T19:37:57,2025-04-14T18:50:42,2025-04-14T18:50:42
382,382,device_382_5489,ios,ko,Asia/Seoul,2024-08-13T08:11:54,2024-06-12T14:25:16,2024-06-12T14:25:16
383,383,device_383_7092,ios,ja,Asia/Seoul,2024-10-25T07:58:00,2024-09-23T07:45:06,2024-09-23T07:45:06
384,384,device_384_6005,ios,en,Asia/Tokyo,2025-02-05T02:23:00,2024-06-07T03:19:44,2024-06-07T03:19:44
385,385,device_385_1017,ios,zh,America/Vancouver,2025-05-12T05:56:57,2025-05-07T15:03:08,2025-05-07T15:03:08
386,386,device_386_4705,ios,zh,America/Vancouver,2024-09-13T13:52:05,2024-07-24T01:00:59,2024-07-24T01:00:59
387,387,device_387_2975,android,en,America/Vancouver,2025-04-04T06:40:44,2025-01-27T13:30:27,2025-01-27T13:30:27
388,388,device_388_4751,android,ko,Asia/Tokyo,2025-01-28T04:58:38,2025-01-14T10:53:37,2025-01-14T10:53:37
389,389,device_389_6133,android,en,America/Vancouver,2024-08-23T03:08:49,2024-07-14T01:14:21,2024-07-14T01:14:21
390,390,device_390_3181,android,ja,America/Toronto,2024-12-02T17:23:50,2024-02-09T10:57:36,2024-02-09T10:57:36
391,391,device_391_8210,ios,en,America/Vancouver,2024-07-18T03:55:20,2024-03-12T16:34:05,2024-03-12T16:34:05
392,392,device_392_8248,android,ko,America/Toronto,2025-05-27T15:35:44,2025-05-07T15:55:08,2025-05-07T15:55:08
393,393,device_393_3017,ios,en,America/Vancouver,2024-12-22T04:31:58,2024-11-25T00:01:28,2024-11-25T00:01:28
394,394,device_394_3290,android,ja,Asia/Tokyo,2024-12-03T01:04:46,2024-08-02T21:41:35,2024-08-02T21:41:35
395,395,device_395_5668,ios,ja,America/Vancouver,2024-08-15T00:00:19,2024-02-04T05:50:12,2024-02-04T05:50:12
396,396,device_396_9348,ios,ja,America/Toronto,2025-02-08T21:38:22,2024-01-03T18:05:47,2024-01-03T18:05:47
397,397,device_397_1894,ios,zh,Asia/Seoul,2025-05-25T00:40:59,2024-09-16T01:56:40,2024-09-16T01:56:40
398,398,device_398_4949,ios,zh,Asia/Tokyo,2024-07-08T04:20:57,2024-04-11T14:39:18,2024-04-11T14:39:18
399,399,device_399_6185,android,en,America/Vancouver,2025-05-18T15:00:31,2025-05-09T20:39:14,2025-05-09T20:39:14
400,400,device_400_9951,ios,zh,Asia/Tokyo,2024-12-11T09:05:27,2024-07-22T11:12:00,2024-07-22T11:12:00
401,401,device_401_2106,ios,zh,America/Vancouver,2024-05-18T11:13:08,2024-05-05T12:06:22,2024-05-05T12:06:22
402,402,device_402_1990,ios,ja,America/Toronto,2024-12-16T22:01:02,2024-12-09T04:24:39,2024-12-09T04:24:39
403,403,device_403_7590,android,ja,Asia/Tokyo,2025-04-14T15:04:12,2025-03-04T12:04:06,2025-03-04T12:04:06
404,404,device_404_6077,ios,ko,Asia/Seoul,2024-12-14T10:15:09,2024-11-28T04:39:43,2024-11-28T04:39:43
405,405,device_405_6353,ios,ko,America/Toronto,2025-05-02T17:56:28,2025-03-11T16:03:42,2025-03-11T16:03:42
406,406,device_406_4909,android,en,Asia/Seoul,2024-12-13T07:35:13,2024-01-08T12:15:22,2024-01-08T12:15:22
407,407,device_407_2900,ios,ko,America/Vancouver,2025-02-28T08:50:29,2024-03-27T21:28:49,2024-03-27T21:28:49
408,408,device_408_2956,android,en,Asia/Seoul,2024-07-13T20:55:26,2024-02-28T10:38:49,2024-02-28T10:38:49
409,409,device_409_9133,ios,ko,America/Vancouver,2024-08-31T00:38:04,2024-04-25T18:34:23,2024-04-25T18:34:23
410,410,device_410_3079,android,ja,America/Toronto,2025-04-04T21:03:30,2025-02-27T18:32:24,2025-02-27T18:32:24
411,411,device_411_8034,android,en,America/Vancouver,2024-10-15T04:40:16,2024-01-28T23:36:47,2024-01-28T23:36:47
412,412,device_412_2262,android,en,Asia/Seoul,2025-05-25T17:28:04,2024-10-13T18:41:05,2024-10-13T18:41:05
413,413,device_413_9185,android,zh,Asia/Seoul,2025-04-02T19:56:51,2025-03-28T10:45:55,2025-03-28T10:45:55
414,414,device_414_2685,ios,ja,America/Toronto,2025-03-29T22:16:39,2025-03-05T03:48:51,2025-03-05T03:48:51
415,415,device_415_1201,ios,ko,America/Vancouver,2024-05-29T05:35:38,2024-04-25T00:40:05,2024-04-25T00:40:05
416,416,device_416_7274,ios,en,Asia/Tokyo,2025-02-08T12:03:30,2024-11-29T19:48:18,2024-11-29T19:48:18
417,417,device_417_4678,ios,ko,America/Vancouver,2025-02-28T17:22:01,2024-04-08T23:45:24,2024-04-08T23:45:24
418,418,device_418_5444,android,ko,Asia/Tokyo,2024-10-07T23:46:10,2024-02-02T11:44:47,2024-02-02T11:44:47
419,419,device_419_1862,ios,ja,America/Vancouver,2025-03-10T09:42:45,2024-08-27T10:21:07,2024-08-27T10:21:07
420,420,device_420_2129,ios,ko,America/Vancouver,2025-03-14T22:29:13,2024-10-10T05:35:48,2024-10-10T05:35:48
421,421,device_421_2415,android,ja,Asia/Seoul,2024-10-12T05:01:32,2024-01-31T23:41:39,2024-01-31T23:41:39
422,422,device_422_5777,android,en,Asia/Seoul,2024-12-21T20:26:17,2024-10-04T22:02:51,2024-10-04T22:02:51
423,423,device_423_9083,android,ko,Asia/Tokyo,2024-11-02T04:40:09,2024-06-12T04:06:37,2024-06-12T04:06:37
424,424,device_424_7718,ios,ko,America/Toronto,2024-07-15T07:01:03,2024-07-12T19:34:17,2024-07-12T19:34:17
425,425,device_425_6488,ios,ko,Asia/Seoul,2024-03-28T07:04:20,2024-03-20T20:12:43,2024-03-20T20:12:43
426,426,device_426_4361,ios,zh,Asia/Seoul,2024-11-11T01:55:21,2024-10-01T17:02:51,2024-10-01T17:02:51
427,427,device_427_3332,ios,zh,Asia/Tokyo,2025-03-16T16:33:02,2025-03-10T20:59:06,2025-03-10T20:59:06
428,428,device_428_9515,android,en,America/Vancouver,2025-02-09T12:54:14,2024-11-11T15:25:24,2024-11-11T15:25:24
429,429,device_429_2565,android,ja,Asia/Tokyo,2025-05-01T04:53:14,2025-04-27T01:58:08,2025-04-27T01:58:08
430,430,device_430_8126,ios,zh,America/Vancouver,2024-06-17T10:07:10,2024-04-30T01:04:58,2024-04-30T01:04:58
431,431,device_431_6161,ios,ko,Asia/Seoul,2024-10-12T05:42:55,2024-07-02T21:06:13,2024-07-02T21:06:13
432,432,device_432_5455,android,ja,Asia/Seoul,2025-04-22T21:16:13,2024-05-06T05:15:08,2024-05-06T05:15:08
433,433,device_433_2785,ios,en,America/Toronto,2024-07-09T09:08:58,2024-05-17T12:29:43,2024-05-17T12:29:43
434,434,device_434_8635,ios,en,America/Toronto,2025-05-09T19:59:25,2024-11-16T05:43:29,2024-11-16T05:43:29
435,435,device_435_6870,android,zh,America/Vancouver,2025-03-11T12:24:31,2024-01-20T06:03:04,2024-01-20T06:03:04
436,436,device_436_5341,ios,zh,Asia/Seoul,2024-11-15T06:13:41,2024-05-19T07:31:30,2024-05-19T07:31:30
437,437,device_437_1660,ios,en,America/Toronto,2025-01-11T03:52:29,2024-09-15T00:23:09,2024-09-15T00:23:09
438,438,device_438_5066,ios,ja,America/Toronto,2024-12-21T05:03:19,2024-11-15T18:53:22,2024-11-15T18:53:22
439,439,device_439_5896,android,zh,America/Vancouver,2025-03-31T17:58:44,2024-07-11T18:10:21,2024-07-11T18:10:21
440,440,device_440_8408,android,ko,America/Vancouver,2024-12-30T06:49:39,2024-07-26T05:37:08,2024-07-26T05:37:08
441,441,device_441_3290,ios,en,Asia/Tokyo,2024-07-21T19:21:12,2024-05-03T15:39:46,2024-05-03T15:39:46
442,442,device_442_3141,ios,en,America/Vancouver,2024-09-13T14:47:58,2024-03-24T23:02:54,2024-03-24T23:02:54
443,443,device_443_5240,ios,zh,Asia/Seoul,2024-11-25T18:23:55,2024-10-24T03:05:40,2024-10-24T03:05:40
444,444,device_444_8265,ios,en,America/Vancouver,2024-07-02T16:12:44,2024-01-31T01:52:44,2024-01-31T01:52:44
445,445,device_445_1699,ios,en,Asia/Seoul,2025-01-24T09:19:05,2024-12-31T14:17:52,2024-12-31T14:17:52
446,446,device_446_8096,android,en,America/Toronto,2025-01-30T15:27:12,2024-06-21T18:27:54,2024-06-21T18:27:54
447,447,device_447_7990,android,zh,America/Vancouver,2024-10-30T15:36:13,2024-06-04T00:18:25,2024-06-04T00:18:25
448,448,device_448_5505,ios,ja,America/Toronto,2025-01-28T20:51:41,2024-12-23T12:40:27,2024-12-23T12:40:27
449,449,device_449_5026,android,zh,America/Toronto,2024-10-12T01:03:41,2024-09-28T14:06:19,2024-09-28T14:06:19
450,450,device_450_8848,android,zh,Asia/Tokyo,2025-03-26T21:57:37,2024-08-25T01:10:12,2024-08-25T01:10:12
451,451,device_451_3248,ios,en,Asia/Seoul,2024-11-21T12:38:54,2024-06-25T18:41:14,2024-06-25T18:41:14
452,452,device_452_9907,android,ko,America/Toronto,2025-02-22T02:39:11,2024-06-22T03:35:46,2024-06-22T03:35:46
453,453,device_453_9921,ios,zh,Asia/Seoul,2025-01-25T23:06:10,2024-01-19T09:08:13,2024-01-19T09:08:13
454,454,device_454_5430,android,ja,Asia/Seoul,2025-05-30T00:28:20,2025-05-27T15:54:37,2025-05-27T15:54:37
455,455,device_455_4588,ios,en,Asia/Seoul,2025-01-16T21:43:40,2024-05-30T00:12:00,2024-05-30T00:12:00
456,456,device_456_9674,ios,ja,America/Vancouver,2025-05-07T16:21:40,2024-11-05T11:56:39,2024-11-05T11:56:39
457,457,device_457_5060,android,ko,America/Toronto,2024-10-20T20:33:56,2024-09-11T23:14:46,2024-09-11T23:14:46
458,458,device_458_4594,ios,ja,America/Vancouver,2025-05-28T02:59:48,2024-08-04T09:32:14,2024-08-04T09:32:14
459,459,device_459_4875,android,ja,America/Toronto,2024-07-09T16:50:42,2024-02-23T22:05:47,2024-02-23T22:05:47
460,460,device_460_6761,android,ja,America/Vancouver,2025-05-04T23:55:22,2024-08-04T19:16:01,2024-08-04T19:16:01
461,461,device_461_6063,ios,ko,Asia/Tokyo,2025-04-28T06:48:20,2024-09-29T17:50:17,2024-09-29T17:50:17
462,462,device_462_1920,ios,zh,America/Vancouver,2025-05-15T10:39:53,2025-05-13T06:05:10,2025-05-13T06:05:10
463,463,device_463_8831,ios,ko,America/Vancouver,2025-05-12T21:26:16,2025-01-30T16:00:36,2025-01-30T16:00:36
464,464,device_464_6582,ios,ja,America/Toronto,2024-12-27T02:47:44,2024-11-06T10:32:42,2024-11-06T10:32:42
465,465,device_465_3420,ios,ja,America/Vancouver,2025-02-24T17:54:25,2025-02-20T11:47:08,2025-02-20T11:47:08
466,466,device_466_7120,ios,en,Asia/Seoul,2024-10-12T09:07:27,2024-09-14T05:04:51,2024-09-14T05:04:51
467,467,device_467_6285,android,en,Asia/Seoul,2024-09-12T19:49:16,2024-01-22T10:30:40,2024-01-22T10:30:40
468,468,device_468_6198,ios,ko,Asia/Tokyo,2025-04-13T00:11:32,2024-03-30T14:07:33,2024-03-30T14:07:33
469,469,device_469_3872,ios,ja,America/Toronto,2025-04-06T08:36:32,2024-07-21T21:24:15,2024-07-21T21:24:15
470,470,device_470_3911,android,ja,Asia/Seoul,2024-07-07T03:43:05,2024-05-18T16:44:43,2024-05-18T16:44:43
471,471,device_471_6213,ios,zh,America/Vancouver,2025-04-13T15:15:29,2025-03-26T22:58:37,2025-03-26T22:58:37
472,472,device_472_6425,ios,en,Asia/Tokyo,2024-09-17T19:32:34,2024-07-25T04:39:06,2024-07-25T04:39:06
473,473,device_473_3750,ios,ko,Asia/Seoul,2024-10-04T21:25:32,2024-01-30T17:09:57,2024-01-30T17:09:57
474,474,device_474_5345,ios,ja,Asia/Tokyo,2024-04-03T01:11:58,2024-03-25T04:46:11,2024-03-25T04:46:11
475,475,device_475_5205,ios,ko,America/Vancouver,2025-05-12T09:34:28,2025-04-08T08:53:39,2025-04-08T08:53:39
476,476,device_476_8179,ios,en,America/Vancouver,2025-02-16T11:27:10,2024-12-03T12:51:20,2024-12-03T12:51:20
477,477,device_477_7204,android,ko,Asia/Tokyo,2025-04-04T23:55:55,2024-09-25T12:04:29,2024-09-25T12:04:29
478,478,device_478_4695,android,zh,America/Vancouver,2025-03-05T20:31:57,2024-08-31T15:22:08,2024-08-31T15:22:08
479,479,device_479_1547,ios,zh,America/Vancouver,2025-05-09T03:29:16,2024-12-04T22:58:17,2024-12-04T22:58:17
480,480,device_480_2715,android,en,Asia/Seoul,2025-04-28T12:47:15,2025-04-15T20:33:07,2025-04-15T20:33:07
481,481,device_481_3636,ios,ja,America/Toronto,2025-04-15T03:22:38,2025-02-01T05:37:00,2025-02-01T05:37:00
482,482,device_482_1507,ios,en,Asia/Seoul,2025-04-09T18:39:34,2024-03-30T19:47:37,2024-03-30T19:47:37
483,483,device_483_1877,android,ko,Asia/Tokyo,2024-12-26T04:52:35,2024-10-26T04:33:47,2024-10-26T04:33:47
484,484,device_484_7705,ios,ja,America/Toronto,2025-04-11T07:04:31,2025-03-23T20:22:48,2025-03-23T20:22:48
485,485,device_485_2571,android,ja,Asia/Seoul,2024-08-27T21:26:07,2024-05-27T15:19:30,2024-05-27T15:19:30
486,486,device_486_1893,ios,zh,Asia/Tokyo,2024-09-14T11:56:01,2024-07-16T20:22:18,2024-07-16T20:22:18
487,487,device_487_5825,android,en,Asia/Tokyo,2024-04-12T12:56:08,2024-02-04T11:25:29,2024-02-04T11:25:29
488,488,device_488_4390,android,ko,America/Vancouver,2024-12-09T16:38:17,2024-12-04T16:42:04,2024-12-04T16:42:04
489,489,device_489_2892,ios,ja,America/Vancouver,2025-01-04T03:31:27,2024-01-02T07:31:39,2024-01-02T07:31:39
490,490,device_490_5341,android,zh,Asia/Tokyo,2025-05-13T19:22:25,2025-02-07T20:01:03,2025-02-07T20:01:03
491,491,device_491_7249,ios,zh,America/Toronto,2025-05-05T06:33:12,2025-02-22T05:28:21,2025-02-22T05:28:21
492,492,device_492_5313,android,ko,Asia/Tokyo,2024-06-19T08:51:38,2024-06-02T01:00:03,2024-06-02T01:00:03
493,493,device_493_5400,android,zh,Asia/Seoul,2025-01-05T18:18:40,2024-10-09T21:34:49,2024-10-09T21:34:49
494,494,device_494_6632,ios,ko,America/Vancouver,2024-12-17T15:23:28,2024-11-30T23:57:58,2024-11-30T23:57:58
495,495,device_495_9561,android,ko,America/Vancouver,2024-12-21T00:35:12,2024-02-24T08:24:22,2024-02-24T08:24:22
496,496,device_496_5896,android,zh,America/Toronto,2025-05-31T15:37:40,2025-05-30T22:17:16,2025-05-30T22:17:16
497,497,device_497_9467,ios,zh,America/Vancouver,2025-03-27T11:17:58,2024-09-13T11:22:29,2024-09-13T11:22:29
498,498,device_498_3738,ios,en,Asia/Tokyo,2025-05-07T09:52:37,2025-04-29T00:27:31,2025-04-29T00:27:31
499,499,device_499_7936,ios,ko,America/Toronto,2024-09-17T09:34:47,2024-08-31T19:48:42,2024-08-31T19:48:42
500,500,device_500_5225,ios,zh,America/Toronto,2025-05-30T17:12:24,2025-05-30T06:26:19,2025-05-30T06:26:19
501,501,device_501_7510,android,en,America/Vancouver,2025-02-02T05:52:36,2024-04-06T19:11:03,2024-04-06T19:11:03
502,502,device_502_9561,android,ja,Asia/Tokyo,2024-08-26T01:39:06,2024-08-21T06:24:46,2024-08-21T06:24:46
503,503,device_503_3428,android,en,Asia/Tokyo,2025-02-26T22:49:56,2025-01-28T21:26:55,2025-01-28T21:26:55
504,504,device_504_9775,ios,en,America/Vancouver,2024-12-17T08:03:45,2024-08-28T05:29:02,2024-08-28T05:29:02
505,505,device_505_8955,android,zh,Asia/Seoul,2025-04-10T23:13:10,2024-11-13T04:59:44,2024-11-13T04:59:44
506,506,device_506_7602,android,en,America/Toronto,2024-12-26T07:32:09,2024-09-10T08:29:24,2024-09-10T08:29:24
507,507,device_507_6431,ios,zh,America/Vancouver,2025-04-11T06:20:32,2024-11-08T13:17:12,2024-11-08T13:17:12
508,508,device_508_7102,ios,en,Asia/Tokyo,2024-11-29T22:47:59,2024-08-17T15:24:44,2024-08-17T15:24:44
509,509,device_509_5593,ios,ja,Asia/Seoul,2025-04-05T19:33:42,2025-03-06T14:59:51,2025-03-06T14:59:51
510,510,device_510_5923,android,en,America/Toronto,2024-07-22T05:56:38,2024-04-08T20:48:59,2024-04-08T20:48:59
511,511,device_511_7828,android,ja,Asia/Seoul,2025-03-08T01:03:40,2024-05-29T00:09:30,2024-05-29T00:09:30
512,512,device_512_7671,ios,ko,Asia/Tokyo,2025-01-02T14:50:19,2024-11-22T13:41:15,2024-11-22T13:41:15
513,513,device_513_3604,android,ja,America/Vancouver,2025-05-31T20:33:46,2025-05-31T11:10:58,2025-05-31T11:10:58
514,514,device_514_9589,ios,ja,Asia/Tokyo,2024-12-13T04:07:40,2024-10-21T11:46:48,2024-10-21T11:46:48
515,515,device_515_4288,ios,ko,America/Toronto,2025-04-20T01:22:43,2024-05-15T04:06:17,2024-05-15T04:06:17
516,516,device_516_1828,ios,ko,America/Vancouver,2025-05-15T05:49:50,2025-04-23T02:01:46,2025-04-23T02:01:46
517,517,device_517_8605,android,ko,Asia/Seoul,2025-04-22T19:12:46,2025-03-18T00:53:27,2025-03-18T00:53:27
518,518,device_518_7102,android,en,America/Vancouver,2024-11-23T17:08:19,2024-08-21T18:06:44,2024-08-21T18:06:44
519,519,device_519_6730,android,zh,America/Toronto,2025-05-14T17:13:02,2024-11-11T09:47:23,2024-11-11T09:47:23
520,520,device_520_2480,android,ko,Asia/Seoul,2025-05-13T07:29:44,2025-03-01T14:17:23,2025-03-01T14:17:23
521,521,device_521_3669,android,en,Asia/Tokyo,2024-02-08T21:07:47,2024-01-01T07:34:02,2024-01-01T07:34:02
522,522,device_522_4387,ios,ko,America/Toronto,2025-05-14T05:13:01,2024-08-24T00:38:22,2024-08-24T00:38:22
523,523,device_523_1145,android,zh,America/Vancouver,2025-05-02T19:01:17,2024-08-10T20:27:33,2024-08-10T20:27:33
524,524,device_524_1138,android,ko,America/Toronto,2025-01-31T17:08:17,2024-06-12T06:05:21,2024-06-12T06:05:21
525,525,device_525_5511,ios,ja,Asia/Seoul,2025-04-17T07:18:26,2024-11-29T21:41:45,2024-11-29T21:41:45
526,526,device_526_5128,android,zh,Asia/Seoul,2025-05-10T01:14:33,2025-03-26T11:41:59,2025-03-26T11:41:59
527,527,device_527_9530,ios,zh,Asia/Seoul,2025-05-19T01:58:54,2025-04-16T04:59:28,2025-04-16T04:59:28
528,528,device_528_7131,android,en,America/Vancouver,2025-05-29T17:35:11,2025-05-23T12:35:50,2025-05-23T12:35:50
529,529,device_529_2045,android,ja,America/Vancouver,2025-03-13T09:17:18,2024-09-07T07:09:39,2024-09-07T07:09:39
530,530,device_530_5278,android,ja,Asia/Seoul,2025-02-18T22:23:07,2024-12-27T04:00:29,2024-12-27T04:00:29
531,531,device_531_4937,android,ko,America/Toronto,2025-03-19T14:15:03,2024-12-09T03:29:17,2024-12-09T03:29:17
532,532,device_532_3292,ios,zh,Asia/Seoul,2025-04-20T15:00:27,2024-12-09T10:27:21,2024-12-09T10:27:21
533,533,device_533_7857,ios,zh,Asia/Seoul,2024-09-23T17:42:39,2024-06-14T23:40:58,2024-06-14T23:40:58
534,534,device_534_4111,android,zh,America/Vancouver,2025-05-25T06:03:40,2025-02-01T00:58:26,2025-02-01T00:58:26
535,535,device_535_6873,android,ko,Asia/Tokyo,2025-05-12T23:57:49,2025-01-02T12:49:47,2025-01-02T12:49:47
536,536,device_536_2599,android,ko,America/Toronto,2024-09-02T21:32:33,2024-05-11T19:16:36,2024-05-11T19:16:36
537,537,device_537_3999,android,ko,Asia/Seoul,2025-05-31T03:28:51,2025-05-26T17:52:05,2025-05-26T17:52:05
538,538,device_538_4659,android,en,America/Toronto,2024-12-07T19:39:57,2024-03-06T20:42:12,2024-03-06T20:42:12
539,539,device_539_5269,android,zh,Asia/Seoul,2024-12-30T18:29:35,2024-08-08T10:09:43,2024-08-08T10:09:43
540,540,device_540_1879,android,zh,America/Vancouver,2025-05-06T17:34:51,2025-02-04T08:43:18,2025-02-04T08:43:18
541,541,device_541_2963,ios,zh,America/Toronto,2025-05-31T09:21:14,2025-05-30T15:07:56,2025-05-30T15:07:56
542,542,device_542_3470,android,ja,Asia/Tokyo,2025-05-09T05:51:33,2025-05-06T14:52:21,2025-05-06T14:52:21
543,543,device_543_8496,ios,ko,Asia/Seoul,2025-05-15T20:36:03,2025-04-25T23:51:29,2025-04-25T23:51:29
544,544,device_544_8988,ios,ja,America/Toronto,2024-10-18T17:34:45,2024-09-17T08:21:43,2024-09-17T08:21:43
545,545,device_545_1077,android,ko,Asia/Seoul,2024-04-27T14:18:54,2024-03-13T12:51:48,2024-03-13T12:51:48
546,546,device_546_3762,android,ja,America/Toronto,2025-04-23T01:06:12,2024-07-01T10:16:04,2024-07-01T10:16:04
547,547,device_547_8105,ios,zh,America/Vancouver,2024-10-18T08:47:20,2024-08-29T02:38:17,2024-08-29T02:38:17
548,548,device_548_7280,android,zh,Asia/Tokyo,2024-12-25T21:17:54,2024-06-23T11:36:19,2024-06-23T11:36:19
549,549,device_549_7112,ios,en,America/Toronto,2025-03-14T10:17:13,2024-06-03T16:03:03,2024-06-03T16:03:03
550,550,device_550_1067,ios,ja,America/Toronto,2024-05-08T08:51:27,2024-04-24T10:52:37,2024-04-24T10:52:37
551,551,device_551_3112,ios,ko,Asia/Seoul,2024-09-18T09:08:37,2024-01-19T23:19:20,2024-01-19T23:19:20
552,552,device_552_2069,ios,zh,Asia/Seoul,2024-06-14T14:58:05,2024-02-05T21:29:10,2024-02-05T21:29:10
553,553,device_553_9524,ios,ja,Asia/Seoul,2025-01-02T05:44:12,2024-07-09T04:11:44,2024-07-09T04:11:44
554,554,device_554_9031,android,zh,America/Toronto,2025-03-11T14:26:02,2025-01-04T01:11:00,2025-01-04T01:11:00
555,555,device_555_7609,android,ko,America/Toronto,2025-05-29T05:01:50,2025-04-19T18:58:21,2025-04-19T18:58:21
556,556,device_556_4460,ios,ko,America/Toronto,2024-06-07T11:28:09,2024-02-26T13:36:59,2024-02-26T13:36:59
557,557,device_557_1612,ios,ko,America/Vancouver,2025-02-28T22:00:44,2024-12-19T17:34:21,2024-12-19T17:34:21
558,558,device_558_2771,android,ja,America/Vancouver,2024-12-06T12:45:48,2024-11-17T21:44:25,2024-11-17T21:44:25
559,559,device_559_8279,ios,en,America/Vancouver,2025-05-24T09:15:22,2025-05-04T03:40:39,2025-05-04T03:40:39
560,560,device_560_3508,android,en,Asia/Seoul,2025-05-08T04:42:24,2025-03-23T03:17:00,2025-03-23T03:17:00
561,561,device_561_2654,ios,en,Asia/Seoul,2024-11-10T11:20:29,2024-05-31T00:32:07,2024-05-31T00:32:07
562,562,device_562_9381,android,ko,Asia/Tokyo,2024-12-04T23:44:55,2024-10-25T05:52:38,2024-10-25T05:52:38
563,563,device_563_9154,ios,ja,America/Vancouver,2025-02-08T15:04:59,2025-01-18T23:51:30,2025-01-18T23:51:30
564,564,device_564_4304,ios,ko,Asia/Seoul,2025-05-28T14:08:39,2024-11-06T10:04:09,2024-11-06T10:04:09
565,565,device_565_1645,android,zh,Asia/Seoul,2024-09-08T18:59:23,2024-07-08T12:11:58,2024-07-08T12:11:58
566,566,device_566_4842,android,ko,Asia/Tokyo,2025-01-06T09:49:38,2024-04-24T14:55:45,2024-04-24T14:55:45
567,567,device_567_9095,ios,en,America/Vancouver,2025-05-25T21:58:22,2025-05-24T13:48:27,2025-05-24T13:48:27
568,568,device_568_5192,ios,en,America/Vancouver,2024-03-23T23:33:14,2024-01-05T07:21:46,2024-01-05T07:21:46
569,569,device_569_8606,ios,zh,Asia/Seoul,2024-10-14T22:34:42,2024-03-23T18:55:52,2024-03-23T18:55:52
570,570,device_570_1646,ios,en,America/Toronto,2025-05-14T23:05:21,2024-11-26T05:17:58,2024-11-26T05:17:58
571,571,device_571_2898,android,ja,Asia/Seoul,2024-12-01T10:03:27,2024-06-18T23:29:40,2024-06-18T23:29:40
572,572,device_572_3267,ios,en,America/Vancouver,2025-04-12T11:58:08,2024-05-16T14:45:55,2024-05-16T14:45:55
573,573,device_573_5395,ios,ja,Asia/Seoul,2025-05-02T07:19:46,2025-02-06T07:25:56,2025-02-06T07:25:56
574,574,device_574_2865,ios,ja,Asia/Seoul,2025-01-31T08:04:14,2024-12-26T19:50:15,2024-12-26T19:50:15
575,575,device_575_7319,android,zh,Asia/Tokyo,2024-09-07T03:28:27,2024-02-09T00:08:18,2024-02-09T00:08:18
576,576,device_576_3171,android,zh,America/Toronto,2025-03-19T22:14:16,2025-03-08T22:47:49,2025-03-08T22:47:49
577,577,device_577_8908,ios,ko,America/Vancouver,2024-12-21T03:03:06,2024-07-12T13:23:33,2024-07-12T13:23:33
578,578,device_578_1472,android,ko,Asia/Tokyo,2025-01-07T19:03:22,2024-04-04T06:17:17,2024-04-04T06:17:17
579,579,device_579_7738,ios,zh,Asia/Tokyo,2025-01-11T11:23:30,2024-12-20T13:03:54,2024-12-20T13:03:54
580,580,device_580_6148,android,en,America/Vancouver,2024-11-02T18:26:17,2024-04-13T13:37:15,2024-04-13T13:37:15
581,581,device_581_9570,ios,ko,Asia/Seoul,2025-04-06T16:45:26,2024-12-26T21:34:39,2024-12-26T21:34:39
582,582,device_582_6664,ios,zh,America/Toronto,2025-05-21T02:58:15,2025-02-16T13:00:57,2025-02-16T13:00:57
583,583,device_583_3571,android,ko,America/Vancouver,2025-03-11T06:15:25,2025-03-10T03:07:21,2025-03-10T03:07:21
584,584,device_584_9055,android,zh,America/Toronto,2025-04-14T18:29:03,2025-04-07T12:02:08,2025-04-07T12:02:08
585,585,device_585_1824,android,ko,Asia/Seoul,2024-12-20T11:28:29,2024-09-03T10:51:45,2024-09-03T10:51:45
586,586,device_586_4850,ios,zh,Asia/Tokyo,2025-05-17T10:08:37,2024-12-09T18:09:59,2024-12-09T18:09:59
587,587,device_587_8341,ios,zh,Asia/Tokyo,2025-05-29T18:12:14,2025-04-20T20:40:01,2025-04-20T20:40:01
588,588,device_588_2944,ios,zh,Asia/Tokyo,2025-03-29T10:42:01,2025-01-27T01:44:49,2025-01-27T01:44:49
589,589,device_589_7755,android,en,America/Vancouver,2025-02-13T19:11:21,2024-11-27T11:01:27,2024-11-27T11:01:27
590,590,device_590_5990,ios,en,America/Vancouver,2025-05-17T10:03:43,2025-03-01T13:04:24,2025-03-01T13:04:24
591,591,device_591_1889,ios,zh,Asia/Seoul,2025-02-20T21:43:50,2024-12-12T08:25:55,2024-12-12T08:25:55
592,592,device_592_6952,ios,zh,Asia/Seoul,2025-05-06T02:46:09,2024-05-03T14:55:06,2024-05-03T14:55:06
593,593,device_593_4633,android,en,America/Vancouver,2025-05-31T03:15:36,2025-01-03T16:34:22,2025-01-03T16:34:22
594,594,device_594_5783,ios,ja,Asia/Seoul,2025-05-25T17:26:51,2024-12-15T13:54:30,2024-12-15T13:54:30
595,595,device_595_9067,android,en,America/Vancouver,2024-09-22T01:43:10,2024-07-20T07:40:50,2024-07-20T07:40:50
596,596,device_596_4209,ios,zh,America/Vancouver,2024-10-17T19:01:50,2024-07-11T00:52:57,2024-07-11T00:52:57
597,597,device_597_8488,ios,en,Asia/Tokyo,2025-05-15T12:27:37,2025-05-10T06:52:14,2025-05-10T06:52:14
598,598,device_598_7790,ios,ja,America/Vancouver,2025-05-24T10:36:05,2024-08-03T09:27:29,2024-08-03T09:27:29
599,599,device_599_9260,ios,en,Asia/Tokyo,2025-05-08T17:18:53,2025-02-08T21:43:58,2025-02-08T21:43:58
600,600,device_600_1795,ios,zh,America/Vancouver,2025-04-24T09:13:12,2025-01-11T09:32:35,2025-01-11T09:32:35
601,601,device_601_3845,android,zh,America/Toronto,2025-05-29T21:30:07,2025-05-01T19:26:15,2025-05-01T19:26:15
602,602,device_602_6273,ios,en,Asia/Tokyo,2025-03-17T04:24:48,2024-07-04T19:51:58,2024-07-04T19:51:58
603,603,device_603_7518,android,zh,America/Toronto,2024-11-15T12:57:56,2024-08-01T06:52:02,2024-08-01T06:52:02
604,604,device_604_3185,android,ja,Asia/Tokyo,2025-05-12T22:26:40,2024-12-07T15:49:10,2024-12-07T15:49:10
605,605,device_605_6143,ios,zh,Asia/Seoul,2025-04-30T16:14:15,2024-03-01T04:23:39,2024-03-01T04:23:39
606,606,device_606_5760,ios,ko,America/Toronto,2025-04-09T08:01:19,2024-08-09T22:21:31,2024-08-09T22:21:31
607,607,device_607_9888,android,ko,America/Toronto,2025-01-12T19:54:15,2024-07-01T03:16:37,2024-07-01T03:16:37
608,608,device_608_8870,android,en,Asia/Seoul,2025-03-05T09:58:05,2024-07-30T01:08:12,2024-07-30T01:08:12
609,609,device_609_9564,android,ja,Asia/Tokyo,2024-09-22T19:40:53,2024-09-17T20:39:06,2024-09-17T20:39:06
610,610,device_610_1869,ios,en,Asia/Tokyo,2024-10-31T18:21:40,2024-09-05T07:49:05,2024-09-05T07:49:05
611,611,device_611_5695,ios,ko,Asia/Seoul,2025-03-26T19:10:49,2025-02-23T13:10:02,2025-02-23T13:10:02
612,612,device_612_4342,android,ko,America/Vancouver,2024-10-18T19:53:43,2024-03-03T14:04:35,2024-03-03T14:04:35
613,613,device_613_4675,ios,ja,Asia/Tokyo,2024-07-06T01:50:42,2024-04-17T11:28:46,2024-04-17T11:28:46
614,614,device_614_7251,android,ko,Asia/Seoul,2024-06-02T15:27:20,2024-04-27T03:41:14,2024-04-27T03:41:14
615,615,device_615_1881,android,zh,Asia/Seoul,2025-01-29T01:12:02,2024-06-28T15:01:35,2024-06-28T15:01:35
616,616,device_616_4695,ios,ja,America/Toronto,2025-04-14T13:56:58,2024-10-24T12:17:43,2024-10-24T12:17:43
617,617,device_617_8353,android,ko,America/Toronto,2024-12-13T04:21:59,2024-04-28T16:29:47,2024-04-28T16:29:47
618,618,device_618_9418,ios,en,America/Toronto,2024-08-21T16:15:30,2024-06-15T04:22:14,2024-06-15T04:22:14
619,619,device_619_5572,ios,zh,America/Vancouver,2025-01-17T17:16:37,2024-02-19T21:18:45,2024-02-19T21:18:45
620,620,device_620_1092,android,ko,America/Toronto,2025-02-25T06:37:15,2024-11-18T05:41:53,2024-11-18T05:41:53
621,621,device_621_3518,android,zh,America/Toronto,2024-11-28T02:28:33,2024-11-12T14:12:10,2024-11-12T14:12:10
622,622,device_622_6866,android,en,Asia/Seoul,2025-03-23T12:20:32,2024-09-14T00:04:34,2024-09-14T00:04:34
623,623,device_623_4012,ios,ja,America/Toronto,2025-05-29T08:56:51,2025-02-25T11:00:17,2025-02-25T11:00:17
624,624,device_624_9798,ios,ko,Asia/Tokyo,2025-04-12T08:23:43,2024-12-27T21:27:30,2024-12-27T21:27:30
625,625,device_625_4495,android,en,Asia/Seoul,2024-12-31T21:27:03,2024-11-18T22:35:36,2024-11-18T22:35:36
626,626,device_626_4579,android,ja,Asia/Seoul,2024-10-03T09:20:22,2024-02-18T08:43:01,2024-02-18T08:43:01
627,627,device_627_6668,android,en,America/Vancouver,2025-02-24T10:37:50,2024-06-09T15:40:20,2024-06-09T15:40:20
628,628,device_628_1653,android,ko,America/Toronto,2025-05-27T12:49:33,2024-11-22T08:02:34,2024-11-22T08:02:34
629,629,device_629_5203,android,zh,America/Vancouver,2025-03-28T08:59:53,2024-10-29T12:22:26,2024-10-29T12:22:26
630,630,device_630_9335,android,en,Asia/Seoul,2025-05-18T14:27:22,2025-03-29T16:01:45,2025-03-29T16:01:45
631,631,device_631_4154,android,zh,America/Vancouver,2024-09-02T10:01:53,2024-01-16T04:06:07,2024-01-16T04:06:07
632,632,device_632_9814,android,en,America/Vancouver,2025-04-08T09:42:14,2025-03-23T03:38:45,2025-03-23T03:38:45
633,633,device_633_7950,ios,en,America/Toronto,2025-01-13T05:45:08,2024-10-22T10:48:58,2024-10-22T10:48:58
634,634,device_634_2181,ios,ko,Asia/Tokyo,2025-05-11T00:44:24,2025-01-05T11:32:48,2025-01-05T11:32:48
635,635,device_635_1620,ios,en,Asia/Tokyo,2024-09-19T05:32:01,2024-01-05T13:54:39,2024-01-05T13:54:39
636,636,device_636_5127,ios,en,America/Vancouver,2024-12-08T08:15:58,2024-09-30T05:15:33,2024-09-30T05:15:33
637,637,device_637_7357,ios,ko,Asia/Seoul,2025-01-25T05:57:21,2024-08-19T22:32:35,2024-08-19T22:32:35
638,638,device_638_1276,android,zh,Asia/Tokyo,2025-03-01T18:58:44,2024-10-29T21:52:40,2024-10-29T21:52:40
639,639,device_639_2036,android,en,America/Vancouver,2025-03-26T00:22:09,2024-11-21T11:07:22,2024-11-21T11:07:22
640,640,device_640_2738,ios,en,Asia/Seoul,2025-05-30T16:32:54,2025-02-22T01:09:30,2025-02-22T01:09:30
641,641,device_641_8170,android,ja,America/Vancouver,2025-03-27T12:37:37,2025-02-28T04:38:38,2025-02-28T04:38:38
642,642,device_642_3561,android,zh,America/Vancouver,2025-05-06T13:40:43,2025-04-13T13:26:35,2025-04-13T13:26:35
643,643,device_643_9941,ios,ko,Asia/Tokyo,2025-04-25T17:34:40,2024-06-20T07:08:21,2024-06-20T07:08:21
644,644,device_644_7113,android,ko,Asia/Seoul,2025-05-25T17:39:09,2025-01-14T05:15:25,2025-01-14T05:15:25
645,645,device_645_1082,ios,ko,America/Vancouver,2024-07-05T15:40:10,2024-06-19T10:18:56,2024-06-19T10:18:56
646,646,device_646_6633,android,en,Asia/Seoul,2024-10-20T13:43:03,2024-07-30T23:52:58,2024-07-30T23:52:58
647,647,device_647_4014,ios,zh,America/Toronto,2025-01-04T18:40:23,2024-12-04T12:34:17,2024-12-04T12:34:17
648,648,device_648_3971,ios,ja,America/Toronto,2025-02-03T11:12:09,2025-01-12T05:01:22,2025-01-12T05:01:22
649,649,device_649_2103,ios,zh,America/Vancouver,2024-09-05T07:13:12,2024-01-23T13:03:42,2024-01-23T13:03:42
650,650,device_650_6420,android,en,America/Toronto,2025-05-06T05:46:02,2024-10-29T00:49:25,2024-10-29T00:49:25
651,651,device_651_5671,android,ko,America/Toronto,2024-10-26T22:23:46,2024-09-18T01:54:31,2024-09-18T01:54:31
652,652,device_652_8383,ios,ko,Asia/Seoul,2025-05-17T17:33:49,2024-11-10T01:00:32,2024-11-10T01:00:32
653,653,device_653_6182,android,ja,America/Toronto,2025-02-15T07:18:24,2024-05-08T04:39:24,2024-05-08T04:39:24
654,654,device_654_5033,android,ko,America/Vancouver,2025-02-27T20:28:13,2024-12-29T00:47:01,2024-12-29T00:47:01
655,655,device_655_3200,ios,zh,Asia/Seoul,2025-01-13T08:27:33,2024-04-09T03:09:16,2024-04-09T03:09:16
656,656,device_656_6877,android,zh,Asia/Tokyo,2025-05-19T22:35:23,2025-04-28T07:42:37,2025-04-28T07:42:37
657,657,device_657_2343,android,zh,America/Vancouver,2025-03-24T23:56:03,2025-02-18T20:47:10,2025-02-18T20:47:10
658,658,device_658_2252,android,ko,America/Toronto,2024-08-13T09:44:25,2024-01-21T22:41:27,2024-01-21T22:41:27
659,659,device_659_4485,ios,en,America/Vancouver,2025-04-08T09:11:47,2024-11-02T01:04:11,2024-11-02T01:04:11
660,660,device_660_6993,ios,ja,Asia/Tokyo,2025-04-19T04:01:14,2025-04-04T17:40:51,2025-04-04T17:40:51
661,661,device_661_8613,android,ko,Asia/Seoul,2025-03-27T08:59:41,2025-03-14T09:01:44,2025-03-14T09:01:44
662,662,device_662_1173,ios,zh,Asia/Seoul,2025-05-31T11:46:40,2025-05-29T23:12:40,2025-05-29T23:12:40
663,663,device_663_3608,ios,ko,America/Toronto,2025-01-02T15:22:14,2024-01-22T01:13:07,2024-01-22T01:13:07
664,664,device_664_1662,ios,ko,Asia/Tokyo,2024-12-09T21:19:39,2024-03-06T04:53:38,2024-03-06T04:53:38
665,665,device_665_5331,ios,zh,America/Toronto,2025-05-15T18:20:27,2025-05-14T05:43:18,2025-05-14T05:43:18
666,666,device_666_4387,android,ko,America/Vancouver,2025-04-07T17:45:21,2024-11-28T21:55:16,2024-11-28T21:55:16
667,667,device_667_1760,android,zh,Asia/Tokyo,2025-04-03T12:47:23,2024-04-15T09:37:18,2024-04-15T09:37:18
668,668,device_668_9542,ios,ja,America/Vancouver,2025-05-10T06:19:53,2024-12-24T14:40:58,2024-12-24T14:40:58
669,669,device_669_7201,android,ja,America/Toronto,2024-10-14T10:23:45,2024-05-21T03:40:28,2024-05-21T03:40:28
670,670,device_670_4651,android,en,Asia/Seoul,2024-11-27T08:39:00,2024-02-09T01:22:24,2024-02-09T01:22:24
671,671,device_671_8898,android,ja,Asia/Seoul,2025-01-26T03:32:37,2024-07-21T01:39:54,2024-07-21T01:39:54
672,672,device_672_4768,ios,ko,Asia/Tokyo,2024-12-24T18:33:58,2024-10-21T11:00:29,2024-10-21T11:00:29
673,673,device_673_4062,ios,ja,America/Toronto,2024-11-08T14:38:16,2024-09-11T06:17:45,2024-09-11T06:17:45
674,674,device_674_4773,ios,ja,America/Vancouver,2025-02-25T03:37:19,2024-06-13T09:38:01,2024-06-13T09:38:01
675,675,device_675_8844,android,ja,America/Vancouver,2025-03-22T16:14:23,2024-12-19T04:12:35,2024-12-19T04:12:35
676,676,device_676_7732,android,ko,America/Toronto,2025-05-20T05:44:25,2024-09-10T20:50:50,2024-09-10T20:50:50
677,677,device_677_3639,ios,ko,America/Vancouver,2024-11-07T19:26:30,2024-09-19T03:27:58,2024-09-19T03:27:58
678,678,device_678_3725,ios,en,America/Toronto,2024-11-12T04:33:44,2024-10-21T11:25:29,2024-10-21T11:25:29
679,679,device_679_1305,android,ko,Asia/Tokyo,2025-03-24T21:29:46,2024-08-04T03:04:45,2024-08-04T03:04:45
680,680,device_680_8723,android,en,America/Toronto,2025-02-18T15:58:37,2024-11-23T10:32:16,2024-11-23T10:32:16
681,681,device_681_3338,android,ko,America/Toronto,2024-12-21T11:18:23,2024-07-14T22:40:55,2024-07-14T22:40:55
682,682,device_682_8429,ios,ja,America/Toronto,2024-11-25T18:41:53,2024-03-04T14:50:34,2024-03-04T14:50:34
683,683,device_683_3166,ios,ko,Asia/Tokyo,2025-03-16T03:32:14,2024-12-31T07:09:17,2024-12-31T07:09:17
684,684,device_684_9263,ios,en,America/Toronto,2025-02-25T01:22:34,2024-01-16T01:19:50,2024-01-16T01:19:50
685,685,device_685_8796,android,ko,America/Vancouver,2025-03-29T10:20:49,2025-02-22T23:29:59,2025-02-22T23:29:59
686,686,device_686_3135,ios,en,America/Vancouver,2025-02-19T00:34:06,2024-02-10T10:56:45,2024-02-10T10:56:45
687,687,device_687_1711,ios,zh,Asia/Tokyo,2025-02-19T15:54:05,2024-09-28T19:44:01,2024-09-28T19:44:01
688,688,device_688_7246,android,ko,Asia/Tokyo,2025-04-25T18:59:43,2024-06-23T03:48:14,2024-06-23T03:48:14
689,689,device_689_5170,android,en,Asia/Tokyo,2025-05-21T14:33:37,2025-05-19T23:33:51,2025-05-19T23:33:51
690,690,device_690_9908,android,ko,America/Vancouver,2024-09-30T07:36:44,2024-02-23T07:08:20,2024-02-23T07:08:20
691,691,device_691_1116,android,ja,America/Toronto,2025-05-21T07:10:49,2025-05-21T05:35:14,2025-05-21T05:35:14
692,692,device_692_6175,ios,en,Asia/Tokyo,2024-07-09T19:44:52,2024-02-01T06:27:57,2024-02-01T06:27:57
693,693,device_693_7980,android,ja,America/Vancouver,2024-05-24T07:43:21,2024-01-25T02:26:27,2024-01-25T02:26:27
694,694,device_694_6990,android,ja,Asia/Tokyo,2025-02-15T08:48:10,2024-07-11T01:41:41,2024-07-11T01:41:41
695,695,device_695_8904,android,zh,America/Toronto,2024-11-11T07:55:04,2024-06-03T20:21:08,2024-06-03T20:21:08
696,696,device_696_6024,ios,ja,Asia/Tokyo,2024-07-31T22:40:08,2024-01-16T19:54:39,2024-01-16T19:54:39
697,697,device_697_2951,android,zh,America/Toronto,2025-05-29T14:39:22,2025-04-27T14:32:10,2025-04-27T14:32:10
698,698,device_698_4513,ios,zh,America/Toronto,2024-07-15T05:56:30,2024-04-28T08:36:46,2024-04-28T08:36:46
699,699,device_699_7375,android,ja,America/Vancouver,2024-09-04T16:59:12,2024-07-04T06:48:00,2024-07-04T06:48:00
700,700,device_700_8133,ios,en,America/Toronto,2025-04-09T09:28:13,2024-04-08T00:55:46,2024-04-08T00:55:46
701,701,device_701_7075,ios,en,Asia/Seoul,2025-02-14T21:20:31,2025-01-02T19:49:04,2025-01-02T19:49:04
702,702,device_702_9536,ios,en,Asia/Tokyo,2025-02-04T00:56:06,2024-03-29T20:22:25,2024-03-29T20:22:25
703,703,device_703_9099,android,en,America/Toronto,2025-05-15T05:08:29,2025-03-14T01:09:17,2025-03-14T01:09:17
704,704,device_704_9489,android,en,America/Toronto,2025-05-14T15:01:05,2024-06-18T07:09:12,2024-06-18T07:09:12
705,705,device_705_9364,android,ko,America/Vancouver,2025-05-28T10:22:38,2024-12-27T04:51:42,2024-12-27T04:51:42
706,706,device_706_4919,ios,ko,America/Vancouver,2024-12-04T17:44:54,2024-07-18T00:43:43,2024-07-18T00:43:43
707,707,device_707_7544,ios,ko,America/Vancouver,2025-01-28T16:37:20,2024-10-13T12:42:16,2024-10-13T12:42:16
708,708,device_708_4281,android,zh,Asia/Tokyo,2024-12-23T22:28:45,2024-05-10T07:48:58,2024-05-10T07:48:58
709,709,device_709_5661,ios,en,America/Vancouver,2025-05-12T06:58:48,2025-04-15T14:39:30,2025-04-15T14:39:30
710,710,device_710_4187,android,ja,Asia/Seoul,2025-04-27T15:34:01,2025-04-16T15:54:49,2025-04-16T15:54:49
711,711,device_711_3867,android,zh,America/Vancouver,2024-10-18T18:26:38,2024-03-29T23:02:50,2024-03-29T23:02:50
712,712,device_712_6570,android,en,America/Vancouver,2024-12-21T18:04:02,2024-05-07T04:48:57,2024-05-07T04:48:57
713,713,device_713_8254,ios,ja,Asia/Seoul,2025-05-26T04:31:21,2024-08-29T14:11:08,2024-08-29T14:11:08
714,714,device_714_8517,android,zh,America/Toronto,2024-12-13T18:50:31,2024-03-24T23:06:24,2024-03-24T23:06:24
715,715,device_715_5224,android,en,Asia/Tokyo,2025-04-05T18:23:24,2025-03-25T11:27:55,2025-03-25T11:27:55
716,716,device_716_6172,ios,zh,America/Toronto,2024-07-17T12:53:19,2024-01-20T22:40:49,2024-01-20T22:40:49
717,717,device_717_5314,android,ja,America/Vancouver,2025-05-29T11:24:24,2024-08-30T07:18:16,2024-08-30T07:18:16
718,718,device_718_6603,ios,ja,America/Vancouver,2025-04-30T23:12:16,2025-03-23T05:37:44,2025-03-23T05:37:44
719,719,device_719_6792,ios,ko,Asia/Tokyo,2025-02-17T09:44:05,2024-10-18T12:13:43,2024-10-18T12:13:43
720,720,device_720_9175,ios,ja,America/Toronto,2025-01-16T22:39:50,2024-11-04T02:10:28,2024-11-04T02:10:28
721,721,device_721_5348,ios,ko,America/Toronto,2025-05-07T23:41:04,2024-06-03T01:08:06,2024-06-03T01:08:06
722,722,device_722_6833,ios,ko,America/Toronto,2024-09-09T23:20:13,2024-02-29T00:40:37,2024-02-29T00:40:37
723,723,device_723_9071,ios,en,America/Vancouver,2025-04-12T12:23:35,2025-04-04T21:30:14,2025-04-04T21:30:14
724,724,device_724_6167,ios,en,Asia/Tokyo,2025-05-20T05:07:15,2025-05-02T04:38:44,2025-05-02T04:38:44
725,725,device_725_9374,android,ja,Asia/Tokyo,2024-09-16T15:31:47,2024-07-07T15:02:26,2024-07-07T15:02:26
726,726,device_726_1887,android,zh,America/Toronto,2024-06-27T18:15:20,2024-03-20T03:34:40,2024-03-20T03:34:40
727,727,device_727_6689,android,zh,America/Vancouver,2025-03-05T09:19:01,2024-08-22T05:54:31,2024-08-22T05:54:31
728,728,device_728_9490,android,ko,Asia/Tokyo,2025-04-23T00:57:42,2025-04-11T08:29:01,2025-04-11T08:29:01
729,729,device_729_4452,android,ja,America/Vancouver,2024-04-13T04:58:12,2024-04-04T00:37:47,2024-04-04T00:37:47
730,730,device_730_5254,android,en,Asia/Seoul,2025-04-19T16:20:30,2025-03-15T13:44:50,2025-03-15T13:44:50
731,731,device_731_8722,ios,ja,America/Toronto,2024-08-29T03:43:02,2024-02-01T21:35:02,2024-02-01T21:35:02
732,732,device_732_7945,android,ja,America/Toronto,2025-04-08T09:13:14,2024-09-26T16:20:50,2024-09-26T16:20:50
733,733,device_733_7563,ios,zh,Asia/Seoul,2025-04-29T16:28:40,2025-02-17T19:05:28,2025-02-17T19:05:28
734,734,device_734_3148,android,zh,America/Toronto,2025-03-19T16:30:25,2024-11-28T17:32:41,2024-11-28T17:32:41
735,735,device_735_8081,ios,en,Asia/Seoul,2025-05-30T05:59:34,2025-05-28T19:39:05,2025-05-28T19:39:05
736,736,device_736_8749,android,ko,America/Toronto,2024-12-11T21:49:50,2024-10-14T19:56:30,2024-10-14T19:56:30
737,737,device_737_3203,ios,ko,Asia/Tokyo,2025-03-17T14:37:30,2024-02-23T13:26:48,2024-02-23T13:26:48
738,738,device_738_1781,android,zh,Asia/Seoul,2025-03-17T17:24:58,2025-01-27T23:47:33,2025-01-27T23:47:33
739,739,device_739_4530,android,en,America/Toronto,2025-05-19T10:03:17,2025-05-17T23:04:52,2025-05-17T23:04:52
740,740,device_740_6483,android,zh,America/Vancouver,2025-03-15T17:57:38,2024-09-22T01:00:36,2024-09-22T01:00:36
741,741,device_741_5222,android,ja,Asia/Seoul,2025-03-21T01:32:05,2024-01-10T19:51:11,2024-01-10T19:51:11
742,742,device_742_6752,android,en,Asia/Tokyo,2024-12-15T19:28:11,2024-11-22T06:27:44,2024-11-22T06:27:44
743,743,device_743_6326,ios,ko,Asia/Seoul,2025-03-25T16:57:00,2025-01-15T18:01:19,2025-01-15T18:01:19
744,744,device_744_5694,android,zh,America/Vancouver,2025-01-12T23:03:54,2024-03-22T23:23:13,2024-03-22T23:23:13
745,745,device_745_6527,android,ko,America/Toronto,2025-04-06T02:47:01,2024-12-02T17:27:42,2024-12-02T17:27:42
746,746,device_746_3654,android,zh,America/Vancouver,2024-11-08T01:03:02,2024-10-08T07:40:27,2024-10-08T07:40:27
747,747,device_747_5773,android,ko,Asia/Seoul,2025-05-16T08:45:35,2025-05-08T16:09:54,2025-05-08T16:09:54
748,748,device_748_6950,android,zh,Asia/Seoul,2025-03-19T11:32:21,2024-12-23T02:09:45,2024-12-23T02:09:45
749,749,device_749_1378,android,zh,America/Toronto,2024-09-18T15:50:55,2024-04-28T19:57:42,2024-04-28T19:57:42
750,750,device_750_2311,ios,ko,Asia/Seoul,2025-04-27T16:46:44,2024-12-04T06:04:07,2024-12-04T06:04:07
751,751,device_751_2565,ios,ko,Asia/Tokyo,2024-06-25T19:32:50,2024-05-16T19:25:51,2024-05-16T19:25:51
752,752,device_752_7504,ios,zh,America/Vancouver,2025-02-14T08:56:00,2025-02-09T06:03:51,2025-02-09T06:03:51
753,753,device_753_3544,ios,en,Asia/Seoul,2025-05-27T17:26:25,2025-05-20T05:24:18,2025-05-20T05:24:18
754,754,device_754_5053,ios,zh,Asia/Seoul,2024-10-25T20:27:10,2024-07-28T18:42:02,2024-07-28T18:42:02
755,755,device_755_9630,android,zh,America/Toronto,2025-04-29T18:23:14,2025-04-23T09:26:18,2025-04-23T09:26:18
756,756,device_756_6328,ios,en,America/Vancouver,2025-05-02T07:16:14,2025-02-22T00:16:12,2025-02-22T00:16:12
757,757,device_757_8288,android,zh,Asia/Seoul,2025-04-27T01:27:10,2025-01-10T13:02:48,2025-01-10T13:02:48
758,758,device_758_8126,ios,ko,Asia/Tokyo,2025-04-28T14:46:10,2024-12-27T01:52:30,2024-12-27T01:52:30
759,759,device_759_4721,android,ja,Asia/Tokyo,2025-03-19T02:43:57,2024-12-04T07:41:49,2024-12-04T07:41:49
760,760,device_760_7753,ios,zh,Asia/Seoul,2025-05-10T16:51:50,2025-04-05T04:31:38,2025-04-05T04:31:38
761,761,device_761_1001,android,ko,Asia/Seoul,2024-07-31T13:38:33,2024-07-27T11:15:19,2024-07-27T11:15:19
762,762,device_762_9767,ios,ja,Asia/Seoul,2025-03-08T13:26:04,2024-09-07T08:11:34,2024-09-07T08:11:34
763,763,device_763_1149,ios,zh,Asia/Tokyo,2024-11-03T00:56:01,2024-07-09T16:21:41,2024-07-09T16:21:41
764,764,device_764_9981,android,ja,America/Toronto,2024-03-13T22:03:58,2024-03-08T07:30:48,2024-03-08T07:30:48
765,765,device_765_8161,android,ko,Asia/Tokyo,2025-03-10T08:20:40,2024-08-04T15:35:57,2024-08-04T15:35:57
766,766,device_766_7385,android,ko,America/Toronto,2025-05-03T23:24:38,2024-12-16T03:33:30,2024-12-16T03:33:30
767,767,device_767_7917,android,ko,Asia/Seoul,2024-08-08T04:13:55,2024-07-08T09:56:38,2024-07-08T09:56:38
768,768,device_768_9715,ios,ja,Asia/Seoul,2025-05-01T20:49:20,2024-12-26T22:47:37,2024-12-26T22:47:37
769,769,device_769_3988,android,zh,America/Toronto,2025-03-25T06:17:59,2025-03-18T14:46:02,2025-03-18T14:46:02
770,770,device_770_8460,ios,ja,America/Vancouver,2025-05-19T23:26:28,2025-04-19T01:24:27,2025-04-19T01:24:27
771,771,device_771_6253,android,ja,Asia/Tokyo,2025-01-02T07:11:49,2024-10-21T08:52:21,2024-10-21T08:52:21
772,772,device_772_1362,ios,ko,America/Vancouver,2025-04-14T01:10:34,2024-09-18T06:53:15,2024-09-18T06:53:15
773,773,device_773_3048,ios,en,Asia/Seoul,2024-08-19T09:10:03,2024-01-23T07:00:24,2024-01-23T07:00:24
774,774,device_774_3468,android,en,America/Toronto,2025-02-05T10:53:21,2025-01-18T22:32:27,2025-01-18T22:32:27
775,775,device_775_7885,ios,zh,America/Toronto,2025-01-20T05:33:42,2024-09-09T10:42:11,2024-09-09T10:42:11
776,776,device_776_1519,android,zh,Asia/Seoul,2024-11-17T07:35:34,2024-05-21T05:44:26,2024-05-21T05:44:26
777,777,device_777_5366,android,en,America/Toronto,2025-01-24T13:44:49,2025-01-13T16:35:22,2025-01-13T16:35:22
778,778,device_778_4148,android,en,Asia/Tokyo,2024-08-23T06:52:12,2024-06-13T18:12:02,2024-06-13T18:12:02
779,779,device_779_5078,android,zh,America/Vancouver,2024-11-18T23:10:50,2024-10-02T14:25:00,2024-10-02T14:25:00
780,780,device_780_1549,android,zh,America/Toronto,2025-05-02T03:08:42,2024-07-19T16:02:16,2024-07-19T16:02:16
781,781,device_781_4415,ios,zh,America/Vancouver,2025-04-11T17:44:40,2024-09-21T08:22:33,2024-09-21T08:22:33
782,782,device_782_3598,android,zh,Asia/Seoul,2024-12-08T16:22:44,2024-08-05T05:12:43,2024-08-05T05:12:43
783,783,device_783_5895,ios,en,Asia/Seoul,2025-05-24T18:28:51,2025-04-08T01:08:05,2025-04-08T01:08:05
784,784,device_784_4568,ios,ja,America/Vancouver,2025-04-18T12:03:54,2024-08-02T14:01:10,2024-08-02T14:01:10
785,785,device_785_1246,ios,ko,Asia/Tokyo,2025-04-08T04:52:00,2025-03-07T16:41:44,2025-03-07T16:41:44
786,786,device_786_4982,ios,ja,America/Vancouver,2024-11-11T07:37:54,2024-01-08T21:13:49,2024-01-08T21:13:49
787,787,device_787_7084,ios,en,Asia/Tokyo,2025-03-07T08:56:40,2025-02-05T06:37:47,2025-02-05T06:37:47
788,788,device_788_2497,ios,ko,America/Toronto,2024-12-08T13:08:04,2024-05-28T09:32:59,2024-05-28T09:32:59
789,789,device_789_3521,android,en,America/Vancouver,2024-12-08T15:16:15,2024-03-07T11:56:28,2024-03-07T11:56:28
790,790,device_790_6189,ios,ko,Asia/Tokyo,2024-10-04T19:53:15,2024-07-06T11:12:10,2024-07-06T11:12:10
791,791,device_791_7189,android,zh,America/Toronto,2024-11-19T23:23:31,2024-11-11T16:22:09,2024-11-11T16:22:09
792,792,device_792_8951,android,ko,Asia/Seoul,2025-01-22T03:46:51,2025-01-14T11:45:04,2025-01-14T11:45:04
793,793,device_793_4057,android,ja,Asia/Tokyo,2025-03-25T15:26:39,2025-03-07T05:14:04,2025-03-07T05:14:04
794,794,device_794_3627,android,ja,Asia/Tokyo,2024-10-20T14:10:21,2024-07-05T15:57:46,2024-07-05T15:57:46
795,795,device_795_5314,ios,ko,Asia/Tokyo,2025-03-03T04:57:11,2025-01-04T19:01:07,2025-01-04T19:01:07
796,796,device_796_7210,android,zh,America/Vancouver,2025-05-28T23:14:39,2025-05-16T16:30:09,2025-05-16T16:30:09
797,797,device_797_4912,ios,en,Asia/Seoul,2025-05-16T15:54:06,2025-01-16T05:34:22,2025-01-16T05:34:22
798,798,device_798_9586,android,en,Asia/Tokyo,2025-01-19T23:26:04,2024-12-14T02:34:44,2024-12-14T02:34:44
799,799,device_799_7714,android,ko,Asia/Seoul,2024-09-20T23:08:17,2024-01-14T09:26:15,2024-01-14T09:26:15
800,800,device_800_2092,android,en,America/Vancouver,2025-04-23T15:48:17,2024-03-13T06:38:24,2024-03-13T06:38:24
801,801,device_801_4310,ios,ko,America/Toronto,2024-08-28T16:26:28,2024-08-16T12:56:55,2024-08-16T12:56:55
802,802,device_802_1521,ios,zh,America/Toronto,2024-07-29T11:18:22,2024-06-21T02:51:22,2024-06-21T02:51:22
803,803,device_803_7002,android,zh,Asia/Seoul,2024-11-29T04:05:40,2024-11-10T02:35:00,2024-11-10T02:35:00
804,804,device_804_9051,ios,en,America/Vancouver,2024-09-27T01:07:01,2024-07-07T23:32:13,2024-07-07T23:32:13
805,805,device_805_7814,ios,zh,America/Vancouver,2025-01-13T00:10:06,2024-08-25T20:05:38,2024-08-25T20:05:38
806,806,device_806_1666,android,en,Asia/Seoul,2025-05-31T12:22:21,2025-05-30T17:06:42,2025-05-30T17:06:42
807,807,device_807_9511,ios,ja,America/Vancouver,2025-04-17T16:03:54,2025-03-27T16:58:54,2025-03-27T16:58:54
808,808,device_808_7313,ios,en,America/Toronto,2025-05-08T02:28:47,2024-10-13T15:02:23,2024-10-13T15:02:23
809,809,device_809_3931,ios,ko,America/Toronto,2025-04-23T06:44:10,2025-01-02T14:12:53,2025-01-02T14:12:53
810,810,device_810_8515,android,en,Asia/Seoul,2025-05-10T09:09:54,2025-03-05T21:29:01,2025-03-05T21:29:01
811,811,device_811_7579,android,en,America/Toronto,2025-03-23T09:48:38,2025-02-16T09:06:07,2025-02-16T09:06:07
812,812,device_812_6163,android,ko,Asia/Tokyo,2025-02-07T20:00:02,2024-09-24T00:06:08,2024-09-24T00:06:08
813,813,device_813_8054,android,ja,Asia/Tokyo,2025-04-23T21:19:23,2024-11-26T11:57:57,2024-11-26T11:57:57
814,814,device_814_5162,android,ko,America/Toronto,2025-04-08T21:56:42,2025-03-03T11:59:05,2025-03-03T11:59:05
815,815,device_815_1003,android,zh,Asia/Tokyo,2025-02-15T03:32:56,2024-09-13T22:23:48,2024-09-13T22:23:48
816,816,device_816_3213,ios,ja,America/Vancouver,2025-04-19T06:41:32,2024-09-30T06:13:24,2024-09-30T06:13:24
817,817,device_817_4519,android,en,Asia/Seoul,2025-01-30T12:29:30,2024-12-18T10:25:29,2024-12-18T10:25:29
818,818,device_818_9376,android,en,Asia/Seoul,2025-03-01T10:45:45,2024-07-29T10:14:53,2024-07-29T10:14:53
819,819,device_819_6827,ios,en,America/Vancouver,2025-02-20T22:49:27,2024-08-26T03:52:00,2024-08-26T03:52:00
820,820,device_820_5093,ios,ko,Asia/Seoul,2024-12-03T19:57:52,2024-07-14T06:30:15,2024-07-14T06:30:15
821,821,device_821_7550,ios,ja,Asia/Seoul,2024-08-02T18:09:30,2024-06-28T01:32:26,2024-06-28T01:32:26
822,822,device_822_3832,ios,en,Asia/Seoul,2025-04-13T12:15:32,2024-04-03T17:11:19,2024-04-03T17:11:19
823,823,device_823_7251,android,en,Asia/Seoul,2024-06-13T02:21:35,2024-05-29T14:01:53,2024-05-29T14:01:53
824,824,device_824_8115,ios,en,Asia/Seoul,2025-01-15T05:11:04,2024-09-02T02:14:24,2024-09-02T02:14:24
825,825,device_825_7266,android,en,America/Toronto,2024-04-11T17:48:50,2024-04-02T20:39:42,2024-04-02T20:39:42
826,826,device_826_9846,ios,ja,America/Vancouver,2025-04-23T05:21:03,2025-02-20T05:13:41,2025-02-20T05:13:41
827,827,device_827_1827,ios,ja,America/Toronto,2024-07-22T07:20:49,2024-05-23T19:26:35,2024-05-23T19:26:35
828,828,device_828_8076,android,zh,America/Vancouver,2024-08-23T00:34:14,2024-05-28T18:34:57,2024-05-28T18:34:57
829,829,device_829_6507,android,zh,America/Toronto,2024-08-07T09:47:35,2024-06-17T01:42:07,2024-06-17T01:42:07
830,830,device_830_7540,ios,zh,America/Vancouver,2025-04-27T12:41:28,2025-01-11T02:06:57,2025-01-11T02:06:57
831,831,device_831_8118,android,en,Asia/Tokyo,2025-02-13T15:39:24,2024-08-02T18:19:35,2024-08-02T18:19:35
832,832,device_832_4245,ios,ko,Asia/Tokyo,2025-05-27T05:57:03,2025-04-02T22:41:47,2025-04-02T22:41:47
833,833,device_833_9589,android,zh,America/Toronto,2025-05-31T11:10:14,2025-02-11T11:56:24,2025-02-11T11:56:24
834,834,device_834_8046,ios,ko,America/Vancouver,2025-05-04T09:24:34,2025-04-08T12:59:08,2025-04-08T12:59:08
835,835,device_835_7776,android,en,America/Vancouver,2025-04-25T16:37:08,2024-08-07T19:28:41,2024-08-07T19:28:41
836,836,device_836_6254,android,ja,Asia/Seoul,2024-08-14T00:55:42,2024-03-19T01:56:32,2024-03-19T01:56:32
837,837,device_837_6729,android,en,Asia/Seoul,2024-08-04T12:11:14,2024-05-30T18:36:50,2024-05-30T18:36:50
838,838,device_838_4825,android,ko,Asia/Tokyo,2024-09-04T12:43:23,2024-08-18T02:26:03,2024-08-18T02:26:03
839,839,device_839_2405,ios,ja,America/Toronto,2025-04-15T23:11:02,2024-06-25T16:35:36,2024-06-25T16:35:36
840,840,device_840_5713,ios,en,America/Toronto,2024-12-03T15:45:38,2024-10-07T07:18:38,2024-10-07T07:18:38
841,841,device_841_8373,ios,ja,America/Vancouver,2024-09-14T20:56:20,2024-05-19T09:01:58,2024-05-19T09:01:58
842,842,device_842_9814,android,en,Asia/Seoul,2024-11-11T22:47:10,2024-08-22T18:40:34,2024-08-22T18:40:34
843,843,device_843_8913,ios,ko,Asia/Seoul,2025-03-13T06:07:08,2024-01-11T23:44:40,2024-01-11T23:44:40
844,844,device_844_5185,ios,en,Asia/Tokyo,2025-02-27T07:38:26,2025-02-18T20:59:59,2025-02-18T20:59:59
845,845,device_845_5444,ios,en,Asia/Seoul,2024-09-11T04:55:22,2024-04-08T07:40:38,2024-04-08T07:40:38
846,846,device_846_7367,ios,zh,America/Vancouver,2024-08-26T22:16:12,2024-08-01T01:32:01,2024-08-01T01:32:01
847,847,device_847_5792,android,ja,America/Vancouver,2024-02-20T04:07:10,2024-02-05T08:28:26,2024-02-05T08:28:26
848,848,device_848_2631,android,ko,Asia/Tokyo,2025-03-13T08:19:02,2024-02-12T08:26:19,2024-02-12T08:26:19
849,849,device_849_4258,android,zh,America/Vancouver,2025-03-23T21:44:33,2025-03-05T19:21:31,2025-03-05T19:21:31
850,850,device_850_9673,android,en,America/Vancouver,2024-11-18T23:41:00,2024-08-14T21:49:18,2024-08-14T21:49:18
851,851,device_851_3572,android,ja,Asia/Tokyo,2025-02-07T15:31:27,2024-04-08T02:01:13,2024-04-08T02:01:13
852,852,device_852_5953,ios,ja,Asia/Seoul,2025-05-19T01:46:28,2025-05-10T10:45:07,2025-05-10T10:45:07
853,853,device_853_5221,ios,ja,America/Vancouver,2025-05-17T19:02:44,2025-01-16T06:38:31,2025-01-16T06:38:31
854,854,device_854_3485,android,en,Asia/Seoul,2024-09-11T21:32:18,2024-03-20T16:22:20,2024-03-20T16:22:20
855,855,device_855_7262,android,zh,America/Toronto,2024-03-18T17:15:40,2024-01-10T12:38:37,2024-01-10T12:38:37
856,856,device_856_3502,ios,zh,America/Toronto,2025-05-16T12:16:58,2025-03-21T21:19:57,2025-03-21T21:19:57
857,857,device_857_9883,android,ja,Asia/Seoul,2025-01-30T07:01:45,2024-08-08T20:28:09,2024-08-08T20:28:09
858,858,device_858_9869,ios,ko,America/Toronto,2025-04-22T09:59:32,2024-12-30T14:11:35,2024-12-30T14:11:35
859,859,device_859_9582,ios,ko,Asia/Seoul,2025-05-20T12:40:17,2025-01-06T19:52:46,2025-01-06T19:52:46
860,860,device_860_3589,ios,zh,America/Toronto,2025-04-14T13:11:41,2024-12-08T02:56:00,2024-12-08T02:56:00
861,861,device_861_6203,android,en,America/Vancouver,2024-12-02T03:29:00,2024-09-21T15:13:08,2024-09-21T15:13:08
862,862,device_862_7783,ios,en,Asia/Seoul,2025-04-30T00:12:41,2024-05-23T04:47:16,2024-05-23T04:47:16
863,863,device_863_3489,android,ja,Asia/Tokyo,2024-09-09T13:39:42,2024-02-09T21:43:53,2024-02-09T21:43:53
864,864,device_864_1429,ios,en,America/Toronto,2024-09-24T20:30:00,2024-07-15T02:32:17,2024-07-15T02:32:17
865,865,device_865_1427,android,ko,America/Toronto,2025-02-19T21:38:49,2025-01-06T01:31:03,2025-01-06T01:31:03
866,866,device_866_9230,android,en,Asia/Tokyo,2024-07-11T18:17:39,2024-03-29T14:44:18,2024-03-29T14:44:18
867,867,device_867_9051,android,ja,America/Toronto,2024-12-17T16:52:22,2024-02-20T18:05:23,2024-02-20T18:05:23
868,868,device_868_4707,android,ko,America/Toronto,2025-01-21T07:02:24,2024-11-07T05:43:41,2024-11-07T05:43:41
869,869,device_869_7767,ios,zh,America/Vancouver,2025-03-10T08:27:10,2025-01-16T22:49:13,2025-01-16T22:49:13
870,870,device_870_3901,ios,ko,America/Toronto,2024-04-18T21:51:43,2024-02-27T12:59:30,2024-02-27T12:59:30
871,871,device_871_5043,android,zh,Asia/Seoul,2025-05-07T14:36:39,2025-03-24T04:27:14,2025-03-24T04:27:14
872,872,device_872_6126,android,zh,America/Vancouver,2025-05-22T08:53:10,2025-05-03T21:43:06,2025-05-03T21:43:06
873,873,device_873_8485,android,en,America/Vancouver,2025-01-27T09:57:30,2024-02-11T15:20:44,2024-02-11T15:20:44
874,874,device_874_7347,ios,ko,Asia/Tokyo,2024-05-28T08:05:58,2024-04-27T20:23:47,2024-04-27T20:23:47
875,875,device_875_7521,ios,ko,Asia/Seoul,2025-04-02T07:07:21,2024-04-25T21:14:40,2024-04-25T21:14:40
876,876,device_876_7921,android,ja,Asia/Tokyo,2025-03-29T08:01:55,2025-03-13T04:05:25,2025-03-13T04:05:25
877,877,device_877_8400,android,en,America/Toronto,2025-02-20T00:46:24,2024-08-23T23:54:16,2024-08-23T23:54:16
878,878,device_878_3216,ios,en,America/Toronto,2025-05-05T13:39:13,2024-03-07T03:53:13,2024-03-07T03:53:13
879,879,device_879_1408,android,zh,Asia/Seoul,2025-01-02T21:10:31,2024-07-11T18:36:53,2024-07-11T18:36:53
880,880,device_880_2477,ios,zh,America/Toronto,2025-03-21T04:00:22,2024-04-02T00:05:49,2024-04-02T00:05:49
881,881,device_881_3024,android,ja,America/Toronto,2025-05-18T05:10:10,2025-03-09T11:14:07,2025-03-09T11:14:07
882,882,device_882_6946,ios,en,Asia/Tokyo,2025-03-22T09:02:14,2024-11-19T06:02:45,2024-11-19T06:02:45
883,883,device_883_7235,ios,zh,America/Toronto,2025-05-04T07:46:21,2025-04-15T22:34:48,2025-04-15T22:34:48
884,884,device_884_3656,ios,ko,Asia/Seoul,2025-04-22T14:20:38,2025-04-08T00:36:35,2025-04-08T00:36:35
885,885,device_885_6047,ios,ko,America/Vancouver,2025-05-15T17:00:06,2025-04-25T08:09:13,2025-04-25T08:09:13
886,886,device_886_3960,android,zh,Asia/Seoul,2025-02-22T14:04:36,2024-06-24T07:06:47,2024-06-24T07:06:47
887,887,device_887_5146,ios,ko,America/Toronto,2025-02-10T13:55:21,2025-02-09T21:27:29,2025-02-09T21:27:29
888,888,device_888_9904,ios,zh,Asia/Tokyo,2025-05-04T02:26:34,2024-10-22T10:45:37,2024-10-22T10:45:37
889,889,device_889_8794,ios,zh,America/Toronto,2025-01-27T00:54:12,2024-12-15T22:11:53,2024-12-15T22:11:53
890,890,device_890_1107,android,zh,Asia/Tokyo,2024-12-25T06:58:16,2024-12-09T20:55:03,2024-12-09T20:55:03
891,891,device_891_4028,ios,ja,America/Toronto,2024-09-06T23:01:12,2024-08-18T23:03:50,2024-08-18T23:03:50
892,892,device_892_3381,ios,en,Asia/Seoul,2025-04-05T16:28:11,2025-04-02T02:54:13,2025-04-02T02:54:13
893,893,device_893_2436,ios,ja,Asia/Seoul,2025-05-26T19:16:15,2024-11-29T01:58:03,2024-11-29T01:58:03
894,894,device_894_3643,ios,en,Asia/Tokyo,2024-11-02T10:05:44,2024-08-25T04:42:01,2024-08-25T04:42:01
895,895,device_895_6901,android,ko,Asia/Tokyo,2025-05-29T10:05:52,2025-03-17T16:01:17,2025-03-17T16:01:17
896,896,device_896_7038,ios,en,Asia/Seoul,2025-05-13T00:54:10,2025-04-27T08:47:18,2025-04-27T08:47:18
897,897,device_897_2063,android,en,Asia/Tokyo,2025-04-19T08:17:56,2024-02-16T18:46:27,2024-02-16T18:46:27
898,898,device_898_5496,android,zh,America/Toronto,2025-04-24T10:30:39,2025-04-18T12:20:37,2025-04-18T12:20:37
899,899,device_899_1953,android,zh,America/Toronto,2024-08-27T10:50:25,2024-03-18T01:50:52,2024-03-18T01:50:52
900,900,device_900_5705,ios,en,Asia/Tokyo,2025-03-18T14:18:26,2024-06-10T09:26:50,2024-06-10T09:26:50
901,901,device_901_6797,android,ja,Asia/Seoul,2025-05-26T08:34:13,2025-04-30T20:26:43,2025-04-30T20:26:43
902,902,device_902_3947,ios,zh,Asia/Tokyo,2024-12-21T04:16:08,2024-06-12T21:47:41,2024-06-12T21:47:41
903,903,device_903_2936,ios,ja,America/Toronto,2024-07-25T04:05:46,2024-07-24T13:21:40,2024-07-24T13:21:40
904,904,device_904_7793,ios,zh,America/Vancouver,2025-05-29T05:28:03,2025-05-27T23:16:22,2025-05-27T23:16:22
905,905,device_905_4478,android,en,Asia/Seoul,2024-11-30T15:23:35,2024-03-04T01:26:38,2024-03-04T01:26:38
906,906,device_906_2111,ios,ko,Asia/Seoul,2024-11-15T14:26:33,2024-05-01T23:45:23,2024-05-01T23:45:23
907,907,device_907_1100,android,ja,Asia/Seoul,2025-04-29T04:40:22,2024-07-05T07:24:39,2024-07-05T07:24:39
908,908,device_908_1477,ios,ja,Asia/Seoul,2024-10-15T19:33:59,2024-05-15T00:07:09,2024-05-15T00:07:09
909,909,device_909_6536,ios,ko,Asia/Seoul,2025-05-24T16:50:05,2025-03-04T17:52:52,2025-03-04T17:52:52
910,910,device_910_8888,android,zh,America/Vancouver,2024-06-12T17:56:47,2024-02-28T07:18:38,2024-02-28T07:18:38
911,911,device_911_7782,ios,zh,Asia/Seoul,2025-04-25T19:02:47,2024-05-01T13:58:46,2024-05-01T13:58:46
912,912,device_912_9779,ios,ja,Asia/Seoul,2025-03-09T07:07:55,2024-01-03T01:52:44,2024-01-03T01:52:44
913,913,device_913_2084,ios,ko,Asia/Seoul,2025-03-30T15:04:07,2024-11-13T07:19:10,2024-11-13T07:19:10
914,914,device_914_7147,ios,ja,America/Vancouver,2025-02-19T18:33:44,2024-12-15T21:59:51,2024-12-15T21:59:51
915,915,device_915_6050,ios,zh,America/Toronto,2025-04-17T13:42:37,2025-04-06T05:26:34,2025-04-06T05:26:34
916,916,device_916_2422,android,en,Asia/Seoul,2025-03-21T08:34:31,2024-12-30T23:48:12,2024-12-30T23:48:12
917,917,device_917_5958,android,ko,Asia/Seoul,2025-02-05T17:32:20,2024-08-14T05:28:00,2024-08-14T05:28:00
918,918,device_918_7131,ios,ja,America/Toronto,2024-04-22T12:35:36,2024-01-26T08:27:03,2024-01-26T08:27:03
919,919,device_919_9290,ios,ko,America/Vancouver,2024-12-18T03:18:14,2024-06-28T19:01:47,2024-06-28T19:01:47
920,920,device_920_6572,ios,zh,America/Toronto,2024-10-24T15:33:55,2024-08-11T18:39:51,2024-08-11T18:39:51
921,921,device_921_2609,android,ja,Asia/Seoul,2024-10-02T05:51:31,2024-08-07T14:15:08,2024-08-07T14:15:08
922,922,device_922_7350,ios,ko,America/Vancouver,2025-03-17T20:34:09,2024-12-18T15:45:26,2024-12-18T15:45:26
923,923,device_923_2426,ios,en,Asia/Seoul,2024-03-30T11:39:52,2024-02-25T06:53:12,2024-02-25T06:53:12
924,924,device_924_9529,android,zh,America/Vancouver,2024-08-09T08:19:22,2024-06-30T07:20:06,2024-06-30T07:20:06
925,925,device_925_4438,android,en,Asia/Seoul,2025-03-29T14:10:37,2024-07-24T11:39:20,2024-07-24T11:39:20
926,926,device_926_5532,android,ko,America/Toronto,2025-05-14T09:48:02,2025-04-30T11:55:32,2025-04-30T11:55:32
927,927,device_927_3446,android,zh,America/Vancouver,2025-04-29T13:48:18,2025-04-03T02:28:29,2025-04-03T02:28:29
928,928,device_928_9422,ios,ja,America/Vancouver,2025-05-28T15:34:00,2025-05-28T13:20:42,2025-05-28T13:20:42
929,929,device_929_6218,ios,ko,Asia/Seoul,2025-01-02T00:04:34,2024-06-02T15:37:02,2024-06-02T15:37:02
930,930,device_930_5011,android,ko,Asia/Seoul,2025-03-17T16:35:06,2024-11-26T05:09:53,2024-11-26T05:09:53
931,931,device_931_9856,ios,en,Asia/Seoul,2024-12-18T06:08:09,2024-03-30T03:35:07,2024-03-30T03:35:07
932,932,device_932_8712,android,en,America/Toronto,2025-03-01T18:56:10,2025-02-26T23:22:42,2025-02-26T23:22:42
933,933,device_933_2410,ios,en,Asia/Tokyo,2024-07-14T12:12:10,2024-06-23T14:45:06,2024-06-23T14:45:06
934,934,device_934_6826,android,zh,America/Toronto,2025-05-28T20:30:16,2025-05-18T00:47:10,2025-05-18T00:47:10
935,935,device_935_8629,android,ja,America/Toronto,2024-06-25T17:33:35,2024-04-25T17:21:49,2024-04-25T17:21:49
936,936,device_936_8464,ios,en,Asia/Tokyo,2024-09-01T02:18:17,2024-07-25T07:44:53,2024-07-25T07:44:53
937,937,device_937_4666,android,zh,Asia/Tokyo,2024-10-17T10:34:10,2024-04-20T11:28:35,2024-04-20T11:28:35
938,938,device_938_4004,ios,ja,Asia/Seoul,2024-12-26T00:01:09,2024-02-25T11:10:33,2024-02-25T11:10:33
939,939,device_939_1495,android,ja,Asia/Tokyo,2025-02-28T23:31:04,2024-02-16T07:44:01,2024-02-16T07:44:01
940,940,device_940_8842,ios,zh,America/Vancouver,2024-09-22T08:41:26,2024-05-08T21:01:29,2024-05-08T21:01:29
941,941,device_941_3087,android,ko,Asia/Seoul,2025-01-09T07:37:52,2024-08-26T22:17:59,2024-08-26T22:17:59
942,942,device_942_2162,ios,zh,America/Vancouver,2025-05-08T19:45:22,2025-04-07T04:25:29,2025-04-07T04:25:29
943,943,device_943_7773,android,zh,Asia/Tokyo,2025-05-14T10:50:12,2025-03-18T02:47:18,2025-03-18T02:47:18
944,944,device_944_7288,ios,ko,America/Toronto,2025-02-15T12:08:55,2024-08-12T04:05:28,2024-08-12T04:05:28
945,945,device_945_8063,ios,ja,America/Toronto,2025-05-14T03:32:08,2024-12-07T02:24:49,2024-12-07T02:24:49
946,946,device_946_2276,android,ja,America/Toronto,2024-08-19T00:40:00,2024-04-06T14:07:12,2024-04-06T14:07:12
947,947,device_947_2599,android,en,Asia/Tokyo,2025-03-03T05:32:06,2024-12-30T01:09:48,2024-12-30T01:09:48
948,948,device_948_2140,android,ko,Asia/Seoul,2025-01-28T18:56:31,2024-08-24T04:40:14,2024-08-24T04:40:14
949,949,device_949_2007,ios,zh,Asia/Seoul,2025-05-19T14:28:01,2024-11-08T15:18:09,2024-11-08T15:18:09
950,950,device_950_1003,ios,ko,America/Toronto,2025-03-13T00:11:08,2024-07-30T11:02:12,2024-07-30T11:02:12
951,951,device_951_5775,ios,ko,Asia/Tokyo,2025-05-06T21:18:32,2025-01-23T17:28:39,2025-01-23T17:28:39
952,952,device_952_6187,android,zh,America/Toronto,2025-04-04T08:26:19,2025-02-23T09:59:09,2025-02-23T09:59:09
953,953,device_953_2462,android,ja,Asia/Tokyo,2025-03-26T09:23:57,2025-01-18T13:00:36,2025-01-18T13:00:36
954,954,device_954_5819,ios,zh,America/Toronto,2025-05-20T13:22:43,2024-12-06T00:25:00,2024-12-06T00:25:00
955,955,device_955_6885,ios,ja,America/Vancouver,2024-03-04T03:15:54,2024-03-03T11:32:41,2024-03-03T11:32:41
956,956,device_956_8073,ios,ja,America/Vancouver,2025-05-02T08:21:46,2025-04-09T12:12:41,2025-04-09T12:12:41
957,957,device_957_7251,android,ja,Asia/Tokyo,2024-12-12T08:03:21,2024-01-31T23:03:31,2024-01-31T23:03:31
958,958,device_958_3278,android,ko,America/Toronto,2025-03-03T18:39:32,2024-12-01T13:35:52,2024-12-01T13:35:52
959,959,device_959_3527,ios,zh,Asia/Seoul,2025-02-16T09:25:35,2024-09-07T08:30:35,2024-09-07T08:30:35
960,960,device_960_2175,android,ko,America/Toronto,2025-04-14T11:33:21,2025-04-13T22:02:16,2025-04-13T22:02:16
961,961,device_961_8155,ios,ko,Asia/Tokyo,2025-03-25T23:31:01,2024-07-13T11:11:45,2024-07-13T11:11:45
962,962,device_962_8471,ios,en,America/Toronto,2024-12-09T02:15:50,2024-01-21T02:09:23,2024-01-21T02:09:23
963,963,device_963_7948,android,ko,Asia/Tokyo,2025-04-11T14:38:19,2024-03-11T22:27:23,2024-03-11T22:27:23
964,964,device_964_4044,android,zh,Asia/Seoul,2024-09-22T11:31:05,2024-06-26T19:27:37,2024-06-26T19:27:37
965,965,device_965_9220,android,en,Asia/Tokyo,2025-04-14T18:09:20,2025-03-22T18:29:18,2025-03-22T18:29:18
966,966,device_966_1620,android,zh,Asia/Seoul,2025-04-04T06:44:10,2025-04-01T00:45:52,2025-04-01T00:45:52
967,967,device_967_8889,android,ja,America/Vancouver,2025-04-11T19:43:01,2024-01-17T02:43:23,2024-01-17T02:43:23
968,968,device_968_9469,ios,ko,Asia/Seoul,2025-01-24T21:34:12,2024-07-28T08:02:58,2024-07-28T08:02:58
969,969,device_969_2279,ios,en,America/Toronto,2025-05-08T10:54:51,2025-03-23T14:01:20,2025-03-23T14:01:20
970,970,device_970_1176,android,en,Asia/Seoul,2025-03-22T19:42:55,2024-02-01T05:58:21,2024-02-01T05:58:21
971,971,device_971_6431,android,zh,Asia/Tokyo,2024-12-24T23:32:09,2024-05-16T01:47:30,2024-05-16T01:47:30
972,972,device_972_3744,android,ja,Asia/Seoul,2025-02-25T14:34:47,2024-12-31T10:46:15,2024-12-31T10:46:15
973,973,device_973_8752,ios,ja,Asia/Seoul,2025-02-19T00:24:52,2025-02-07T02:11:13,2025-02-07T02:11:13
974,974,device_974_1447,ios,en,Asia/Seoul,2025-05-30T20:37:29,2025-05-21T01:01:01,2025-05-21T01:01:01
975,975,device_975_9283,android,zh,America/Vancouver,2025-01-03T02:47:00,2024-12-09T11:45:12,2024-12-09T11:45:12
976,976,device_976_5603,ios,ja,Asia/Seoul,2024-09-24T12:33:53,2024-08-04T01:12:51,2024-08-04T01:12:51
977,977,device_977_2827,android,ja,America/Vancouver,2025-03-04T21:49:24,2024-05-20T23:12:10,2024-05-20T23:12:10
978,978,device_978_3873,ios,ko,Asia/Tokyo,2025-05-05T12:57:14,2025-03-30T15:20:06,2025-03-30T15:20:06
979,979,device_979_9640,android,ko,Asia/Tokyo,2025-01-08T16:07:00,2024-12-04T13:29:06,2024-12-04T13:29:06
980,980,device_980_3376,ios,ja,America/Vancouver,2025-05-31T12:45:51,2025-05-08T01:14:41,2025-05-08T01:14:41
981,981,device_981_4898,ios,zh,Asia/Tokyo,2025-04-01T08:07:14,2025-01-16T22:25:59,2025-01-16T22:25:59
982,982,device_982_1890,android,ko,America/Toronto,2024-12-04T21:33:33,2024-03-11T20:52:54,2024-03-11T20:52:54
983,983,device_983_8602,android,en,America/Vancouver,2025-02-01T14:42:11,2024-12-31T01:37:43,2024-12-31T01:37:43
984,984,device_984_9724,android,zh,Asia/Seoul,2025-03-31T05:35:14,2024-09-27T06:27:51,2024-09-27T06:27:51
985,985,device_985_5302,ios,zh,Asia/Tokyo,2025-05-16T11:39:19,2024-11-13T04:09:36,2024-11-13T04:09:36
986,986,device_986_8353,ios,zh,America/Vancouver,2025-01-06T01:03:25,2024-09-15T21:19:07,2024-09-15T21:19:07
987,987,device_987_9704,android,ja,America/Vancouver,2024-10-14T04:27:38,2024-09-06T08:57:34,2024-09-06T08:57:34
988,988,device_988_5429,android,zh,Asia/Seoul,2024-12-07T10:07:41,2024-03-22T05:52:59,2024-03-22T05:52:59
989,989,device_989_8554,android,en,Asia/Seoul,2025-03-04T17:37:37,2024-05-04T21:59:33,2024-05-04T21:59:33
990,990,device_990_6132,ios,ko,Asia/Seoul,2024-11-22T00:55:50,2024-09-13T03:59:09,2024-09-13T03:59:09
991,991,device_991_7737,ios,en,America/Vancouver,2024-11-20T09:06:32,2024-11-15T17:37:14,2024-11-15T17:37:14
992,992,device_992_4594,ios,en,Asia/Tokyo,2025-03-29T02:23:49,2025-01-19T20:12:43,2025-01-19T20:12:43
993,993,device_993_1388,android,ja,America/Toronto,2024-08-25T02:03:40,2024-08-11T20:46:08,2024-08-11T20:46:08
994,994,device_994_2995,ios,en,America/Toronto,2025-05-31T11:05:53,2025-05-29T15:27:08,2025-05-29T15:27:08
995,995,device_995_4027,ios,en,America/Toronto,2025-04-02T01:09:26,2024-11-07T00:58:15,2024-11-07T00:58:15
996,996,device_996_8650,ios,ko,Asia/Seoul,2025-03-31T20:56:18,2025-03-03T06:32:38,2025-03-03T06:32:38
997,997,device_997_6298,ios,zh,Asia/Seoul,2024-12-26T03:37:52,2024-01-29T12:05:02,2024-01-29T12:05:02
998,998,device_998_2022,android,ko,America/Vancouver,2025-02-11T02:49:21,2024-12-19T06:34:10,2024-12-19T06:34:10
999,999,device_999_5230,android,zh,Asia/Seoul,2024-04-25T01:07:39,2024-03-09T09:33:12,2024-03-09T09:33:12
1000,1000,device_1000_9056,android,ko,Asia/Tokyo,2024-09-28T05:51:55,2024-09-01T07:01:29,2024-09-01T07:01:29
